guest_key,guest_id,full_name,nationality,lifetime_bookings,lifetime_spend,first_stay_date,last_stay_date
33462606499639,33462606499639,,SWE,26,12381.36,2015-09-03,2017-08-25
367498074400560,367498074400560,,MLT,1,149.0,2016-05-23,2016-05-23
2550382528836049,2550382528836049,,HRV,3,1475.2,2016-11-06,2017-05-08
3662561249748501,3662561249748501,,AUS,3,1661.1000000000001,2016-07-06,2016-12-22
4738919840616113,4738919840616113,,BRA,1,274.0,2015-10-17,2015-10-17
4890826837042269,4890826837042269,,PRT,2,222.0,2017-03-07,2017-05-09
8502163542219528,8502163542219528,,GBR,21,3191.07,2017-01-27,2017-03-31
9432848556123910,9432848556123910,,SVN,1,213.0,2016-01-19,2016-01-19
10069253381065949,10069253381065949,,GBR,1,198.0,2017-04-08,2017-04-08
10655955749886320,10655955749886320,,BEL,1,990.0,2016-07-04,2016-07-04
10777999542458815,10777999542458815,,HRV,1,440.0,2016-06-06,2016-06-06
17446339418682378,17446339418682378,,PRT,3,155.0,2016-04-28,2017-03-15
17695008877975218,17695008877975218,,FRA,1,0.0,2016-10-12,2016-10-12
19310969346944012,19310969346944012,,ESP,4,493.0,2015-08-20,2016-05-26
21382989519447312,21382989519447312,,GBR,1,143.2,2015-10-07,2015-10-07
21716011021484340,21716011021484340,,SWE,26,11232.98,2015-09-12,2017-08-31
23871761548815633,23871761548815633,,AUS,1,289.0,2016-02-26,2016-02-26
25275618476176466,25275618476176466,,ESP,1,88.0,2017-02-21,2017-02-21
30757570777101393,30757570777101393,,PRT,1,0.0,2016-02-27,2016-02-27
32955388501663537,32955388501663537,,DEU,1,603.0,2015-10-07,2015-10-07
33632318967968995,33632318967968995,,SWE,1,150.0,2015-08-10,2015-08-10
34105693611092030,34105693611092030,,PRT,1,150.0,2017-05-31,2017-05-31
34348607839468186,34348607839468186,,PRT,1,140.0,2016-11-14,2016-11-14
38220982339502510,38220982339502510,,ESP,1,95.0,2015-10-27,2015-10-27
39310503420181420,39310503420181420,,PRT,10,1532.0,2016-09-24,2017-05-25
41242162411530679,41242162411530679,,ESP,1,130.0,2016-04-09,2016-04-09
41267231849232263,41267231849232263,,PRT,1,0.0,2016-12-12,2016-12-12
42755825948556392,42755825948556392,,ESP,4,532.8,2015-12-05,2015-12-05
43235295580230855,43235295580230855,,IRL,30,11629.69,2015-09-04,2017-08-04
50368613133655361,50368613133655361,,NLD,5,975.0,2016-11-20,2016-11-21
52769585650326165,52769585650326165,,GBR,11,895.9,2016-10-11,2017-03-18
52926793556137356,52926793556137356,,GBR,73,29604.48,2015-10-06,2016-10-14
53253591759457526,53253591759457526,,PRT,6,2144.0,2015-09-12,2016-09-26
58580033589221531,58580033589221531,,IND,1,81.9,2015-11-19,2015-11-19
58744099017342001,58744099017342001,,CYP,1,240.29999999999998,2017-08-01,2017-08-01
59141321614884109,59141321614884109,,PER,12,4754.46,2016-05-24,2017-06-16
60956604571011125,60956604571011125,,ZAF,2,175.26,2016-12-06,2017-04-28
62762891307838199,62762891307838199,,DEU,1,286.79999999999995,2017-07-24,2017-07-24
63377440448233941,63377440448233941,,PRT,1,444.0,2015-09-20,2015-09-20
63864614438593592,63864614438593592,,ITA,1,325.59000000000003,2017-01-10,2017-01-10
64956878097543299,64956878097543299,,GBR,119,57506.06,2016-03-27,2017-08-29
67804422143833493,67804422143833493,,ITA,1,252.0,2017-06-14,2017-06-14
68186249102446946,68186249102446946,,UNK,1,108.0,2016-05-30,2016-05-30
68880430079372090,68880430079372090,,LUX,2,248.0,2016-10-20,2017-03-16
71758759210846191,71758759210846191,,ESP,1,68.8,2016-10-05,2016-10-05
74984843229836902,74984843229836902,,IRN,31,18052.18,2015-09-02,2017-07-31
75777026090401418,75777026090401418,,ESP,3,460.8,2015-11-30,2015-12-06
76630078270491846,76630078270491846,,SWE,24,5769.2,2015-11-16,2017-07-25
78667863757884615,78667863757884615,,PRT,1,332.5,2016-09-26,2016-09-26
79349502441343084,79349502441343084,,FRA,7,2908.39,2015-11-10,2017-04-05
81643591065142094,81643591065142094,,LVA,1,194.0,2015-08-19,2015-08-19
82451033777757755,82451033777757755,,PRT,3,439.0,2017-01-16,2017-05-08
83767105815853815,83767105815853815,,COL,2,726.0,2015-08-13,2015-10-16
84059002978907437,84059002978907437,,DEU,1,174.0,2016-10-06,2016-10-06
86960069466965372,86960069466965372,,NLD,1,750.0,2017-08-20,2017-08-20
90346851652799572,90346851652799572,,SVK,1,525.0,2017-03-20,2017-03-20
90575475408034381,90575475408034381,,GBR,4,643.5,2015-11-20,2015-11-20
96500267249620994,96500267249620994,,JPN,2,351.12,2015-09-19,2015-09-19
99350061495762738,99350061495762738,,BDI,1,92.0,2016-05-10,2016-05-10
101916071463198191,101916071463198191,,CZE,1,360.0,2017-08-21,2017-08-21
102435365076724956,102435365076724956,,IRL,5,1122.72,2015-09-24,2015-09-24
102570452765794730,102570452765794730,,GBR,4,1290.0,2017-04-05,2017-04-06
102917100713576414,102917100713576414,,PRT,1,75.0,2017-06-16,2017-06-16
106583124329192634,106583124329192634,,DNK,1,97.0,2017-03-29,2017-03-29
106683794892014979,106683794892014979,,PRT,3,1040.0,2017-05-14,2017-05-14
109861825740826844,109861825740826844,,PRT,4,420.8,2016-09-13,2017-05-23
110921207668647973,110921207668647973,,CHN,1,30.0,2015-10-05,2015-10-05
114622521505126648,114622521505126648,,GBR,11,4813.9,2015-07-20,2016-09-11
115390980095490579,115390980095490579,,UNK,1,35.0,2015-11-25,2015-11-25
116515192169684995,116515192169684995,,ROU,1,690.41,2015-08-28,2015-08-28
122453793942682154,122453793942682154,,PRT,9,659.0,2015-11-12,2016-12-14
127513382513039404,127513382513039404,,GBR,2,1603.08,2016-09-12,2017-08-10
127602887319238357,127602887319238357,,PRT,5,176.8,2016-03-03,2017-03-09
128297547856169404,128297547856169404,,THA,26,11833.6,2016-02-07,2017-08-14
129232007353637085,129232007353637085,,GBR,1,825.03,2015-12-05,2015-12-05
129422716274293450,129422716274293450,,ESP,1,432.0,2016-09-13,2016-09-13
129433475619836264,129433475619836264,,AUT,1,424.32,2016-05-11,2016-05-11
131521131791298668,131521131791298668,,PRT,1,0.0,2016-05-09,2016-05-09
133378823007809390,133378823007809390,,AUT,6,884.0,2016-04-20,2016-04-20
135069592967121775,135069592967121775,,PRT,15,3415.0,2016-06-06,2016-06-09
137090751664511969,137090751664511969,,CZE,1,1074.97,2015-11-14,2015-11-14
137250497734541111,137250497734541111,,ITA,1,100.0,2015-10-15,2015-10-15
141032544551959713,141032544551959713,,PRT,1,35.0,2017-03-09,2017-03-09
142154244686402196,142154244686402196,,ESP,4,1765.0,2015-07-10,2015-12-06
142461470219204198,142461470219204198,,JAM,1,115.0,2017-04-28,2017-04-28
143409543058588281,143409543058588281,,ITA,1,1671.74,2017-07-13,2017-07-13
146646027576569180,146646027576569180,,RUS,1,255.0,2016-08-19,2016-08-19
146992166601709961,146992166601709961,,PRT,1,196.0,2015-09-22,2015-09-22
147444098222355730,147444098222355730,,GBR,64,12186.99,2016-04-18,2016-10-24
150721181183062217,150721181183062217,,IRL,2,377.64,2015-10-11,2016-06-26
154492639693471295,154492639693471295,,HRV,3,721.4,2016-03-24,2017-04-15
154524778354088143,154524778354088143,,UNK,1,37.0,2015-10-06,2015-10-06
155993893279501798,155993893279501798,,CHE,1,120.0,2017-06-06,2017-06-06
157000349167706327,157000349167706327,,FRA,1,250.0,2016-10-06,2016-10-06
157902606260300489,157902606260300489,,FRA,2,750.0,2017-05-06,2017-06-05
161543289425486675,161543289425486675,,ESP,6,796.0,2016-02-29,2016-07-20
162169736706794774,162169736706794774,,AUS,22,7001.900000000001,2016-02-23,2017-08-20
165766443851661619,165766443851661619,,USA,1,48.0,2017-02-19,2017-02-19
166044027293174652,166044027293174652,,FRA,2,632.6999999999999,2016-09-18,2017-07-03
166725266889186761,166725266889186761,,USA,1,660.0,2016-11-01,2016-11-01
170804762645521761,170804762645521761,,DEU,2,1347.68,2016-05-03,2017-06-10
170854668812991599,170854668812991599,,MEX,1,220.0,2016-05-24,2016-05-24
171301144107060652,171301144107060652,,AGO,1,195.0,2017-01-18,2017-01-18
171395542615174088,171395542615174088,,ESP,2,2697.1000000000004,2017-07-29,2017-07-29
171904971093437046,171904971093437046,,PRT,2,60.6,2016-03-09,2017-02-13
173477263262531194,173477263262531194,,PRT,1,65.0,2017-03-15,2017-03-15
175143902312177385,175143902312177385,,ESP,1,375.0,2017-08-21,2017-08-21
175678143693634075,175678143693634075,,DEU,4,414.55,2015-09-23,2015-09-27
176429376667715691,176429376667715691,,NLD,5,1725.5,2016-04-09,2016-09-03
180136349774210763,180136349774210763,,PRT,4,520.0,2017-01-25,2017-01-26
181202843298993030,181202843298993030,,RUS,1,52.0,2016-10-18,2016-10-18
182172246560800271,182172246560800271,,PRT,1,225.0,2017-08-07,2017-08-07
184477252696063538,184477252696063538,,PRT,10,683.0,2016-06-29,2017-05-31
185401284335744535,185401284335744535,,GEO,1,2371.1800000000003,2017-08-07,2017-08-07
186303697840696135,186303697840696135,,GBR,30,9723.23,2017-05-20,2017-08-26
190907013727234234,190907013727234234,,NGA,1,58.31,2017-01-21,2017-01-21
195493074914194876,195493074914194876,,MCO,1,146.92,2017-02-10,2017-02-10
196769483258934963,196769483258934963,,PRT,1,94.35,2016-03-07,2016-03-07
196915242227070074,196915242227070074,,PRT,236,1369.0,2015-07-04,2017-08-24
196998465615369503,196998465615369503,,IDN,1,165.0,2017-01-16,2017-01-16
197720264817326674,197720264817326674,,ARG,1,220.0,2016-05-24,2016-05-24
199212587210043434,199212587210043434,,ITA,14,4971.49,2015-07-19,2017-07-26
200078038863658689,200078038863658689,,TWN,1,440.0,2017-05-13,2017-05-13
201687255573929214,201687255573929214,,PRT,1,285.6,2016-11-06,2016-11-06
204047233858344361,204047233858344361,,JPN,1,140.8,2017-06-28,2017-06-28
204649528248765458,204649528248765458,,PRT,3,405.0,2016-02-19,2016-02-19
206666000732660990,206666000732660990,,CHE,3,1174.0,2016-03-04,2017-07-16
206831294367723193,206831294367723193,,POL,11,10631.11,2017-05-29,2017-08-24
206839887945878500,206839887945878500,,BEL,3,365.5,2017-06-07,2017-08-01
207178468123624808,207178468123624808,,BLR,1,208.0,2015-12-26,2015-12-26
207395544715310702,207395544715310702,,PRT,3,224.0,2017-02-21,2017-02-21
207846325099259698,207846325099259698,,ALB,2,527.78,2015-12-18,2016-11-30
209844276798174168,209844276798174168,,PRT,1,30.0,2017-01-11,2017-01-11
214034669382113817,214034669382113817,,POL,1,723.2,2015-08-08,2015-08-08
214578417638979848,214578417638979848,,DZA,1,280.0,2015-11-23,2015-11-23
214945394203649344,214945394203649344,,PRT,1,30.0,2016-11-09,2016-11-09
215857019307589308,215857019307589308,,JOR,1,213.0,2016-01-19,2016-01-19
216210401924407980,216210401924407980,,ARG,1,120.0,2017-01-27,2017-01-27
218884168485480329,218884168485480329,,NLD,5,2999.5,2016-04-11,2016-08-10
219305177752128085,219305177752128085,,FRA,1,1479.0,2016-08-21,2016-08-21
219454177312276835,219454177312276835,,UNK,1,224.0,2015-10-22,2015-10-22
224879847291235917,224879847291235917,,BGR,1,267.29999999999995,2017-05-30,2017-05-30
226670082357519249,226670082357519249,,LVA,1,201.6,2016-09-29,2016-09-29
227770316180147816,227770316180147816,,PRT,1,129.0,2017-07-03,2017-07-03
228237994070993358,228237994070993358,,BEL,1,75.0,2015-11-21,2015-11-21
228419472046181261,228419472046181261,,ESP,120,41417.159999999996,2015-08-21,2017-07-24
228628454383857425,228628454383857425,,GBR,1,65.0,2017-02-23,2017-02-23
232430795515963958,232430795515963958,,GBR,356,237672.47,2015-07-02,2017-08-24
233305702091418018,233305702091418018,,NLD,3,4013.95,2015-07-06,2015-08-17
235034579465755794,235034579465755794,,ARE,1,900.0,2016-07-27,2016-07-27
237147191627813373,237147191627813373,,PRT,11,4222.98,2015-09-30,2016-08-26
237426193571411963,237426193571411963,,JPN,1,142.0,2016-01-19,2016-01-19
241752839160540579,241752839160540579,,GBR,3,781.6,2015-09-08,2015-09-20
247696159061221176,247696159061221176,,USA,3,702.09,2015-08-28,2016-08-03
249439617303319892,249439617303319892,,PRT,3,510.0,2015-10-19,2015-10-19
249555941143201916,249555941143201916,,PRT,1,35.0,2017-02-16,2017-02-16
249821563957134775,249821563957134775,,FRA,33,11394.0,2015-12-09,2016-12-05
250838664575006682,250838664575006682,,GBR,5,1984.6999999999998,2015-12-31,2016-05-26
254290139746404067,254290139746404067,,IRL,6,3885.6,2015-09-30,2017-08-26
255328286484071428,255328286484071428,,ITA,1,260.0,2015-10-20,2015-10-20
258418478112109727,258418478112109727,,SGP,2,264.0,2015-12-03,2015-12-03
258570984295796119,258570984295796119,,TUN,1,0.0,2016-10-11,2016-10-11
263135267042501230,263135267042501230,,PRT,1,290.28000000000003,2017-03-20,2017-03-20
264528005909459018,264528005909459018,,PRT,1,64.0,2016-01-25,2016-01-25
265626112459523481,265626112459523481,,PRT,1,42.0,2016-10-25,2016-10-25
267578165438701414,267578165438701414,,USA,1,224.0,2016-09-26,2016-09-26
269833876798362350,269833876798362350,,BEL,99,37593.13,2015-08-02,2017-07-29
271012903922223384,271012903922223384,,ZWE,2,619.2,2017-08-15,2017-08-23
274296934671342347,274296934671342347,,PRT,1,0.0,2017-08-08,2017-08-08
275637003433697681,275637003433697681,,LTU,16,7596.6,2015-09-30,2017-04-16
277825686112372766,277825686112372766,,GBR,1,520.0,2017-05-15,2017-05-15
281041256203375262,281041256203375262,,ESP,10,3047.17,2015-09-01,2015-09-22
281763579940530379,281763579940530379,,PRT,1,0.0,2016-11-12,2016-11-12
281859577719703018,281859577719703018,,FRA,2,1117.6599999999999,2017-07-21,2017-08-05
282506562928026682,282506562928026682,,AUS,3,865.1,2016-05-24,2016-08-30
287645051029614119,287645051029614119,,POL,1,106.65,2016-09-26,2016-09-26
288448546341362086,288448546341362086,,BGD,9,5101.9400000000005,2016-04-16,2017-07-30
292317197122577470,292317197122577470,,IND,6,1205.0,2015-11-23,2015-11-23
293194528944000558,293194528944000558,,FRA,3,1173.5,2017-05-15,2017-06-20
294865440220957517,294865440220957517,,NLD,5,1032.71,2015-11-03,2016-02-28
299259307696268620,299259307696268620,,DZA,1,94.0,2017-06-19,2017-06-19
300249749195356052,300249749195356052,,UNK,7,300.0,2016-01-13,2017-02-22
300648206765042103,300648206765042103,,ITA,1,439.2,2015-08-18,2015-08-18
301841345433493080,301841345433493080,,GBR,1,239.40000000000003,2017-05-07,2017-05-07
304808077174424116,304808077174424116,,PRT,4,5163.64,2017-08-06,2017-08-29
305091857077275883,305091857077275883,,FRA,24,6902.0,2017-02-17,2017-07-28
308120843951549702,308120843951549702,,DOM,1,496.0,2017-04-19,2017-04-19
308602960363498675,308602960363498675,,PRT,3,261.0,2015-10-19,2017-08-03
308740991244702281,308740991244702281,,ITA,1,79.0,2016-02-13,2016-02-13
308857816686147027,308857816686147027,,POL,1,162.0,2016-05-12,2016-05-12
309893700967852471,309893700967852471,,ESP,2,726.3,2015-08-26,2015-09-19
310774456335229035,310774456335229035,,RUS,14,15666.14,2015-07-09,2017-07-17
313692456768354522,313692456768354522,,ESP,82,36837.98,2015-07-01,2017-08-26
314452695898450907,314452695898450907,,FRA,48,26068.01,2015-07-12,2017-08-18
315467230457510447,315467230457510447,,IRN,1,402.01,2017-04-04,2017-04-04
317964220326244814,317964220326244814,,CHN,832,299222.46,2015-08-06,2017-08-31
319266137925282104,319266137925282104,,PRT,2,80.0,2017-03-20,2017-04-03
320272494475170391,320272494475170391,,IRL,1,584.1,2015-09-13,2015-09-13
322424940053092494,322424940053092494,,PRT,1,198.0,2016-09-30,2016-09-30
322434404103430551,322434404103430551,,DEU,1,210.0,2015-11-23,2015-11-23
324760282161562167,324760282161562167,,PRT,2,0.0,2016-10-28,2017-01-21
324959474634054573,324959474634054573,,UNK,2,376.0,2017-01-27,2017-03-04
326672376981755963,326672376981755963,,PRT,5,376.0,2017-01-20,2017-06-12
326981157146563317,326981157146563317,,PRT,57,22256.35,2015-08-01,2017-08-17
330442612422705286,330442612422705286,,SVK,2,360.0,2017-01-25,2017-01-25
335857225573046203,335857225573046203,,DNK,1,128.0,2017-02-07,2017-02-07
336302346342004432,336302346342004432,,IRL,1,864.5,2017-08-24,2017-08-24
340276778477764714,340276778477764714,,ESP,5,2298.76,2016-12-06,2017-08-12
340315048623102389,340315048623102389,,DEU,59,24704.77,2016-01-25,2017-08-20
341876792191766563,341876792191766563,,ESP,2,328.02,2015-12-05,2015-12-05
342807305878418175,342807305878418175,,PRT,2,222.0,2016-12-06,2016-12-08
343591578819407459,343591578819407459,,GBR,22,11476.54,2015-07-05,2015-12-26
343721020406304970,343721020406304970,,PRT,1,40.0,2016-03-20,2016-03-20
346156223784165552,346156223784165552,,ESP,8,1465.0,2016-11-20,2016-11-21
346757155436480064,346757155436480064,,BLR,10,5063.91,2015-09-05,2017-08-31
352774715116723695,352774715116723695,,CHE,1,140.0,2017-06-26,2017-06-26
354772691085137901,354772691085137901,,UNK,1,70.0,2017-03-28,2017-03-28
355982318583054518,355982318583054518,,LTU,1,244.64,2016-02-11,2016-02-11
356462251410075807,356462251410075807,,DNK,1,100.0,2016-11-29,2016-11-29
356723667778671346,356723667778671346,,GBR,300,125633.72,2015-08-28,2017-08-28
356843830666980056,356843830666980056,,JAM,1,352.0,2017-02-13,2017-02-13
357568048274504503,357568048274504503,,MAR,2,1109.2,2016-08-19,2016-09-15
359312139385917983,359312139385917983,,PRT,2,134.0,2015-09-09,2016-05-11
362708114784037905,362708114784037905,,PRT,1,34.4,2016-03-28,2016-03-28
363127707074530193,363127707074530193,,CZE,1,525.0,2015-10-18,2015-10-18
369224330068048064,369224330068048064,,CAF,1,42.0,2017-02-15,2017-02-15
369271642773725124,369271642773725124,,BRA,1,158.0,2015-12-17,2015-12-17
369782364915907652,369782364915907652,,HUN,2,465.15,2015-09-28,2016-10-21
370380597699428162,370380597699428162,,PRT,1,1194.2,2016-06-22,2016-06-22
370825072955483751,370825072955483751,,PRT,436,223387.8,2015-07-01,2017-08-31
372492335762839079,372492335762839079,,ESP,1,206.0,2017-03-28,2017-03-28
374233381762555876,374233381762555876,,ESP,2,0.0,2017-07-27,2017-08-30
375778148886045510,375778148886045510,,CHN,2,297.65999999999997,2017-05-26,2017-08-30
377614747616311574,377614747616311574,,PRT,7,893.0,2015-12-03,2016-04-15
377874499402044529,377874499402044529,,PRT,1,35.0,2017-03-15,2017-03-15
381567248296246502,381567248296246502,,CHE,1,300.0,2015-11-23,2015-11-23
381836542660833341,381836542660833341,,USA,2,629.0,2016-03-20,2017-08-19
383804757680797225,383804757680797225,,PRT,5,295.0,2016-02-01,2017-01-09
384556331171986523,384556331171986523,,ESP,1,166.5,2017-08-30,2017-08-30
385834828891315385,385834828891315385,,FIN,1,58.0,2016-03-04,2016-03-04
386610334004437577,386610334004437577,,PRT,7,1527.0,2017-05-28,2017-07-25
387214729918603423,387214729918603423,,GBR,2,331.0,2015-08-16,2016-02-01
388409322533167324,388409322533167324,,BEL,8,1986.0,2016-03-31,2016-10-13
389561201112364746,389561201112364746,,PRT,7,6735.54,2015-07-07,2016-10-15
390275344355293146,390275344355293146,,AUT,1,25.0,2016-03-13,2016-03-13
390715941569776456,390715941569776456,,PRT,1,110.0,2016-05-03,2016-05-03
392635851934062092,392635851934062092,,DEU,8,3725.9799999999996,2016-03-12,2017-08-10
396235084794107540,396235084794107540,,ESP,1,300.0,2015-11-10,2015-11-10
396516345381605226,396516345381605226,,PRT,3,476.5,2016-02-06,2016-03-12
403175984377219518,403175984377219518,,GBR,36,27315.73,2015-07-07,2017-06-27
403654920615370880,403654920615370880,,UNK,3,275.0,2017-02-15,2017-04-17
405844165528256824,405844165528256824,,BGR,39,16779.61,2015-08-06,2017-08-27
410720091854282132,410720091854282132,,BEL,1,123.0,2015-10-05,2015-10-05
411294349146216278,411294349146216278,,IRN,1,133.2,2016-01-07,2016-01-07
413292723334850203,413292723334850203,,PRT,1,48.0,2015-10-09,2015-10-09
414641775166810400,414641775166810400,,PRT,1,0.0,2016-06-29,2016-06-29
416447074287559627,416447074287559627,,SWE,1,279.96,2016-02-08,2016-02-08
416861195508029875,416861195508029875,,PRT,6,294.0,2015-10-19,2016-12-21
418498714492702195,418498714492702195,,PRT,2,92.5,2016-05-16,2016-11-02
418666023274928089,418666023274928089,,IND,12,3834.5,2015-09-22,2017-06-08
418971349843873949,418971349843873949,,ZAF,1,280.0,2015-11-23,2015-11-23
420848041378573755,420848041378573755,,PRT,1,0.0,2016-02-27,2016-02-27
422382543563130092,422382543563130092,,PRT,38,0.0,2015-09-20,2017-07-05
422639124544781612,422639124544781612,,PRT,1,420.0,2016-07-11,2016-07-11
422908539765099832,422908539765099832,,PRT,1,295.2,2016-07-15,2016-07-15
424833650769376670,424833650769376670,,ITA,38,11439.9,2015-09-30,2016-09-28
424908961398682956,424908961398682956,,TUR,1,150.0,2016-11-21,2016-11-21
426205088055271835,426205088055271835,,AGO,2,855.0,2016-11-14,2016-11-14
428193990107284831,428193990107284831,,BEL,3,305.0,2017-04-26,2017-06-27
429200126961148405,429200126961148405,,PRT,2,54.0,2016-11-16,2017-04-03
429558231520115128,429558231520115128,,ROU,197,89847.5,2015-07-28,2017-08-29
430591491363245428,430591491363245428,,GBR,1,400.0,2016-11-18,2016-11-18
430948566511053356,430948566511053356,,SRB,1,280.0,2017-05-09,2017-05-09
431138486631624396,431138486631624396,,PRT,2,99.0,2015-08-11,2015-08-11
432048230803590769,432048230803590769,,ARG,1,308.84,2015-10-31,2015-10-31
432255802152556814,432255802152556814,,ESP,1,390.0,2017-05-16,2017-05-16
432553826972020293,432553826972020293,,AUS,1,195.2,2016-08-12,2016-08-12
433832423685023565,433832423685023565,,JPN,2,412.25,2016-09-06,2016-09-27
440029755852434795,440029755852434795,,PRT,7,1791.1,2015-10-07,2016-09-08
440346751041399164,440346751041399164,,ISR,2,765.3,2016-09-28,2016-09-28
440461008574457929,440461008574457929,,COL,4,1124.8,2016-03-13,2017-06-15
442393863239459298,442393863239459298,,SWE,1,30.67,2016-03-28,2016-03-28
443593478970796035,443593478970796035,,GBR,3,179.91,2016-11-07,2017-03-06
445544101267642392,445544101267642392,,DEU,1,259.65,2016-03-09,2016-03-09
446534066689587029,446534066689587029,,PRT,4,548.0,2016-09-28,2016-09-28
446630065159171149,446630065159171149,,LTU,5,5878.25,2016-11-02,2017-07-11
447343195204308750,447343195204308750,,PRT,9,7478.38,2016-07-25,2017-08-27
448226436749307510,448226436749307510,,BRA,2,258.0,2017-01-09,2017-03-29
450479325235870001,450479325235870001,,MAR,1,669.0,2016-04-18,2016-04-18
451217971577949095,451217971577949095,,PRT,2,0.0,2016-11-07,2016-11-07
451925641137171600,451925641137171600,,KAZ,1,173.0,2017-07-03,2017-07-03
454172821945373176,454172821945373176,,ESP,2,178.0,2016-10-03,2016-10-03
455470019203009820,455470019203009820,,CHE,1,711.5500000000001,2015-08-22,2015-08-22
455677867299801595,455677867299801595,,GBR,6,1110.05,2015-09-17,2015-10-15
457089596596526409,457089596596526409,,DEU,24,7758.200000000001,2015-09-05,2017-05-14
459424126304773301,459424126304773301,,ESP,2,607.0,2017-03-13,2017-03-14
460193656158572115,460193656158572115,,DEU,1,338.01,2017-05-17,2017-05-17
460877164740810273,460877164740810273,,OMN,1,237.16,2015-10-03,2015-10-03
463072574041245250,463072574041245250,,PRT,27,19060.41,2015-07-02,2017-07-17
468462775794218431,468462775794218431,,FRA,2,241.0,2016-09-04,2016-11-04
468713315685830690,468713315685830690,,PRI,1,58.0,2015-10-24,2015-10-24
469599514306439504,469599514306439504,,AUS,13,4801.71,2015-09-16,2017-08-19
471904620940300584,471904620940300584,,ITA,2,640.0,2017-04-05,2017-04-05
472212829748791106,472212829748791106,,ESP,1,552.0,2016-08-21,2016-08-21
473112941120651431,473112941120651431,,SGP,1,225.0,2015-11-23,2015-11-23
473236369613439189,473236369613439189,,BRA,1,352.0,2016-09-30,2016-09-30
475844162570014094,475844162570014094,,PRT,63,5072.3,2015-07-08,2017-08-02
477215350096082605,477215350096082605,,USA,1,142.2,2017-08-16,2017-08-16
480091894712296150,480091894712296150,,KOR,1,268.6,2016-02-11,2016-02-11
481559488479092168,481559488479092168,,PRT,244,92070.58,2015-07-06,2017-08-28
482127773273539621,482127773273539621,,RUS,1,241.99,2016-02-24,2016-02-24
483406771635414095,483406771635414095,,TUR,4,1050.0,2015-10-06,2015-10-06
484759462569271772,484759462569271772,,MOZ,6,1935.02,2015-08-10,2017-07-15
486754148591160554,486754148591160554,,PRT,61,41803.58,2015-07-06,2017-08-30
491121172794367760,491121172794367760,,FRA,1,78.0,2017-03-15,2017-03-15
491944146012985895,491944146012985895,,ALB,1,150.0,2016-11-21,2016-11-21
492965769462799928,492965769462799928,,PRT,4,180.0,2015-11-04,2017-06-01
496857871149897828,496857871149897828,,LTU,2,1283.31,2017-07-02,2017-08-22
498373635004516403,498373635004516403,,IRL,1,338.01,2017-07-26,2017-07-26
503573525123142566,503573525123142566,,DEU,3,430.0,2017-04-26,2017-06-27
503803621800067671,503803621800067671,,PRT,7,772.0,2016-02-01,2017-07-02
504786836450259983,504786836450259983,,ESP,1,50.0,2016-10-20,2016-10-20
504974391717823014,504974391717823014,,USA,2,313.2,2016-08-29,2016-10-16
508274070405444459,508274070405444459,,PRT,2,204.0,2016-05-08,2016-05-08
510051602509743124,510051602509743124,,LTU,2,528.21,2015-10-19,2016-11-11
511941229424508571,511941229424508571,,GBR,8,5960.43,2015-07-17,2015-09-30
512291167179825802,512291167179825802,,PRT,25,8378.25,2015-10-26,2015-11-13
517230178021141764,517230178021141764,,PRT,2,279.0,2016-07-14,2016-07-18
517965573187943854,517965573187943854,,PRT,1,587.5,2017-06-19,2017-06-19
518091647717151746,518091647717151746,,PRT,1,126.0,2016-10-29,2016-10-29
518858748614607007,518858748614607007,,PRT,1,535.5,2015-08-13,2015-08-13
521313510339924663,521313510339924663,,PRT,1,0.0,2015-10-26,2015-10-26
521626492434094295,521626492434094295,,SWE,1,834.75,2015-08-15,2015-08-15
522935712020271130,522935712020271130,,GBR,2,611.04,2015-12-28,2015-12-28
525088880568437562,525088880568437562,,ESP,2,260.0,2017-05-08,2017-05-10
530322969548989540,530322969548989540,,PRT,12,3496.5099999999998,2015-07-20,2015-10-19
530568337937305801,530568337937305801,,PRT,4,477.99,2017-03-26,2017-03-27
531236243854403107,531236243854403107,,SVN,1,113.39999999999999,2016-11-11,2016-11-11
531358091683381845,531358091683381845,,ISR,1,267.29999999999995,2017-05-17,2017-05-17
531520221317245079,531520221317245079,,NLD,1,190.0,2015-10-14,2015-10-14
532287343605080959,532287343605080959,,ITA,1,220.0,2016-05-24,2016-05-24
536034059711727060,536034059711727060,,ROU,1,78.0,2017-01-12,2017-01-12
537585737378998111,537585737378998111,,PRT,4,2742.36,2016-02-25,2016-08-27
539286610718708068,539286610718708068,,FRA,1,863.46,2015-11-12,2015-11-12
542386197055767816,542386197055767816,,USA,3,262.6,2016-09-10,2017-03-10
542759978234372993,542759978234372993,,CYP,9,5475.0,2017-01-15,2017-01-18
543707039175554070,543707039175554070,,PRT,1,137.6,2016-02-29,2016-02-29
549612811987201532,549612811987201532,,UNK,2,77.0,2015-11-10,2016-10-18
549765816141252318,549765816141252318,,BEL,1,325.0,2015-10-18,2015-10-18
550682660786627856,550682660786627856,,GBR,10,1691.0,2015-10-18,2016-10-20
551797473745373429,551797473745373429,,PRT,1,633.99,2015-09-14,2015-09-14
552589822698089040,552589822698089040,,DEU,4,1550.0,2015-09-26,2016-02-06
553445510965200935,553445510965200935,,SWE,1,1179.0,2017-04-20,2017-04-20
553543661569491252,553543661569491252,,RUS,1,66.4,2016-05-09,2016-05-09
554843643816978711,554843643816978711,,PRT,9,2310.0,2015-10-06,2015-10-06
555067550052070176,555067550052070176,,FRA,1,264.6,2015-09-03,2015-09-03
556788698830578742,556788698830578742,,GBR,3,3396.9,2015-07-10,2015-07-25
557134719780434436,557134719780434436,,DEU,6,1738.0,2016-06-06,2016-06-06
557848664008270815,557848664008270815,,GBR,2,198.0,2015-12-25,2016-03-18
560289262324494296,560289262324494296,,PRT,10,866.5,2016-01-26,2017-02-20
560813313246239683,560813313246239683,,USA,4,1092.74,2016-03-07,2017-04-22
562485787002275832,562485787002275832,,SVK,1,1270.0,2016-09-05,2016-09-05
563412037775563264,563412037775563264,,DEU,1,130.0,2015-10-20,2015-10-20
566876968052906326,566876968052906326,,UNK,2,84.0,2016-10-25,2016-10-25
571863655538563705,571863655538563705,,PRT,2,240.0,2015-11-12,2015-11-12
573583834360347979,573583834360347979,,JPN,2,722.4000000000001,2017-01-27,2017-08-14
573619557312950803,573619557312950803,,PRT,2,70.0,2017-02-15,2017-03-14
574672462662139252,574672462662139252,,PRT,1,225.0,2016-11-16,2016-11-16
578755699058860223,578755699058860223,,BRA,1,59.0,2016-01-25,2016-01-25
582868649640040070,582868649640040070,,ESP,3,8.0,2015-12-22,2017-03-20
583347246769093002,583347246769093002,,UNK,4,148.0,2015-10-28,2016-12-12
583868833551305596,583868833551305596,,PRT,13,5891.2,2015-07-26,2016-09-28
586876198244204047,586876198244204047,,GBR,1,76.0,2016-05-15,2016-05-15
588475756725649080,588475756725649080,,ESP,4,1643.3,2015-08-25,2015-09-09
589052773379192419,589052773379192419,,CZE,1,180.0,2015-10-19,2015-10-19
590633025231596501,590633025231596501,,RWA,1,300.24,2016-10-31,2016-10-31
591972633458957108,591972633458957108,,PRT,10,9363.89,2016-09-05,2017-08-27
596271303673607794,596271303673607794,,KIR,1,432.0,2017-06-08,2017-06-08
596483066833598055,596483066833598055,,PRT,17,6741.56,2015-07-22,2017-08-28
596810407119331673,596810407119331673,,POL,3,270.0,2016-11-28,2016-11-28
599936050487608272,599936050487608272,,PRT,2,0.0,2016-11-07,2017-06-28
600509520412034282,600509520412034282,,LVA,2,1710.5,2015-09-18,2017-05-20
602029822405409324,602029822405409324,,NLD,4,4484.2,2017-02-22,2017-03-14
606712715663269135,606712715663269135,,PRT,5,231.0,2015-10-28,2016-11-28
607738372749841597,607738372749841597,,ESP,6,737.14,2017-02-24,2017-06-10
608496750184138531,608496750184138531,,BRA,11,3209.6,2016-03-01,2017-08-01
609192099109811216,609192099109811216,,CHE,3,703.6,2016-06-06,2017-08-25
609868167157518152,609868167157518152,,PRT,1,30.0,2016-01-20,2016-01-20
611388677803431452,611388677803431452,,DNK,1,285.0,2015-10-14,2015-10-14
611986060238455229,611986060238455229,,CYP,1,188.0,2016-09-24,2016-09-24
612483804979988565,612483804979988565,,ISR,2,237.5,2015-08-31,2016-06-05
613703561570291771,613703561570291771,,PRT,2,969.0,2016-04-09,2016-04-27
618673476894087202,618673476894087202,,PRT,4,398.0,2017-07-06,2017-07-06
618841478533000408,618841478533000408,,ESP,1,252.0,2016-03-24,2016-03-24
619476292225872315,619476292225872315,,SRB,1,246.0,2016-10-21,2016-10-21
620161002516846550,620161002516846550,,ARG,24,10362.3,2015-07-02,2017-07-04
622212001087460840,622212001087460840,,TWN,1,654.52,2016-11-08,2016-11-08
625733461863913088,625733461863913088,,RUS,107,86225.43,2015-07-19,2017-08-31
627145012817671005,627145012817671005,,AUS,1,200.0,2017-04-03,2017-04-03
627640797423915558,627640797423915558,,FRA,42,12969.27,2015-12-27,2017-08-23
627904673643329067,627904673643329067,,DEU,321,164708.51,2015-07-11,2017-08-31
629560443926043888,629560443926043888,,IRL,1,195.0,2017-03-14,2017-03-14
630174585620971575,630174585620971575,,LUX,7,5258.32,2015-10-21,2017-08-08
630698414940524523,630698414940524523,,PRT,9,3268.0,2016-03-26,2017-05-18
631696213579212541,631696213579212541,,GBR,2,2674.0,2017-06-29,2017-08-27
632139286159077166,632139286159077166,,ESP,3,1664.4,2015-07-12,2015-08-27
636889873440863948,636889873440863948,,PRT,1,178.0,2017-04-08,2017-04-08
640056101585152028,640056101585152028,,BRA,2,948.0,2016-09-10,2016-09-10
640584908181113136,640584908181113136,,HUN,2,986.56,2016-06-01,2017-03-13
641965043788385625,641965043788385625,,CHN,5,1140.04,2016-02-08,2016-09-18
642461715930196004,642461715930196004,,DEU,11,6235.47,2015-10-07,2016-06-19
642845670015189880,642845670015189880,,GEO,6,7285.0,2016-07-19,2017-08-06
644915021328798473,644915021328798473,,BEL,1,200.0,2015-12-05,2015-12-05
647664227765393219,647664227765393219,,GBR,1,135.0,2016-11-18,2016-11-18
649200935495108058,649200935495108058,,CHN,7,3270.9900000000002,2015-09-21,2017-08-30
650084307099066247,650084307099066247,,LTU,1,70.0,2016-01-09,2016-01-09
650998347765545899,650998347765545899,,PRT,1,108.0,2016-05-30,2016-05-30
651835155965458535,651835155965458535,,PRT,1,34.0,2017-03-10,2017-03-10
652447543585866777,652447543585866777,,GBR,1,130.9,2015-09-21,2015-09-21
654999923802596692,654999923802596692,,LUX,1,294.75,2015-09-01,2015-09-01
656416110905437781,656416110905437781,,BRA,1,330.0,2017-05-14,2017-05-14
656611593280412806,656611593280412806,,ESP,5,3005.55,2015-07-12,2016-02-26
658882586176974748,658882586176974748,,BEL,2,676.7099999999999,2015-12-05,2017-08-01
659523992165190008,659523992165190008,,PRT,60,31626.66,2015-07-11,2017-08-19
659539500806818528,659539500806818528,,BEL,14,5714.95,2016-01-24,2017-08-04
660455606579535996,660455606579535996,,PRT,1,440.0,2015-10-19,2015-10-19
661120548160214481,661120548160214481,,GBR,42,14104.51,2015-12-03,2017-06-03
662109895392821642,662109895392821642,,CHE,1,200.48000000000002,2016-12-22,2016-12-22
662957989913532501,662957989913532501,,BEL,5,1382.98,2015-10-04,2016-09-21
663286675861017325,663286675861017325,,CHN,5,6251.0,2017-03-01,2017-03-16
666168621617242213,666168621617242213,,CHN,3,336.0,2016-08-30,2016-08-30
666942949463708256,666942949463708256,,PRT,1,72.0,2016-12-13,2016-12-13
668199902936389031,668199902936389031,,BRA,1,564.62,2017-04-23,2017-04-23
670115996914005100,670115996914005100,,PRT,25,2558.0,2015-10-26,2017-06-05
670446421375121846,670446421375121846,,ROU,1,304.0,2016-02-27,2016-02-27
670593873404075762,670593873404075762,,CPV,3,280.0,2015-10-30,2017-02-14
670614301334885899,670614301334885899,,NLD,1,72.0,2017-01-16,2017-01-16
672365450942519393,672365450942519393,,NLD,2,720.8199999999999,2015-10-15,2015-10-16
676280831002634890,676280831002634890,,GBR,2,345.51,2016-09-20,2017-06-06
677819640151065911,677819640151065911,,GBR,32,11602.46,2015-10-01,2017-08-31
678081578955243493,678081578955243493,,PRT,1,45.0,2017-04-18,2017-04-18
680198917001058035,680198917001058035,,PRT,13,1570.5,2015-10-06,2016-10-21
682311256907355383,682311256907355383,,ESP,1,95.0,2015-10-14,2015-10-14
682433574185339197,682433574185339197,,GBR,11,2368.35,2016-03-09,2016-03-09
682460153268311111,682460153268311111,,PRT,7,1440.0,2017-02-06,2017-02-06
683809278262087319,683809278262087319,,PRT,8,911.0,2015-11-26,2016-07-26
683987062677020613,683987062677020613,,ARG,1,314.4,2015-09-07,2015-09-07
693187653473694502,693187653473694502,,UNK,1,0.0,2016-02-15,2016-02-15
696945746882484417,696945746882484417,,CYP,1,371.9,2017-01-22,2017-01-22
697161500380242253,697161500380242253,,DEU,16,3909.8,2016-10-02,2017-05-26
700002332566002130,700002332566002130,,PRT,1,43.2,2015-11-13,2015-11-13
700510579387085748,700510579387085748,,FRA,4,1681.3,2016-04-12,2016-10-24
700561060630409080,700561060630409080,,ARM,1,263.0,2016-03-07,2016-03-07
703356737158805158,703356737158805158,,FRA,2,529.2,2017-04-01,2017-04-01
703610326283841736,703610326283841736,,GBR,1,1612.24,2017-01-10,2017-01-10
704659395818892468,704659395818892468,,PRT,8,1452.75,2015-07-19,2017-05-23
707340800568043732,707340800568043732,,NLD,1,385.0,2016-05-14,2016-05-14
707378095487977641,707378095487977641,,TUN,1,155.0,2016-04-30,2016-04-30
708020798116011981,708020798116011981,,PRT,5,736.0,2015-09-05,2016-02-07
708043714668339835,708043714668339835,,BGR,1,266.4,2016-06-20,2016-06-20
708541247486013180,708541247486013180,,TUN,1,171.0,2016-10-07,2016-10-07
708644476723076697,708644476723076697,,CHE,1,299.2,2016-03-18,2016-03-18
709611653092334603,709611653092334603,,PRT,1,45.0,2017-05-31,2017-05-31
715068004088415811,715068004088415811,,ISL,1,855.0,2017-05-11,2017-05-11
716168965257226338,716168965257226338,,ISL,3,1400.0,2017-04-19,2017-04-19
717061819476290097,717061819476290097,,IRL,202,129565.33,2015-07-08,2017-08-31
717842497406082598,717842497406082598,,ZAF,2,383.6,2017-07-20,2017-07-20
719147809301970570,719147809301970570,,PRT,1,126.0,2016-05-09,2016-05-09
719170417441230803,719170417441230803,,PRT,4,843.0,2016-10-19,2017-06-10
722186448237243586,722186448237243586,,DEU,1,0.0,2017-06-08,2017-06-08
722524521458790235,722524521458790235,,PRT,3,395.0,2016-10-13,2017-03-16
723762003903857165,723762003903857165,,UNK,4,295.0,2016-06-30,2017-03-21
724956063675242589,724956063675242589,,UZB,2,969.89,2016-04-22,2017-01-05
725491825752547106,725491825752547106,,SGP,1,384.0,2016-07-30,2016-07-30
726420025923654900,726420025923654900,,NGA,2,625.25,2016-02-10,2017-05-02
727683585905147449,727683585905147449,,ESP,1,0.0,2016-11-18,2016-11-18
728583081719813799,728583081719813799,,AUT,1,595.0,2016-05-05,2016-05-05
728839660058271232,728839660058271232,,FIN,1,422.09999999999997,2015-11-07,2015-11-07
728929875946943233,728929875946943233,,PRT,3,309.6,2015-08-11,2015-08-11
731752677639505339,731752677639505339,,GBR,3,780.0,2016-05-17,2016-05-17
735072092702576575,735072092702576575,,GBR,5,1717.8,2015-09-20,2016-03-17
735592578924809284,735592578924809284,,COL,1,101.6,2016-01-03,2016-01-03
735671511370250274,735671511370250274,,DNK,3,429.0,2017-02-17,2017-02-17
736943431796773026,736943431796773026,,ITA,1,290.0,2015-12-25,2015-12-25
738793636660091410,738793636660091410,,PRT,1,35.0,2017-03-06,2017-03-06
738825133309438925,738825133309438925,,FRA,1,396.0,2017-02-21,2017-02-21
738953304254573315,738953304254573315,,UNK,1,115.5,2017-02-22,2017-02-22
739337267171246634,739337267171246634,,ITA,40,16193.3,2015-08-06,2016-02-29
739724019769132340,739724019769132340,,IRN,1,535.17,2017-08-16,2017-08-16
742363744424311316,742363744424311316,,PRT,3,575.7,2015-08-06,2016-03-12
743095814542553634,743095814542553634,,ESP,1,476.0,2016-08-24,2016-08-24
743227386223879048,743227386223879048,,PRT,2,179.0,2015-11-11,2015-11-12
750026340247787452,750026340247787452,,NOR,2,1514.8,2016-01-20,2016-07-07
750301675693911593,750301675693911593,,FIN,3,776.48,2017-06-06,2017-08-23
752530925491936800,752530925491936800,,PRT,1,35.0,2017-01-12,2017-01-12
755262060491378928,755262060491378928,,DEU,5,1757.0,2015-09-15,2016-07-19
755663437468538258,755663437468538258,,BRA,1,400.83000000000004,2016-10-10,2016-10-10
756306082992577496,756306082992577496,,UNK,1,48.0,2017-01-21,2017-01-21
758950396580187421,758950396580187421,,PRT,2,70.0,2017-03-08,2017-03-30
759140755119194699,759140755119194699,,PRT,1,220.0,2016-01-13,2016-01-13
759686229533721360,759686229533721360,,IRL,4,1984.78,2015-07-02,2016-10-23
759816970412177205,759816970412177205,,AGO,10,8831.47,2016-05-26,2017-08-23
759978546081005501,759978546081005501,,PRT,8,1297.96,2015-07-15,2015-07-15
762528147549878252,762528147549878252,,IRL,1,670.0,2017-06-30,2017-06-30
762562527534506353,762562527534506353,,GBR,85,22480.92,2017-04-03,2017-05-25
764522124992371140,764522124992371140,,ITA,1,330.0,2016-09-08,2016-09-08
768463506993064546,768463506993064546,,SWE,2,392.0,2017-01-05,2017-07-04
770289565968031108,770289565968031108,,CHE,6,1660.75,2016-02-25,2016-11-02
770935069550778188,770935069550778188,,ARG,1,228.48,2016-05-16,2016-05-16
771424403117766618,771424403117766618,,IND,1,536.0,2016-10-19,2016-10-19
777377320621883871,777377320621883871,,FRA,5,636.0,2015-09-09,2016-11-15
777886268351246198,777886268351246198,,ITA,1,660.0,2015-10-05,2015-10-05
778084047435725616,778084047435725616,,RUS,1,170.0,2017-04-27,2017-04-27
778377490367541440,778377490367541440,,PRT,4,1080.0,2016-11-29,2016-11-29
779928869360906535,779928869360906535,,ROU,7,1813.54,2015-08-17,2016-01-18
780140533345260257,780140533345260257,,PRT,1,145.0,2015-09-15,2015-09-15
782315810075182108,782315810075182108,,GBR,2,155.0,2016-02-15,2017-01-30
782912384129496415,782912384129496415,,FRA,1,79.0,2016-11-29,2016-11-29
783634898538645725,783634898538645725,,GBR,1,516.6,2017-02-05,2017-02-05
784607464019954743,784607464019954743,,PRT,82,52659.81,2015-07-01,2017-08-09
786771610928357388,786771610928357388,,HUN,2,420.0,2015-11-23,2015-11-23
788439299549851189,788439299549851189,,DEU,10,624.8,2015-10-08,2016-10-09
790132362216477976,790132362216477976,,PRT,74,19649.72,2015-10-01,2016-12-24
790644601654407595,790644601654407595,,POL,7,2505.45,2015-09-18,2017-06-03
794823523235480855,794823523235480855,,ARE,2,2435.98,2016-09-09,2017-06-01
795271730595099859,795271730595099859,,PRT,1,103.8,2016-10-19,2016-10-19
795309014886240962,795309014886240962,,ESP,1,116.0,2016-03-19,2016-03-19
796458210521727043,796458210521727043,,ITA,1,260.0,2016-05-17,2016-05-17
796987383065977496,796987383065977496,,PRT,3,372.6,2016-05-10,2016-08-21
798741212504201758,798741212504201758,,CZE,3,960.0,2015-11-04,2015-11-14
810841238552299618,810841238552299618,,NOR,2,1180.97,2016-09-05,2016-09-05
812260736106156978,812260736106156978,,PRT,10,2564.0,2016-01-04,2016-01-06
813383469149495110,813383469149495110,,FRA,1,874.7199999999999,2017-05-07,2017-05-07
813828973868971236,813828973868971236,,BEL,1,418.03999999999996,2015-09-14,2015-09-14
814097394054340761,814097394054340761,,FIN,1,220.0,2017-06-19,2017-06-19
814309959954409799,814309959954409799,,DNK,3,285.0,2017-06-07,2017-06-07
815080109396775795,815080109396775795,,PRT,4,776.0,2015-12-05,2016-12-03
816738257892143803,816738257892143803,,SUR,2,534.0,2016-02-18,2016-09-18
817349076492295639,817349076492295639,,AUT,11,5272.77,2015-09-03,2016-11-08
819844764963835910,819844764963835910,,SDN,1,297.0,2017-06-11,2017-06-11
825400598233666788,825400598233666788,,CHN,8,1580.0,2015-09-14,2016-10-06
827800832726227494,827800832726227494,,PRT,1,52.8,2016-11-20,2016-11-20
828229746921961467,828229746921961467,,FRA,22,4260.0,2015-09-09,2015-09-11
828900536938952765,828900536938952765,,PRT,2,229.5,2017-06-14,2017-06-14
830200171066546153,830200171066546153,,RUS,1,428.0,2015-07-28,2015-07-28
830401781357749999,830401781357749999,,PRT,3,168.0,2016-05-18,2016-06-02
834928793654545403,834928793654545403,,PRT,1,45.0,2016-01-29,2016-01-29
836006057519887178,836006057519887178,,ITA,1,202.5,2015-11-26,2015-11-26
836691242016019687,836691242016019687,,CHN,14,7314.6,2016-05-19,2016-09-21
840292593645809289,840292593645809289,,AUT,56,20450.5,2015-09-01,2017-08-13
841532030016734122,841532030016734122,,PRT,3,882.4,2017-01-25,2017-08-16
845419758815228619,845419758815228619,,HRV,7,2862.98,2015-07-30,2017-08-27
846244462388304700,846244462388304700,,GGY,1,353.70000000000005,2016-07-02,2016-07-02
846289262120932378,846289262120932378,,CHE,1,375.0,2017-05-15,2017-05-15
846824361515142581,846824361515142581,,KEN,1,332.01,2017-04-14,2017-04-14
848435030385194547,848435030385194547,,IRL,1,340.0,2015-09-27,2015-09-27
850649740544332875,850649740544332875,,EST,2,820.0,2016-04-04,2016-04-23
851036923235965376,851036923235965376,,PRT,2,363.0,2015-08-12,2015-08-16
851923193058319399,851923193058319399,,SRB,2,890.0,2017-04-04,2017-05-09
854155967991879209,854155967991879209,,ESP,2,106.0,2015-08-10,2015-10-12
857180761686586828,857180761686586828,,BRA,1020,456263.43,2015-08-10,2017-08-31
859513307063472867,859513307063472867,,PRT,5,1439.0,2015-07-16,2016-12-13
860525098388195052,860525098388195052,,PRT,1,75.0,2016-06-06,2016-06-06
861304020320703810,861304020320703810,,PRT,1,0.0,2016-09-26,2016-09-26
861400840746103813,861400840746103813,,PRT,20,7753.969999999999,2015-07-08,2016-05-17
862315927491142545,862315927491142545,,GRC,2,1900.0,2016-04-11,2016-04-19
863291793294905563,863291793294905563,,ARG,4,1103.56,2016-04-09,2017-01-18
864940343241130822,864940343241130822,,ESP,4,653.0,2015-10-19,2016-10-10
866180417149281182,866180417149281182,,SWE,7,1662.6599999999999,2015-07-29,2016-07-13
868497471224519690,868497471224519690,,TWN,1,679.98,2016-11-05,2016-11-05
868552438655757116,868552438655757116,,PRT,6,229.0,2016-01-15,2017-01-25
869417736221538532,869417736221538532,,PRT,2,108.0,2016-12-21,2016-12-27
869879109150367293,869879109150367293,,PRT,1,77.0,2016-12-12,2016-12-12
869931589093430733,869931589093430733,,PRT,9,953.0,2016-07-08,2017-05-29
874800402304039053,874800402304039053,,HUN,4,1577.4,2015-09-12,2015-10-22
877937195871465099,877937195871465099,,SWE,1,495.0,2016-01-13,2016-01-13
880243556863862985,880243556863862985,,PRT,1,255.99,2016-04-22,2016-04-22
880258431535367690,880258431535367690,,ESP,1,2516.7999999999997,2016-08-21,2016-08-21
883828407501804492,883828407501804492,,FRA,106,27259.8,2015-07-09,2017-07-16
887529921924656578,887529921924656578,,FRA,14,4362.52,2016-03-09,2017-04-29
888479079179327274,888479079179327274,,PAK,2,1112.0,2017-05-30,2017-06-10
889766080889519213,889766080889519213,,GBR,7,356.0,2016-10-09,2016-10-09
889975723499862070,889975723499862070,,ESP,2,58.0,2016-03-19,2016-12-01
890892807254402030,890892807254402030,,MAR,13,2908.05,2015-08-10,2017-08-07
894376740583414395,894376740583414395,,PRT,2,312.0,2017-02-15,2017-02-15
894905278444815823,894905278444815823,,PRT,11,2152.0,2017-04-05,2017-05-25
896905686092381116,896905686092381116,,PRT,48,36338.96,2016-03-26,2017-08-21
898359852681512385,898359852681512385,,ITA,1,440.0,2016-10-08,2016-10-08
899279947708534111,899279947708534111,,PRT,60,4491.5,2015-07-09,2017-08-23
900493209126736302,900493209126736302,,ESP,1,360.0,2015-09-19,2015-09-19
900524529221566304,900524529221566304,,CYP,2,54.0,2016-01-26,2016-12-05
900907347062142522,900907347062142522,,USA,1,96.3,2015-10-09,2015-10-09
901006062995281551,901006062995281551,,PRT,67,6716.0,2015-11-19,2016-11-17
903393465224818771,903393465224818771,,AUT,6,807.0,2016-10-30,2017-07-10
904712802872502096,904712802872502096,,USA,1,291.2,2017-03-21,2017-03-21
906213267763101086,906213267763101086,,NLD,10,2767.4700000000003,2015-08-25,2016-04-29
906274783854065392,906274783854065392,,MEX,1,330.0,2017-05-14,2017-05-14
906509434219044312,906509434219044312,,PRT,1,0.0,2015-10-08,2015-10-08
906954980461328601,906954980461328601,,MUS,1,365.6,2017-02-07,2017-02-07
907112876119419015,907112876119419015,,ESP,3,922.5,2015-08-10,2016-01-08
907283211379751651,907283211379751651,,SVN,2,740.86,2015-09-25,2016-12-07
907698886890338220,907698886890338220,,PRT,34,8979.8,2015-09-30,2016-09-28
909387195113668149,909387195113668149,,BRA,1,466.79999999999995,2016-08-26,2016-08-26
911390382740166086,911390382740166086,,FRA,5,1659.6,2016-10-05,2017-06-21
914448917264722338,914448917264722338,,HRV,3,525.0,2016-11-21,2016-11-21
915235106892347056,915235106892347056,,FRA,4,801.0,2016-05-26,2017-08-02
918696713790132729,918696713790132729,,CHN,10,3218.5,2015-09-17,2017-08-20
919541725937701948,919541725937701948,,SWE,17,6643.82,2015-08-24,2016-03-25
919561123190837610,919561123190837610,,PRT,14,5402.39,2017-01-22,2017-04-23
920422192185391275,920422192185391275,,DEU,18,12051.01,2017-04-08,2017-04-17
921668854941698053,921668854941698053,,GRC,1,280.0,2015-11-23,2015-11-23
922057619173553810,922057619173553810,,PRT,1,63.0,2017-03-21,2017-03-21
922515373117284852,922515373117284852,,PRT,1,39.0,2016-02-01,2016-02-01
926648074652594511,926648074652594511,,PRT,1,175.0,2016-11-13,2016-11-13
927199949343444637,927199949343444637,,MKD,6,1350.0,2016-11-21,2016-11-21
929980432595383483,929980432595383483,,PRT,1,0.0,2016-03-18,2016-03-18
930492450984829718,930492450984829718,,ESP,1,140.0,2017-01-10,2017-01-10
933125419355042752,933125419355042752,,PRT,1,204.0,2015-09-24,2015-09-24
933760158632491435,933760158632491435,,DNK,1,216.0,2016-12-01,2016-12-01
935897378419687913,935897378419687913,,NGA,1,196.0,2015-11-19,2015-11-19
937624622578057749,937624622578057749,,UNK,45,16273.18,2015-07-01,2017-04-13
937676778396487192,937676778396487192,,GBR,13,10058.86,2015-07-01,2015-10-21
939076222682075566,939076222682075566,,POL,18,6822.72,2015-08-05,2015-12-04
939464580087977763,939464580087977763,,IRL,1,0.0,2017-04-18,2017-04-18
939845191482907650,939845191482907650,,PRT,2,360.0,2016-08-25,2016-08-25
941915297071238238,941915297071238238,,ESP,1,39.0,2016-01-19,2016-01-19
942013990860084988,942013990860084988,,LBY,1,90.0,2016-03-03,2016-03-03
942587538027672910,942587538027672910,,ESP,3,1295.2,2017-06-30,2017-07-26
944043393020367305,944043393020367305,,DEU,1,112.88,2016-09-05,2016-09-05
945936955783684593,945936955783684593,,DEU,9,4081.95,2016-03-28,2017-07-04
949621776159258508,949621776159258508,,TUN,23,11458.7,2015-09-05,2017-06-12
950277146482844316,950277146482844316,,FIN,4,1835.5700000000002,2015-10-13,2015-10-24
951480964702928318,951480964702928318,,ESP,1,0.0,2015-10-23,2015-10-23
952304059005215068,952304059005215068,,NOR,2,598.88,2016-11-26,2017-06-20
952797274548686009,952797274548686009,,GNB,2,1595.2,2016-03-02,2016-03-07
954511814997292617,954511814997292617,,ESP,4,722.25,2015-09-02,2016-07-13
960256590020091591,960256590020091591,,PRT,10,2998.8,2015-09-01,2015-09-26
961273275865870867,961273275865870867,,PRT,2,630.0,2017-06-02,2017-06-02
962286493166601456,962286493166601456,,ESP,2,151.2,2016-07-26,2016-12-14
964383880554620688,964383880554620688,,ESP,1920,1014980.71,2015-07-02,2017-08-31
965268824333054581,965268824333054581,,RUS,1,290.0,2015-10-01,2015-10-01
967993075783604588,967993075783604588,,PRT,83,26493.73,2015-07-10,2017-08-31
969303056100759690,969303056100759690,,GBR,2,175.0,2017-03-07,2017-04-27
969562191345423366,969562191345423366,,ESP,1,77.0,2016-11-28,2016-11-28
970018224468426308,970018224468426308,,DNK,1,384.0,2016-02-03,2016-02-03
976440169514659584,976440169514659584,,MAR,1,89.0,2016-04-16,2016-04-16
981090230825829577,981090230825829577,,PRT,25,4548.0,2017-04-04,2017-08-29
981762660038841365,981762660038841365,,BEL,3,2769.9,2016-04-15,2017-05-17
983190799810761506,983190799810761506,,PRT,1,72.0,2017-04-20,2017-04-20
985260533728867961,985260533728867961,,PRT,7,1526.0,2015-10-23,2016-04-22
986843032417248887,986843032417248887,,PRT,6,1470.0,2017-05-08,2017-05-11
987592154911835670,987592154911835670,,BRA,2,164.0,2016-03-06,2016-03-06
988737035403633276,988737035403633276,,TWN,3,1524.35,2015-09-02,2016-11-06
991236251620622790,991236251620622790,,PRT,66,40079.76,2015-08-04,2017-08-26
992263136678435867,992263136678435867,,GBR,20,6896.25,2016-06-19,2017-08-21
993304290375279185,993304290375279185,,PRT,19,17074.36,2015-09-15,2017-08-27
994367050971811588,994367050971811588,,PRT,8,984.0,2017-02-17,2017-02-18
1001801457415317021,1001801457415317021,,PRY,1,89.0,2017-08-13,2017-08-13
1002376680926053165,1002376680926053165,,PRT,1,215.0,2017-05-18,2017-05-18
1005426031704294221,1005426031704294221,,FIN,1,160.0,2017-02-27,2017-02-27
1005530051511584020,1005530051511584020,,DEU,1,479.01000000000005,2015-10-07,2015-10-07
1006011500969461240,1006011500969461240,,CHN,13,6178.19,2015-10-10,2017-08-27
1006601746132618690,1006601746132618690,,USA,1,532.41,2015-08-25,2015-08-25
1007714340614230597,1007714340614230597,,CHN,1,364.0,2016-03-02,2016-03-02
1018047360457647312,1018047360457647312,,COM,1,259.0,2017-08-16,2017-08-16
1023525318413227381,1023525318413227381,,JPN,7,2048.93,2015-09-22,2016-01-02
1023568549404125516,1023568549404125516,,URY,1,116.0,2017-03-11,2017-03-11
1026132087520413419,1026132087520413419,,PRT,2,3542.0,2015-08-09,2015-08-09
1027212278184074544,1027212278184074544,,BEL,1,375.0,2016-11-29,2016-11-29
1031211804119031316,1031211804119031316,,FIN,1,510.0,2016-09-04,2016-09-04
1033349412892984391,1033349412892984391,,PRT,1,120.0,2015-11-27,2015-11-27
1035791689976779734,1035791689976779734,,ESP,1,42.0,2016-04-10,2016-04-10
1036373855586902833,1036373855586902833,,ARG,85,33346.72,2016-02-03,2017-08-09
1037691782246843572,1037691782246843572,,CHL,4,1662.0,2016-07-06,2017-02-23
1038119227214925607,1038119227214925607,,PRT,1,37.8,2016-11-29,2016-11-29
1038311204775394462,1038311204775394462,,PRT,2,110.0,2016-12-21,2017-01-23
1038649102578074185,1038649102578074185,,ESP,3,440.0,2016-04-04,2016-09-12
1039435584401821641,1039435584401821641,,PRT,2,79.0,2016-12-14,2017-01-09
1043759237849862735,1043759237849862735,,RUS,1,195.0,2017-01-18,2017-01-18
1047776344128613343,1047776344128613343,,GBR,4,522.0,2016-05-16,2017-08-06
1048986487761410507,1048986487761410507,,IDN,1,286.65000000000003,2017-04-29,2017-04-29
1049837552312938425,1049837552312938425,,NZL,6,1962.25,2016-03-25,2017-08-17
1049966382850094343,1049966382850094343,,CHE,3,1100.49,2017-06-15,2017-07-07
1054650113028056134,1054650113028056134,,NOR,21,16968.97,2015-07-20,2017-08-17
1056788882136762261,1056788882136762261,,UZB,1,138.5,2017-06-08,2017-06-08
1057459779080602245,1057459779080602245,,DEU,1,240.0,2016-03-30,2016-03-30
1058800233702827705,1058800233702827705,,MAC,8,3177.42,2016-07-22,2017-06-27
1059786355052814452,1059786355052814452,,BEL,1,242.0,2016-05-31,2016-05-31
1061746607269740204,1061746607269740204,,PRT,2,158.5,2016-01-30,2016-12-23
1063140258355343497,1063140258355343497,,CHE,1,2489.2000000000003,2017-06-10,2017-06-10
1064636558123240011,1064636558123240011,,BHS,1,355.95,2017-04-29,2017-04-29
1064939868805974480,1064939868805974480,,PRT,2,392.0,2015-09-10,2016-03-20
1065500363708193023,1065500363708193023,,NLD,1,183.2,2015-09-07,2015-09-07
1066180926755412643,1066180926755412643,,PRT,5,186.0,2015-10-21,2017-03-21
1067100794584014777,1067100794584014777,,PRT,1,45.0,2016-04-26,2016-04-26
1067573728243603781,1067573728243603781,,FRA,4,1374.0,2016-01-15,2017-07-20
1072092934549313229,1072092934549313229,,PRT,1,79.0,2016-01-25,2016-01-25
1073843184891607160,1073843184891607160,,CHN,27,10268.03,2015-07-26,2017-08-01
1074045541797862181,1074045541797862181,,PRT,1,63.0,2017-03-21,2017-03-21
1074634805413224862,1074634805413224862,,CIV,1,90.0,2016-03-22,2016-03-22
1077722397582135788,1077722397582135788,,PRT,3,724.0,2016-03-21,2016-09-11
1078278095791164146,1078278095791164146,,FRA,4,317.34000000000003,2015-07-01,2016-05-04
1079127803325021328,1079127803325021328,,EGY,2,639.0,2016-01-17,2016-01-17
1079369536898455640,1079369536898455640,,AUS,1,304.0,2017-08-13,2017-08-13
1080741959258753262,1080741959258753262,,PRT,2,975.0,2016-11-02,2016-11-02
1081137049916759468,1081137049916759468,,BEL,47,17208.76,2015-08-04,2016-08-20
1081838996119071290,1081838996119071290,,ROU,1,665.0,2016-09-20,2016-09-20
1082105438709928731,1082105438709928731,,FRA,1,240.0,2016-05-04,2016-05-04
1083449307210109318,1083449307210109318,,BEL,29,18937.88,2015-10-29,2017-07-28
1087306122756467691,1087306122756467691,,PRT,1,119.7,2017-07-11,2017-07-11
1088312457367561196,1088312457367561196,,GBR,5,850.0,2015-11-27,2016-04-12
1088369084121205385,1088369084121205385,,PRT,2,70.0,2017-03-16,2017-03-16
1094746665538534534,1094746665538534534,,PRT,2,200.6,2015-08-30,2016-09-22
1097811382224685348,1097811382224685348,,IRL,24,14077.01,2015-11-16,2017-07-20
1100892982504160607,1100892982504160607,,IRN,2,1326.01,2016-07-13,2017-06-16
1101469818874436450,1101469818874436450,,CIV,1,272.0,2016-11-16,2016-11-16
1102327873419217631,1102327873419217631,,SVN,1,210.0,2015-11-23,2015-11-23
1105409160270052491,1105409160270052491,,LVA,1,311.5,2015-10-02,2015-10-02
1105827100393588149,1105827100393588149,,CHN,1,574.92,2015-09-25,2015-09-25
1108791549646285856,1108791549646285856,,GBR,1,1187.2,2017-06-22,2017-06-22
1109420596349320805,1109420596349320805,,GBR,1,585.97,2017-03-12,2017-03-12
1111449997774764994,1111449997774764994,,BRA,2,346.4,2015-10-10,2016-10-07
1113870339506398949,1113870339506398949,,KOR,7,1451.68,2016-02-01,2017-04-29
1117756559857362286,1117756559857362286,,IRL,1,514.29,2016-09-17,2016-09-17
1117987788775892840,1117987788775892840,,BLR,1,383.01,2016-09-11,2016-09-11
1121219157260577173,1121219157260577173,,CHN,4,810.0,2017-05-29,2017-07-30
1121949865122297310,1121949865122297310,,AUT,1,334.56,2016-05-10,2016-05-10
1122092936858233634,1122092936858233634,,FRA,3,304.0,2015-09-11,2015-11-03
1127901134241830202,1127901134241830202,,MAR,1,115.0,2016-09-23,2016-09-23
1129019671432717938,1129019671432717938,,PRT,8,1061.6,2016-02-01,2017-06-12
1130899506996461782,1130899506996461782,,GRC,1,70.0,2015-08-11,2015-08-11
1132410085089421264,1132410085089421264,,PRT,1,47.5,2016-11-20,2016-11-20
1136631594641288571,1136631594641288571,,TUR,1,260.0,2017-05-09,2017-05-09
1137127822422562649,1137127822422562649,,AUT,2,360.0,2017-06-28,2017-06-30
1141818653707648427,1141818653707648427,,FRA,7,1077.5,2016-06-16,2017-06-26
1147660015041917292,1147660015041917292,,PRT,9,1035.0,2015-10-13,2015-12-11
1149687439513414329,1149687439513414329,,IRL,3,1738.3899999999999,2016-05-24,2016-07-10
1150022137223232346,1150022137223232346,,PER,2,324.0,2016-01-08,2016-03-24
1155762419450898713,1155762419450898713,,PRT,2,159.0,2015-09-16,2016-08-12
1156975882696886926,1156975882696886926,,JEY,4,1220.97,2016-09-18,2017-06-26
1157877878157400583,1157877878157400583,,UNK,1,6.0,2016-04-10,2016-04-10
1158008869132539276,1158008869132539276,,ITA,13,2653.1,2016-11-07,2017-06-25
1158124512540311219,1158124512540311219,,GBR,1,285.0,2016-06-04,2016-06-04
1158634937567171050,1158634937567171050,,PRT,64,23210.2,2015-07-15,2017-08-19
1158973633847161388,1158973633847161388,,DEU,2,285.0,2017-08-28,2017-08-29
1164893411196815488,1164893411196815488,,RUS,1,330.0,2017-05-02,2017-05-02
1166593541027144839,1166593541027144839,,AGO,1,196.0,2017-02-10,2017-02-10
1167655057611034442,1167655057611034442,,ECU,8,4850.5,2016-12-13,2017-08-18
1171417590729465051,1171417590729465051,,PRT,1,3162.0,2016-11-14,2016-11-14
1171611305127152925,1171611305127152925,,MEX,2,251.58999999999997,2015-10-06,2016-04-21
1172187829125551117,1172187829125551117,,ROU,13,6505.03,2015-11-10,2017-08-13
1173560073061208624,1173560073061208624,,PRT,1,48.38,2017-05-15,2017-05-15
1174902726220699704,1174902726220699704,,SVK,7,5114.5599999999995,2016-12-15,2017-08-28
1176120657121987382,1176120657121987382,,FRA,11,1202.43,2016-02-12,2017-08-19
1177559727023056165,1177559727023056165,,ITA,5,2170.0,2017-08-19,2017-08-22
1179491542053463370,1179491542053463370,,PRT,21,19207.43,2015-07-05,2015-09-05
1181371792682237965,1181371792682237965,,ITA,12,5066.7,2016-04-19,2017-07-03
1182498837101478081,1182498837101478081,,PRT,3,1155.0,2017-04-03,2017-06-23
1182609658215996495,1182609658215996495,,UNK,1,58.0,2016-02-09,2016-02-09
1182976073009926066,1182976073009926066,,GBR,1,46.0,2016-10-23,2016-10-23
1183116739073781572,1183116739073781572,,BEL,3,1165.75,2016-10-01,2017-07-26
1186385629680047879,1186385629680047879,,CHE,1,285.6,2016-04-17,2016-04-17
1186925703184591214,1186925703184591214,,PRT,1,360.0,2016-11-07,2016-11-07
1187663547474559453,1187663547474559453,,NLD,2,480.0,2016-10-09,2016-10-10
1188594903089195965,1188594903089195965,,PRT,6,327.0,2016-04-19,2016-04-19
1190824867510410473,1190824867510410473,,PRT,5,1134.58,2017-02-20,2017-08-31
1194076224176585385,1194076224176585385,,MEX,4,941.51,2016-11-10,2017-06-10
1205711136014819211,1205711136014819211,,DEU,8,1895.0,2016-09-28,2017-06-22
1210271024039598491,1210271024039598491,,MEX,1,342.0,2015-09-19,2015-09-19
1214441126663877231,1214441126663877231,,URY,1,361.79999999999995,2017-04-03,2017-04-03
1214585644140804124,1214585644140804124,,IRL,13,3922.68,2015-08-05,2017-07-07
1215525025712895150,1215525025712895150,,POL,2,471.36,2016-04-19,2016-04-19
1216588709975070322,1216588709975070322,,GBR,96,73086.43,2015-09-08,2017-08-31
1217342679820078684,1217342679820078684,,USA,1,318.0,2017-08-12,2017-08-12
1217690754877521074,1217690754877521074,,ZAF,1,186.0,2016-07-21,2016-07-21
1218909588751921010,1218909588751921010,,PRT,9,4417.56,2016-11-04,2017-08-19
1220413806719168861,1220413806719168861,,FRA,1,280.0,2016-05-17,2016-05-17
1222775037872528718,1222775037872528718,,PRT,3,304.0,2015-11-25,2016-04-12
1223426547591547987,1223426547591547987,,ESP,22,10371.79,2016-03-07,2017-08-09
1223594648597805920,1223594648597805920,,ESP,27,13082.44,2016-03-28,2017-08-26
1225252204088521935,1225252204088521935,,BRA,5,668.0799999999999,2016-11-11,2017-07-18
1225785948095252048,1225785948095252048,,PRT,6,1416.0,2016-01-18,2017-03-29
1228087437429418309,1228087437429418309,,FRA,1,120.0,2017-02-17,2017-02-17
1229340733925566683,1229340733925566683,,FIN,1,770.4,2015-07-13,2015-07-13
1231700434897369046,1231700434897369046,,DZA,1,671.86,2017-01-26,2017-01-26
1238052568762003896,1238052568762003896,,LUX,48,43778.22,2015-07-18,2017-08-14
1238846276964274234,1238846276964274234,,CHE,1,204.0,2016-12-08,2016-12-08
1241184508766312631,1241184508766312631,,FIN,1,105.0,2016-02-15,2016-02-15
1242406903027139708,1242406903027139708,,PRT,2,691.9,2016-06-15,2016-06-19
1243425610476643123,1243425610476643123,,PRT,45,12171.6,2017-02-13,2017-08-27
1246277777449574823,1246277777449574823,,IRL,6,3353.82,2016-09-26,2017-06-20
1247104079970546690,1247104079970546690,,PRT,18,12959.36,2015-07-18,2016-08-27
1254392776816348908,1254392776816348908,,NLD,4,3768.6000000000004,2016-08-04,2016-10-23
1256019959815804609,1256019959815804609,,IRL,1,94.0,2016-12-07,2016-12-07
1257540929292461879,1257540929292461879,,ZMB,1,214.2,2016-04-04,2016-04-04
1258855613756696049,1258855613756696049,,PRT,1,80.0,2015-10-12,2015-10-12
1258863584568797092,1258863584568797092,,PRT,6,1400.0,2017-03-11,2017-03-19
1266061735355625133,1266061735355625133,,FIN,2,476.0,2016-11-27,2017-03-23
1267205594760880825,1267205594760880825,,PRT,4,608.0,2016-10-06,2017-05-04
1267673789445729836,1267673789445729836,,GBR,7,606.0,2016-09-14,2016-09-18
1269377845132307900,1269377845132307900,,IRL,1,225.0,2017-07-17,2017-07-17
1272072947493451979,1272072947493451979,,IRL,1,182.0,2016-10-04,2016-10-04
1275091348136695011,1275091348136695011,,PRT,2,162.0,2016-05-02,2016-05-02
1277237044440847055,1277237044440847055,,PRT,353,72985.31,2015-07-02,2017-08-26
1279736885882188452,1279736885882188452,,IRL,15,10447.17,2015-08-30,2017-07-03
1283802803393178445,1283802803393178445,,CZE,6,1740.0,2016-08-25,2016-08-25
1286740283504656730,1286740283504656730,,PRT,4,603.0,2016-03-05,2016-09-01
1287233785475739609,1287233785475739609,,GBR,104,50350.13,2015-10-06,2017-01-07
1288208931026670036,1288208931026670036,,DEU,3,1000.8000000000001,2017-04-11,2017-04-18
1288336879741815428,1288336879741815428,,PRT,4,1675.4,2016-08-02,2017-05-19
1288945249211615265,1288945249211615265,,BEL,1,320.96,2016-06-11,2016-06-11
1289486397541660597,1289486397541660597,,PRT,1,300.0,2016-05-31,2016-05-31
1290153774464275461,1290153774464275461,,GRC,1,303.0,2016-05-08,2016-05-08
1292938758334470338,1292938758334470338,,UNK,1,0.0,2016-11-17,2016-11-17
1293135237386004308,1293135237386004308,,MDV,4,1342.8,2016-10-30,2017-04-14
1293750572961715616,1293750572961715616,,DZA,1,190.0,2016-10-21,2016-10-21
1295239680576358519,1295239680576358519,,PRT,6,422.0,2015-08-20,2017-03-15
1296267172402806962,1296267172402806962,,DEU,65,22860.36,2015-08-17,2016-09-01
1299651698960656355,1299651698960656355,,PRT,1,0.0,2015-10-12,2015-10-12
1300660362210585898,1300660362210585898,,PRT,1,26.0,2016-05-17,2016-05-17
1301839525045860385,1301839525045860385,,FRA,6,1968.0,2015-12-31,2016-12-30
1302543017187901196,1302543017187901196,,PRT,8,248.0,2016-03-17,2017-03-13
1303577125136812674,1303577125136812674,,PRT,1,630.0,2016-03-20,2016-03-20
1305359184554650475,1305359184554650475,,PRT,1,0.0,2017-02-27,2017-02-27
1305700341954711644,1305700341954711644,,GBR,1,675.0,2017-06-19,2017-06-19
1309467198569663770,1309467198569663770,,PRT,12,1646.0,2015-10-08,2015-10-09
1309720828322541823,1309720828322541823,,GBR,20,4988.0,2016-10-05,2016-10-09
1310751158711971143,1310751158711971143,,PRT,7,895.0,2017-06-26,2017-06-28
1311195035668973202,1311195035668973202,,ISR,1,340.0,2016-09-27,2016-09-27
1311861014883462561,1311861014883462561,,ESP,1,79.0,2015-11-16,2015-11-16
1312326716020444291,1312326716020444291,,SVK,25,9092.4,2015-09-24,2017-07-09
1313395356443368185,1313395356443368185,,GBR,22,13043.14,2015-12-24,2017-07-25
1314315023656641279,1314315023656641279,,PRT,2,105.0,2017-02-20,2017-04-24
1314848804914790399,1314848804914790399,,CHN,1,108.0,2016-09-12,2016-09-12
1315461665009292470,1315461665009292470,,EGY,1,245.78,2016-08-27,2016-08-27
1323134793066053984,1323134793066053984,,FRA,1,1820.0,2015-11-07,2015-11-07
1323353253113277893,1323353253113277893,,OMN,3,914.0,2016-01-25,2017-06-08
1324499752581640084,1324499752581640084,,PRT,5,1651.0,2015-12-30,2016-12-30
1325707578705103906,1325707578705103906,,BRA,5,692.1999999999999,2015-12-24,2017-07-30
1326738916886510728,1326738916886510728,,GBR,1,648.0,2016-08-25,2016-08-25
1326853263518363236,1326853263518363236,,PRT,2,1193.4499999999998,2015-07-22,2015-09-01
1326983397881391025,1326983397881391025,,CHN,5,625.3,2016-01-08,2017-03-12
1327708014823308315,1327708014823308315,,PRT,1,172.0,2016-04-12,2016-04-12
1328022985194436815,1328022985194436815,,PRT,1,77.0,2017-07-14,2017-07-14
1329618616856244164,1329618616856244164,,CHE,1,0.0,2016-11-18,2016-11-18
1331362338727123480,1331362338727123480,,GBR,3,918.5699999999999,2016-01-09,2016-02-14
1332119361485281804,1332119361485281804,,AUT,4,1603.0,2016-05-07,2016-05-07
1332453166298212413,1332453166298212413,,MAR,4,1292.25,2016-01-25,2016-08-10
1336149031387113271,1336149031387113271,,LTU,1,248.0,2015-09-19,2015-09-19
1336627071312084660,1336627071312084660,,PRT,4,1681.4,2015-08-27,2017-06-03
1341864966869536475,1341864966869536475,,NLD,2,579.6,2016-04-29,2016-04-29
1341991970618692951,1341991970618692951,,PRT,1,39.0,2016-01-27,2016-01-27
1343475824211107338,1343475824211107338,,PRT,1,111.0,2015-09-30,2015-09-30
1347257940063715828,1347257940063715828,,DEU,4,721.0,2015-09-30,2017-06-11
1348361104005700497,1348361104005700497,,ITA,2,405.0,2016-03-25,2016-03-25
1350219100621895851,1350219100621895851,,ITA,1,80.0,2017-03-15,2017-03-15
1351584740028425296,1351584740028425296,,UMI,1,600.0,2017-05-15,2017-05-15
1352749966136304540,1352749966136304540,,CHN,1,159.3,2016-08-28,2016-08-28
1353598123733131267,1353598123733131267,,AUT,3,820.0,2017-03-07,2017-03-19
1359881909972911099,1359881909972911099,,PRT,3,295.0,2015-07-14,2017-02-21
1360745183479050128,1360745183479050128,,BRA,1,112.32,2017-01-06,2017-01-06
1361933621310089706,1361933621310089706,,PRT,1,168.0,2016-04-01,2016-04-01
1362046894141663051,1362046894141663051,,IRL,1,80.0,2017-01-03,2017-01-03
1363670022944624468,1363670022944624468,,DEU,2,470.4,2016-03-16,2016-03-16
1364660164825540945,1364660164825540945,,NOR,1,360.0,2017-05-02,2017-05-02
1365360709900353504,1365360709900353504,,PRT,1,1040.0,2017-03-16,2017-03-16
1367645958477706362,1367645958477706362,,NLD,1,287.1,2016-12-05,2016-12-05
1369422430917136444,1369422430917136444,,PRT,1,76.0,2016-11-28,2016-11-28
1370074728875794213,1370074728875794213,,PRT,2,894.0,2015-08-29,2015-09-06
1372296776605009933,1372296776605009933,,PRT,1,0.0,2016-12-21,2016-12-21
1372575156048696402,1372575156048696402,,AUT,1,324.36,2015-09-06,2015-09-06
1377005940395349462,1377005940395349462,,AUS,1,50.0,2016-02-09,2016-02-09
1377706600347128906,1377706600347128906,,FRA,3,1169.96,2016-10-30,2017-06-18
1379774726157411396,1379774726157411396,,PRT,8,1146.0,2017-02-02,2017-02-03
1381845826015576483,1381845826015576483,,PRT,2,98.56,2017-02-09,2017-05-17
1382332761066312086,1382332761066312086,,PRT,1,70.0,2016-05-16,2016-05-16
1382964858004639395,1382964858004639395,,PRT,2,248.6,2015-10-02,2017-03-11
1386317813495908832,1386317813495908832,,ESP,1,94.0,2017-05-30,2017-05-30
1387223079114432244,1387223079114432244,,PRT,5,0.0,2016-01-27,2016-12-10
1391475916959894415,1391475916959894415,,IRL,1,391.98,2016-09-29,2016-09-29
1392055611292623386,1392055611292623386,,PRT,17,1437.5,2016-06-20,2017-06-07
1393723708233916808,1393723708233916808,,CHE,1,260.0,2016-05-17,2016-05-17
1395258477336264846,1395258477336264846,,PRT,2,584.1,2015-07-08,2016-07-11
1405314270550616410,1405314270550616410,,IRL,1,560.0,2017-04-23,2017-04-23
1406911027261795732,1406911027261795732,,CHN,20,10471.84,2015-09-12,2016-09-26
1407253278183545728,1407253278183545728,,TZA,1,0.0,2016-03-14,2016-03-14
1408088822369592175,1408088822369592175,,FRA,1,563.0,2016-09-08,2016-09-08
1408766219962246418,1408766219962246418,,ESP,2,158.0,2015-11-26,2016-03-21
1408808839365802385,1408808839365802385,,PRT,3,610.0,2016-10-11,2016-10-13
1418804109334488720,1418804109334488720,,AUS,1,1210.0,2017-05-18,2017-05-18
1420437225876598687,1420437225876598687,,CHN,3,529.0799999999999,2015-09-10,2016-12-19
1422867311504503820,1422867311504503820,,PRT,2,198.0,2016-11-21,2017-04-26
1423017480582517291,1423017480582517291,,PRT,1,79.0,2016-06-22,2016-06-22
1424435014154752964,1424435014154752964,,GBR,2,1073.8000000000002,2016-10-23,2017-06-06
1425059947534396463,1425059947534396463,,PRT,2,48.0,2015-08-03,2015-08-05
1429055331317906343,1429055331317906343,,PRT,1,80.0,2015-11-04,2015-11-04
1429771383953608077,1429771383953608077,,MAR,1,190.0,2016-09-18,2016-09-18
1434021033338641895,1434021033338641895,,LBY,2,179.0,2016-03-03,2016-03-03
1434203526647054532,1434203526647054532,,PRT,25,2643.0,2016-03-09,2017-04-26
1435768556308698389,1435768556308698389,,NLD,2,440.0,2017-04-25,2017-04-26
1436182347531822350,1436182347531822350,,ESP,7,816.7,2015-10-30,2017-02-24
1437846927864179629,1437846927864179629,,ITA,1,464.40000000000003,2015-08-15,2015-08-15
1438448407533358212,1438448407533358212,,RUS,11,2394.86,2015-11-12,2017-05-03
1440009007995654287,1440009007995654287,,GBR,1,46.0,2016-10-23,2016-10-23
1442823626886257025,1442823626886257025,,ISR,1,195.0,2016-10-09,2016-10-09
1443282883623584622,1443282883623584622,,FRA,2,300.0,2016-11-21,2016-11-21
1444008297652917797,1444008297652917797,,KAZ,2,1059.0,2015-09-11,2015-09-15
1445764735772748638,1445764735772748638,,GBR,32,14019.789999999999,2015-07-04,2017-08-18
1447594896351225721,1447594896351225721,,PRT,2,428.0,2016-04-19,2016-04-19
1448928956194604803,1448928956194604803,,ESP,4,457.0,2016-01-19,2016-01-20
1450232680290805742,1450232680290805742,,PRT,3,1641.45,2016-07-10,2016-07-17
1454256857289123794,1454256857289123794,,AUT,2,1053.0,2016-10-11,2016-10-16
1454357534367460414,1454357534367460414,,KWT,1,346.0,2016-06-09,2016-06-09
1460410929410575088,1460410929410575088,,COL,2,1755.0,2017-08-20,2017-08-20
1462147424017090575,1462147424017090575,,RUS,1,260.0,2017-05-09,2017-05-09
1463483616648519088,1463483616648519088,,MNE,2,455.0,2016-11-28,2016-11-28
1466036926992849701,1466036926992849701,,FRA,14,2625.0,2017-01-17,2017-03-24
1466647286474195598,1466647286474195598,,UNK,1,294.75,2015-07-06,2015-07-06
1467967522581107805,1467967522581107805,,TUR,4,1152.4,2016-10-28,2017-03-27
1470122878665570511,1470122878665570511,,GBR,1,674.8000000000001,2017-06-13,2017-06-13
1476208778158478003,1476208778158478003,,BRA,11,2224.3,2016-06-19,2017-08-04
1476209107075188301,1476209107075188301,,SWE,1,260.0,2016-11-27,2016-11-27
1479857829996497054,1479857829996497054,,GBR,15,3930.85,2015-10-16,2017-05-01
1480782809710447842,1480782809710447842,,GBR,1,120.0,2016-10-13,2016-10-13
1482105987921996106,1482105987921996106,,FRA,4,975.0,2017-02-04,2017-02-07
1485174020241706094,1485174020241706094,,DZA,1,402.52,2016-11-14,2016-11-14
1485404070458878276,1485404070458878276,,TUR,1,460.0,2017-06-11,2017-06-11
1487919237538233663,1487919237538233663,,MAR,1,0.0,2016-05-19,2016-05-19
1489203585283856016,1489203585283856016,,CHE,14,6982.28,2016-08-02,2017-08-26
1490993878128072934,1490993878128072934,,ATA,1,186.0,2017-01-20,2017-01-20
1495613833984532040,1495613833984532040,,FRA,1,86.0,2016-03-01,2016-03-01
1497093938198442222,1497093938198442222,,USA,2,688.24,2016-05-15,2016-05-16
1498814346788620631,1498814346788620631,,PRT,1,35.0,2017-03-13,2017-03-13
1499503262483204586,1499503262483204586,,ITA,17,4005.7,2015-10-15,2017-07-29
1503952170329884574,1503952170329884574,,PRT,1,12.0,2015-10-07,2015-10-07
1504070675857256893,1504070675857256893,,ROU,2,987.8999999999999,2016-10-05,2017-01-09
1506838737043483790,1506838737043483790,,DEU,3,1307.1,2016-07-11,2016-09-16
1507484179121077013,1507484179121077013,,POL,1,152.0,2016-05-15,2016-05-15
1509118476944450499,1509118476944450499,,BRA,19,7720.25,2015-08-28,2017-08-04
1509285922766647987,1509285922766647987,,GBR,5,2158.2,2016-10-14,2017-05-30
1510342549139839682,1510342549139839682,,IRL,1,210.0,2015-11-23,2015-11-23
1511052874128264606,1511052874128264606,,ITA,1,360.0,2015-09-19,2015-09-19
1512253918807135039,1512253918807135039,,PRT,1,658.75,2016-07-26,2016-07-26
1512798154973458603,1512798154973458603,,RUS,1,400.5,2017-07-25,2017-07-25
1514228837614089820,1514228837614089820,,PRT,68,22647.13,2015-07-03,2017-06-28
1519803084539176868,1519803084539176868,,PRT,1,135.0,2016-04-04,2016-04-04
1522263678308531117,1522263678308531117,,PRT,1,135.0,2017-03-18,2017-03-18
1525668627283517687,1525668627283517687,,AUS,1,132.0,2015-12-24,2015-12-24
1529571594109838762,1529571594109838762,,RUS,5,1790.0,2016-06-06,2016-06-06
1530098800809302645,1530098800809302645,,ROU,1,342.0,2016-04-26,2016-04-26
1530908383613700065,1530908383613700065,,USA,5,739.8499999999999,2016-06-17,2017-06-27
1538122965895091173,1538122965895091173,,FRA,1,90.0,2015-09-10,2015-09-10
1538697342050201001,1538697342050201001,,SWE,2,360.0,2016-10-09,2016-10-11
1540277086882937069,1540277086882937069,,AUT,14,2968.0,2016-02-06,2016-09-17
1541464985387595097,1541464985387595097,,DEU,1,135.82,2016-12-05,2016-12-05
1541499137605499671,1541499137605499671,,ITA,2,765.2,2016-10-29,2017-08-21
1546649794565217306,1546649794565217306,,PRT,5,2855.0,2016-05-18,2017-05-03
1547157020155007572,1547157020155007572,,PRT,3,168.0,2016-05-23,2017-05-24
1549437133368518997,1549437133368518997,,ITA,2,2604.0,2017-08-07,2017-08-07
1551360400386207743,1551360400386207743,,IRL,3,936.15,2015-07-02,2015-10-01
1552848152932653878,1552848152932653878,,PRT,1,35.0,2017-01-23,2017-01-23
1553493484015272550,1553493484015272550,,RUS,17,5889.48,2015-08-21,2015-12-31
1557049340259221077,1557049340259221077,,AGO,3,1297.0,2015-08-12,2015-09-03
1558556798899296738,1558556798899296738,,ROU,7,3589.22,2015-10-23,2017-07-29
1558690322766116504,1558690322766116504,,PRT,1,134.0,2017-04-26,2017-04-26
1559447891645728337,1559447891645728337,,PRT,2,640.0,2017-04-05,2017-04-05
1560071186076242243,1560071186076242243,,GBR,1,50.0,2016-10-09,2016-10-09
1560423544517313776,1560423544517313776,,DEU,44,3205.2,2015-09-08,2017-06-15
1560566599432226161,1560566599432226161,,TUR,17,9474.58,2015-12-17,2017-08-31
1563271903802577365,1563271903802577365,,GBR,2,132.25,2016-05-29,2016-05-31
1565108346238653580,1565108346238653580,,CHE,3,489.69,2015-10-02,2016-06-13
1568234829678076366,1568234829678076366,,PRT,4,322.0,2016-04-10,2017-03-12
1568948410323721364,1568948410323721364,,GBR,1,1112.0,2016-07-25,2016-07-25
1570694772482900324,1570694772482900324,,CHN,18,7409.01,2016-08-16,2017-08-10
1570813743026780954,1570813743026780954,,PRT,2,411.0,2017-05-15,2017-07-11
1571371901054325220,1571371901054325220,,DNK,1,369.0,2015-10-20,2015-10-20
1572826358946168754,1572826358946168754,,ESP,3,908.64,2016-12-03,2017-08-26
1575651190959324883,1575651190959324883,,MWI,1,80.0,2016-11-20,2016-11-20
1576528389217670809,1576528389217670809,,ITA,3,720.0,2016-10-10,2016-10-11
1577112272409793076,1577112272409793076,,BEL,1,177.99,2017-04-10,2017-04-10
1579384421366385016,1579384421366385016,,SEN,8,8774.76,2016-02-06,2017-06-02
1583596171661989788,1583596171661989788,,IDN,16,5273.5,2016-02-18,2017-08-30
1587520597342390695,1587520597342390695,,PRT,3,310.0,2016-10-06,2017-03-15
1588506087186513373,1588506087186513373,,PRT,2,948.0,2016-11-06,2016-11-13
1591523062295304711,1591523062295304711,,PRT,1,200.0,2015-10-15,2015-10-15
1593968982418883275,1593968982418883275,,PRT,1,123.5,2015-08-24,2015-08-24
1594450370193975694,1594450370193975694,,TUN,1,330.0,2016-06-06,2016-06-06
1596212904351314530,1596212904351314530,,MAR,51,47734.66,2015-07-24,2017-08-25
1596506685062714679,1596506685062714679,,CHE,18,5492.05,2015-12-09,2017-07-31
1596515793910720040,1596515793910720040,,GBR,3,543.6800000000001,2017-02-04,2017-03-03
1597849859845719641,1597849859845719641,,ITA,2,1086.8000000000002,2017-01-29,2017-01-29
1598860007873940500,1598860007873940500,,BRA,2,174.0,2016-02-15,2016-08-03
1603455342414415443,1603455342414415443,,PRT,1,30.0,2016-02-22,2016-02-22
1603847583077115019,1603847583077115019,,CZE,1,520.0,2015-11-03,2015-11-03
1604646701682628027,1604646701682628027,,GAB,1,344.0,2016-09-17,2016-09-17
1605127114723506205,1605127114723506205,,PRT,2,899.5,2016-08-03,2017-04-14
1605482593227838426,1605482593227838426,,FRA,17,6916.37,2015-10-04,2016-10-10
1606044022587976200,1606044022587976200,,ITA,1,190.0,2017-08-22,2017-08-22
1612711085398748724,1612711085398748724,,GHA,1,1357.2,2016-11-04,2016-11-04
1613384915530192779,1613384915530192779,,PRT,18,1741.0,2015-09-08,2017-05-04
1613647194569667401,1613647194569667401,,PRT,6,552.0,2015-09-26,2015-10-10
1616064754500419310,1616064754500419310,,GBR,4,888.0,2016-02-25,2016-02-25
1616578737536322546,1616578737536322546,,LBN,2,590.0,2015-11-23,2015-11-24
1618284359006131008,1618284359006131008,,USA,15,5047.61,2015-09-05,2015-12-31
1619131368328970341,1619131368328970341,,GBR,1,0.0,2017-02-13,2017-02-13
1620027898412492767,1620027898412492767,,PRI,1,150.92,2015-09-10,2015-09-10
1620388774087510523,1620388774087510523,,NLD,1,282.0,2015-09-04,2015-09-04
1622836164324804427,1622836164324804427,,ESP,3,282.0,2015-11-18,2016-10-13
1623575103079851795,1623575103079851795,,AUS,1,220.0,2017-04-05,2017-04-05
1625781574964284690,1625781574964284690,,MLT,1,240.29999999999998,2017-06-15,2017-06-15
1626504450686187607,1626504450686187607,,FIN,118,55544.99,2015-11-08,2017-08-21
1631263482349869667,1631263482349869667,,GTM,2,254.0,2017-01-05,2017-01-05
1632830465849182064,1632830465849182064,,RUS,1,98.0,2017-03-14,2017-03-14
1634463422413745088,1634463422413745088,,PRT,3,1137.5900000000001,2015-10-03,2016-06-20
1634707102978239415,1634707102978239415,,PRT,3,728.5,2017-01-12,2017-04-14
1635239170902666508,1635239170902666508,,ESP,14,12327.210000000001,2016-05-21,2017-08-21
1635738336727585695,1635738336727585695,,PRT,6,1158.3,2017-05-09,2017-05-16
1639484333451623305,1639484333451623305,,PRT,3,96.0,2016-01-19,2016-11-08
1642888436179140785,1642888436179140785,,PRT,1,70.0,2016-05-11,2016-05-11
1643672808784272034,1643672808784272034,,GBR,1,0.0,2016-02-12,2016-02-12
1644720431956526613,1644720431956526613,,PRT,1,166.25,2016-09-22,2016-09-22
1646635220821464033,1646635220821464033,,AUS,1,226.79999999999998,2017-05-04,2017-05-04
1647281741279282212,1647281741279282212,,PRT,12,0.0,2015-10-02,2016-12-20
1648440478850944804,1648440478850944804,,PRT,15,1595.0,2015-09-03,2017-08-19
1648500897160669550,1648500897160669550,,ITA,2,1788.3,2015-07-06,2015-07-12
1649787586103945776,1649787586103945776,,GBR,7,3265.38,2015-10-08,2016-07-18
1649981085765054842,1649981085765054842,,PRT,1,40.0,2016-03-02,2016-03-02
1650534004504533381,1650534004504533381,,LVA,13,5576.99,2016-04-27,2017-07-12
1650669538853918229,1650669538853918229,,GAB,2,942.0,2016-09-23,2017-08-01
1651336402795371430,1651336402795371430,,SWE,1,129.7,2016-09-25,2016-09-25
1651474617634000283,1651474617634000283,,KAZ,3,2896.0,2017-04-09,2017-07-02
1652752662056479320,1652752662056479320,,PRT,6,1885.0,2016-02-22,2017-05-02
1653225639313220812,1653225639313220812,,BRA,1,108.8,2015-12-14,2015-12-14
1653360648539018103,1653360648539018103,,PRT,1,56.0,2016-04-06,2016-04-06
1658993389381610357,1658993389381610357,,FRA,1,0.0,2016-04-18,2016-04-18
1665091903871957818,1665091903871957818,,PAN,1,140.0,2016-02-28,2016-02-28
1665495964030464740,1665495964030464740,,IRL,2,195.25,2016-07-30,2017-04-22
1666076472410438558,1666076472410438558,,NOR,8,2953.5,2015-09-03,2017-08-09
1667212230792674679,1667212230792674679,,PRT,3,217.0,2017-01-25,2017-01-25
1667844453329003735,1667844453329003735,,ESP,27,6486.7699999999995,2015-12-05,2017-08-17
1669206437862885253,1669206437862885253,,MEX,2,576.0,2015-08-11,2015-08-11
1669615302179830451,1669615302179830451,,PRT,5,589.0,2016-03-20,2016-12-05
1670169029251836967,1670169029251836967,,GNB,1,523.6,2017-02-27,2017-02-27
1674704680601963939,1674704680601963939,,DEU,24,12488.91,2015-09-03,2017-05-14
1676762051772763518,1676762051772763518,,ROU,4,1239.88,2016-03-16,2016-09-19
1682212719770836394,1682212719770836394,,SWE,1,75.0,2017-03-03,2017-03-03
1682801884433978818,1682801884433978818,,USA,2,690.0,2016-10-01,2016-12-25
1683214021151998674,1683214021151998674,,PER,1,234.0,2016-09-06,2016-09-06
1684246153624911825,1684246153624911825,,PRT,1,70.0,2017-02-18,2017-02-18
1685393313820691705,1685393313820691705,,AGO,1,1282.08,2015-08-19,2015-08-19
1688193561299263510,1688193561299263510,,IRL,2,453.6,2016-09-14,2016-09-29
1690542681403394017,1690542681403394017,,PRT,4,285.5,2016-04-20,2017-01-25
1692156674037955777,1692156674037955777,,PRT,3,150.0,2017-05-24,2017-06-11
1692814257801242366,1692814257801242366,,PRT,108,74344.33,2015-07-04,2017-08-24
1693432133032801135,1693432133032801135,,AUT,2,609.98,2016-12-24,2017-03-18
1702909280145980193,1702909280145980193,,AUS,1,130.72,2016-01-19,2016-01-19
1703208128020039999,1703208128020039999,,UNK,1,180.0,2016-05-09,2016-05-09
1705145071865892641,1705145071865892641,,NOR,7,7069.61,2015-07-23,2017-07-11
1705262229768792896,1705262229768792896,,USA,3,880.0,2017-05-14,2017-05-15
1707418283580787237,1707418283580787237,,PRT,1,237.60000000000002,2017-04-13,2017-04-13
1708573077284226987,1708573077284226987,,PRT,1,35.0,2017-01-12,2017-01-12
1709519998101236095,1709519998101236095,,GBR,3,216.0,2016-05-15,2016-05-15
1710506633742943814,1710506633742943814,,NLD,1,854.4,2017-06-08,2017-06-08
1711158230081391457,1711158230081391457,,PRT,2,35.0,2016-05-10,2017-03-08
1713240771773469886,1713240771773469886,,MDV,2,2972.0,2017-06-10,2017-07-21
1715063795492696031,1715063795492696031,,PRT,1,60.0,2016-12-13,2016-12-13
1716824578633286218,1716824578633286218,,SWE,2,520.0,2015-10-20,2015-10-20
1717330076826164057,1717330076826164057,,THA,1,280.0,2015-11-23,2015-11-23
1718772666579121562,1718772666579121562,,UNK,1,40.0,2017-01-31,2017-01-31
1718918368827793229,1718918368827793229,,BRA,1,393.0,2015-09-11,2015-09-11
1719758991815439485,1719758991815439485,,BRA,70,26639.27,2015-08-08,2017-08-30
1720750227072465809,1720750227072465809,,NLD,3,530.0,2017-05-09,2017-05-10
1721960336043042397,1721960336043042397,,PRT,5,4533.0,2016-07-25,2016-07-28
1723344906396108603,1723344906396108603,,PRT,8,3507.9,2016-04-11,2016-04-19
1723854658163853851,1723854658163853851,,ITA,1,84.96,2016-08-17,2016-08-17
1725822502079302099,1725822502079302099,,PER,2,732.0,2017-03-10,2017-03-10
1727419433626723964,1727419433626723964,,DZA,7,4984.93,2015-12-21,2017-01-25
1729508164529420586,1729508164529420586,,AUT,2,718.7,2016-08-21,2016-09-20
1729863621364316121,1729863621364316121,,NZL,1,232.2,2016-06-21,2016-06-21
1730838072725258913,1730838072725258913,,PRT,4,2273.75,2015-07-17,2015-07-17
1732835756932129732,1732835756932129732,,PRT,740,239631.35,2015-07-05,2017-08-30
1735651287005105981,1735651287005105981,,GBR,45,6396.99,2016-05-12,2016-10-07
1737827658636797945,1737827658636797945,,PRT,2,65.0,2016-02-04,2017-03-13
1738837710557555590,1738837710557555590,,BEL,3,2645.2,2016-12-05,2017-02-27
1739878168078845669,1739878168078845669,,ARG,1,636.0,2016-11-01,2016-11-01
1740399523245425033,1740399523245425033,,PLW,1,954.03,2016-07-21,2016-07-21
1741568070150047850,1741568070150047850,,GBR,2590,1030713.1,2015-07-31,2017-08-31
1742422319773485917,1742422319773485917,,HUN,1,634.5,2017-06-03,2017-06-03
1742472296006165185,1742472296006165185,,PRT,2,168.3,2015-07-19,2015-09-25
1747772940914342062,1747772940914342062,,CAF,1,55.0,2017-02-14,2017-02-14
1749854631477177721,1749854631477177721,,POL,4,4004.3599999999997,2015-07-08,2015-09-23
1754325550562249319,1754325550562249319,,PRT,5,272.0,2016-04-14,2017-05-04
1755045204662036694,1755045204662036694,,NLD,24,11070.52,2015-07-19,2017-06-26
1757042095166953132,1757042095166953132,,GBR,1,313.20000000000005,2016-05-16,2016-05-16
1757540451888869929,1757540451888869929,,CZE,2,682.0,2015-09-16,2016-06-30
1761573998715680508,1761573998715680508,,UNK,6,456.0,2016-01-13,2016-09-13
1764747200715671368,1764747200715671368,,ECU,12,4433.7,2016-01-13,2017-08-15
1765827952635514231,1765827952635514231,,PRT,4,586.0,2015-10-09,2015-10-10
1766879866437744710,1766879866437744710,,UNK,1,39.0,2016-03-31,2016-03-31
1769058746560258856,1769058746560258856,,FRA,1,380.0,2017-04-20,2017-04-20
1769073544039089252,1769073544039089252,,CHE,71,30212.96,2015-08-17,2017-08-23
1769270218054624090,1769270218054624090,,PRT,2,167.0,2015-11-26,2015-12-29
1769674865822632572,1769674865822632572,,AGO,1,0.0,2015-08-05,2015-08-05
1770794258493838016,1770794258493838016,,PRT,6,922.0,2016-04-06,2017-03-31
1775421819135788524,1775421819135788524,,ARE,34,20303.36,2016-01-07,2017-07-20
1776175691963439032,1776175691963439032,,BEL,1,462.0,2017-02-09,2017-02-09
1776227407718727764,1776227407718727764,,GBR,14,10076.36,2015-07-17,2015-09-23
1776404585570385129,1776404585570385129,,SWE,1,412.65000000000003,2015-09-05,2015-09-05
1779163424201710400,1779163424201710400,,AUS,1,394.4,2016-10-27,2016-10-27
1780133598373536967,1780133598373536967,,DEU,2,660.0,2016-03-01,2016-03-11
1781768154817664797,1781768154817664797,,COL,1,67.22,2016-03-09,2016-03-09
1786241142653803021,1786241142653803021,,IRL,1,338.01,2017-06-14,2017-06-14
1787539042311303521,1787539042311303521,,ESP,1,25.0,2016-03-17,2016-03-17
1789557547323532322,1789557547323532322,,ESP,4,478.8,2015-11-11,2015-11-12
1790127927330601960,1790127927330601960,,PRT,1,368.58,2016-02-29,2016-02-29
1790135401076792647,1790135401076792647,,PRT,5,1609.8,2016-03-04,2017-06-19
1790694419817349929,1790694419817349929,,PRT,1,35.0,2017-03-15,2017-03-15
1792314694990955607,1792314694990955607,,FRA,2,453.0,2016-03-08,2016-03-08
1792786084008240219,1792786084008240219,,KEN,1,414.99,2017-04-14,2017-04-14
1795383455850902889,1795383455850902889,,PRT,1,54.9,2016-12-06,2016-12-06
1795913024372710546,1795913024372710546,,DZA,1,150.0,2017-03-02,2017-03-02
1796544980894274849,1796544980894274849,,TZA,4,1486.0,2016-04-20,2017-02-19
1800329058935754137,1800329058935754137,,CHE,1,209.44,2015-07-08,2015-07-08
1800493999522090083,1800493999522090083,,IRL,1,473.04,2016-05-03,2016-05-03
1802237944239948484,1802237944239948484,,ESP,8,2902.72,2016-04-06,2016-11-18
1802519049537849555,1802519049537849555,,GBR,134,45969.979999999996,2015-08-13,2017-08-19
1804766425095899665,1804766425095899665,,NOR,1,230.0,2017-08-21,2017-08-21
1805158695781438077,1805158695781438077,,PRT,14,4032.06,2016-03-06,2017-06-16
1805713222685520704,1805713222685520704,,CZE,1,225.0,2017-02-11,2017-02-11
1806735765368945615,1806735765368945615,,KOR,2,870.0,2015-11-21,2015-11-21
1807498843243841503,1807498843243841503,,ITA,3,576.8199999999999,2016-03-10,2017-02-21
1810862501984568611,1810862501984568611,,PRT,2,0.0,2017-04-21,2017-04-21
1814393930475350510,1814393930475350510,,MLT,9,3655.04,2016-05-22,2017-05-17
1817431676926278430,1817431676926278430,,MAR,2,272.0,2017-08-15,2017-08-15
1820578155719335932,1820578155719335932,,EGY,1,91.0,2016-02-09,2016-02-09
1821509905845371668,1821509905845371668,,GBR,3,1488.0,2016-03-30,2016-09-15
1822237109020017111,1822237109020017111,,GBR,1,300.0,2016-10-03,2016-10-03
1824841765868200987,1824841765868200987,,IRL,13,8382.07,2016-10-27,2017-08-05
1829313542343748523,1829313542343748523,,GBR,4,1018.39,2016-04-03,2017-06-09
1830425397203553435,1830425397203553435,,PRT,11,1998.03,2015-07-06,2016-02-27
1830738009177850290,1830738009177850290,,GBR,15,5662.89,2015-10-01,2016-01-12
1833148289125930278,1833148289125930278,,PRT,2,201.04,2017-01-17,2017-06-29
1834729527017534883,1834729527017534883,,PRT,33,3104.0,2016-02-19,2016-02-19
1835909169345186054,1835909169345186054,,NOR,1,142.0,2016-01-19,2016-01-19
1836477924517703149,1836477924517703149,,ESP,2,220.0,2016-05-26,2016-05-26
1840273924543707982,1840273924543707982,,AUS,30,8449.02,2015-09-19,2017-08-07
1842143530822001298,1842143530822001298,,MAC,1,108.0,2017-02-12,2017-02-12
1842871858970338918,1842871858970338918,,FRA,1,276.0,2016-08-22,2016-08-22
1842883316354561561,1842883316354561561,,PRT,2,78.0,2015-10-27,2016-02-23
1845054185089804210,1845054185089804210,,PRT,4,179.0,2015-12-16,2016-03-30
1847504164979812300,1847504164979812300,,PRT,2,660.0,2017-05-19,2017-05-19
1848967807275068974,1848967807275068974,,PRT,1,180.0,2017-03-27,2017-03-27
1850418991730890555,1850418991730890555,,CHN,5,2492.52,2017-07-09,2017-08-06
1851188966714454006,1851188966714454006,,IRL,1,432.0,2016-09-14,2016-09-14
1851512175100401484,1851512175100401484,,PRT,12,2720.0,2017-03-11,2017-06-08
1854559410928560907,1854559410928560907,,PRT,1,317.9,2016-09-15,2016-09-15
1857482772367412694,1857482772367412694,,UNK,1,30.0,2016-01-14,2016-01-14
1864368098868181710,1864368098868181710,,RUS,1,34.0,2017-03-08,2017-03-08
1865296984219760645,1865296984219760645,,FRA,1,130.0,2015-09-27,2015-09-27
1869490502752298925,1869490502752298925,,PRT,1,36.96,2015-12-08,2015-12-08
1871281962195099198,1871281962195099198,,BEL,28,17742.56,2017-04-10,2017-08-30
1875098197995757713,1875098197995757713,,RUS,1,92.8,2016-04-07,2016-04-07
1876292914640517925,1876292914640517925,,IRL,1,170.0,2015-09-29,2015-09-29
1876344010850804487,1876344010850804487,,AUT,2,390.0,2017-05-09,2017-05-10
1879697273916968350,1879697273916968350,,ESP,1,154.0,2016-11-16,2016-11-16
1881336664046502754,1881336664046502754,,PRT,34,10665.0,2016-02-29,2016-12-26
1883871011891978034,1883871011891978034,,PRT,1,598.5,2015-09-01,2015-09-01
1884830106950355915,1884830106950355915,,FRA,1,134.0,2016-02-03,2016-02-03
1885409679744656943,1885409679744656943,,PRY,3,582.8,2016-06-21,2017-06-17
1885515041529504668,1885515041529504668,,USA,678,257561.97,2015-09-05,2017-08-31
1889947029219791249,1889947029219791249,,UNK,1,82.0,2015-10-02,2015-10-02
1890674127217561433,1890674127217561433,,ESP,1,190.0,2016-10-17,2016-10-17
1892565260693208494,1892565260693208494,,NLD,2,636.0,2016-03-28,2017-07-05
1894197970802409631,1894197970802409631,,CHN,4,315.0,2016-03-05,2017-04-13
1895233038990638514,1895233038990638514,,DEU,1,90.0,2016-01-03,2016-01-03
1897791496302576211,1897791496302576211,,IDN,2,2118.0,2015-07-23,2017-06-21
1898256956375824220,1898256956375824220,,PRT,7,4125.1,2016-10-20,2017-06-06
1899189426544428458,1899189426544428458,,FRA,1,150.0,2017-06-20,2017-06-20
1899511132070304912,1899511132070304912,,GBR,6,1330.0,2016-03-02,2017-03-14
1900430073494225573,1900430073494225573,,ESP,3,327.06,2016-12-03,2017-05-23
1903142370658932081,1903142370658932081,,BRA,44,10576.04,2016-03-20,2016-12-29
1904487724333230841,1904487724333230841,,FRA,21,2760.0,2015-09-26,2015-10-21
1905781955276435121,1905781955276435121,,BRA,2,1409.3,2015-07-14,2015-07-30
1907302382738531032,1907302382738531032,,ZWE,1,52.2,2015-11-06,2015-11-06
1908074371734679015,1908074371734679015,,EST,4,1405.4,2016-09-12,2017-01-19
1910787816958150565,1910787816958150565,,LUX,1,807.25,2015-08-02,2015-08-02
1911452150510002481,1911452150510002481,,HUN,4,1712.84,2015-10-06,2017-06-24
1911561335449005454,1911561335449005454,,DEU,68,26625.55,2015-09-04,2017-08-10
1914941709393268655,1914941709393268655,,IND,1,165.0,2017-01-16,2017-01-16
1915351240151074281,1915351240151074281,,NLD,8,2479.3,2015-10-25,2017-08-04
1915850913427641977,1915850913427641977,,PRT,7,1220.0,2016-01-11,2017-08-14
1917224515265114130,1917224515265114130,,DZA,1,200.0,2015-10-15,2015-10-15
1919583947451156123,1919583947451156123,,CHN,3,357.2,2017-02-04,2017-02-04
1922642471268072313,1922642471268072313,,IRL,1,845.0,2015-09-16,2015-09-16
1928698741283972370,1928698741283972370,,PRT,17,10583.29,2015-07-20,2016-03-24
1929225296633421748,1929225296633421748,,GBR,2,945.13,2015-11-01,2017-05-25
1929276461082222718,1929276461082222718,,FRA,32,6434.0,2015-09-17,2017-06-11
1929693297560823203,1929693297560823203,,ESP,68,17805.61,2015-09-14,2017-08-25
1929821971521301902,1929821971521301902,,IRL,1,204.0,2016-01-21,2016-01-21
1932078559255614786,1932078559255614786,,MYS,1,601.1999999999999,2016-05-16,2016-05-16
1932520242699689002,1932520242699689002,,DEU,2,1007.5,2016-10-16,2016-10-16
1935482503962961032,1935482503962961032,,UNK,1,144.0,2016-05-02,2016-05-02
1937437342068182546,1937437342068182546,,NZL,2,143.1,2017-06-18,2017-06-18
1937493140118096070,1937493140118096070,,PRT,2,50.0,2016-03-11,2016-03-11
1938688991333126160,1938688991333126160,,MWI,1,172.0,2016-11-18,2016-11-18
1939533685190225072,1939533685190225072,,RUS,5,4529.26,2015-08-13,2017-03-30
1944459061741673876,1944459061741673876,,GBR,68,30502.55,2015-08-09,2017-08-22
1944784019622628762,1944784019622628762,,LTU,1,25.0,2016-01-30,2016-01-30
1945320413141641944,1945320413141641944,,PRT,1,50.0,2016-10-27,2016-10-27
1947439559851958603,1947439559851958603,,ESP,1,152.0,2016-05-10,2016-05-10
1947616453919459639,1947616453919459639,,GBR,1,408.0,2015-09-25,2015-09-25
1950769649830082634,1950769649830082634,,GBR,1,390.0,2017-01-25,2017-01-25
1951639928897322803,1951639928897322803,,PRT,63,14704.3,2015-07-19,2017-08-16
1955637856224820648,1955637856224820648,,AUS,8,2529.8,2015-08-10,2016-04-29
1958111671539306840,1958111671539306840,,BRA,2,124.0,2017-05-04,2017-05-04
1961718719789124847,1961718719789124847,,UNK,3,120.0,2016-10-13,2016-12-13
1962403026097025591,1962403026097025591,,PRT,1,43.0,2016-01-12,2016-01-12
1968863477105653498,1968863477105653498,,ESP,4,888.0,2015-11-13,2015-12-26
1971921645606657710,1971921645606657710,,FRA,1,360.0,2016-06-02,2016-06-02
1973721887968183317,1973721887968183317,,ITA,2,767.1500000000001,2016-11-02,2017-01-10
1973938584224732831,1973938584224732831,,UNK,1,1206.6599999999999,2015-08-09,2015-08-09
1975045587917523859,1975045587917523859,,BEL,10,2756.2000000000003,2015-09-12,2016-07-25
1975100379302272229,1975100379302272229,,PRT,1,0.0,2016-01-19,2016-01-19
1981243986596444429,1981243986596444429,,GBR,4,1296.0,2016-09-13,2016-09-14
1986018983663963615,1986018983663963615,,PRT,9,1296.56,2016-03-14,2017-08-14
1986900926082463606,1986900926082463606,,PRT,1,0.0,2017-08-31,2017-08-31
1986950127105524917,1986950127105524917,,HRV,3,2295.0,2016-05-09,2017-05-05
1987245746755545479,1987245746755545479,,IRL,2,1148.0,2017-05-08,2017-05-08
1991547123900001634,1991547123900001634,,GBR,64,38138.03,2015-07-12,2017-08-28
1993945449760025990,1993945449760025990,,PRT,5,597.0,2017-02-12,2017-04-17
1998974527341315843,1998974527341315843,,TUR,1,284.0,2017-08-31,2017-08-31
2006559988017115028,2006559988017115028,,MEX,3,1075.0,2015-11-23,2015-11-23
2007026014660389563,2007026014660389563,,FRA,1,530.5500000000001,2015-07-03,2015-07-03
2007821474677965226,2007821474677965226,,HRV,2,850.0,2015-09-25,2015-09-28
2010907464021695593,2010907464021695593,,PRT,1,138.0,2016-07-23,2016-07-23
2012341213476617902,2012341213476617902,,CZE,2,1258.5,2015-09-02,2015-09-02
2014085207195410190,2014085207195410190,,PRT,4,540.0,2017-01-12,2017-01-12
2016966295361603146,2016966295361603146,,PRT,1,75.0,2017-01-13,2017-01-13
2017016402547655020,2017016402547655020,,IND,6,2283.7,2016-04-16,2017-05-18
2017140513394668703,2017140513394668703,,GBR,1,132.36,2016-12-02,2016-12-02
2018944301219409728,2018944301219409728,,PRT,6,269.0,2016-03-28,2017-06-06
2019560517548260980,2019560517548260980,,PRT,2,534.6,2017-05-11,2017-05-13
2020614411663574759,2020614411663574759,,PRT,20,3227.0,2015-09-11,2016-10-22
2021507576984247471,2021507576984247471,,FRA,1,275.19,2017-05-13,2017-05-13
2022639021880088807,2022639021880088807,,GBR,1,532.0,2017-03-28,2017-03-28
2023143481666125317,2023143481666125317,,GRC,1,110.0,2017-04-26,2017-04-26
2030704074659409257,2030704074659409257,,CAF,1,157.0,2017-08-02,2017-08-02
2030939560190769077,2030939560190769077,,PRT,1,204.99,2017-02-07,2017-02-07
2032002307475992626,2032002307475992626,,DEU,1,81.0,2016-02-19,2016-02-19
2032097593643791187,2032097593643791187,,ROU,7,1615.75,2016-05-16,2017-03-12
2033406564558396038,2033406564558396038,,PRT,1,35.0,2017-01-12,2017-01-12
2034542502676952969,2034542502676952969,,IRL,1,492.0,2015-09-03,2015-09-03
2039800299831117427,2039800299831117427,,ESP,5,3108.17,2015-09-23,2016-08-21
2040252097934137305,2040252097934137305,,BRA,1,262.4,2017-07-24,2017-07-24
2042878270126424051,2042878270126424051,,BEL,142,62907.42,2015-08-10,2017-08-28
2044858391079714720,2044858391079714720,,ROU,13,2999.0,2016-03-25,2017-05-12
2046275843827714120,2046275843827714120,,SWE,1,441.0,2016-06-23,2016-06-23
2046500833594244960,2046500833594244960,,PRT,1,92.0,2016-02-17,2016-02-17
2046942842059456071,2046942842059456071,,ITA,2,130.5,2016-01-19,2016-01-19
2049489205690253563,2049489205690253563,,BEL,2,279.0,2017-03-23,2017-03-23
2049726434623189916,2049726434623189916,,USA,1,477.0,2016-10-10,2016-10-10
2052523359844217169,2052523359844217169,,PRT,22,3996.0,2015-08-04,2017-07-17
2053857000543966440,2053857000543966440,,PRT,1,16.0,2016-11-29,2016-11-29
2056576183936153519,2056576183936153519,,ESP,5,1800.0,2016-09-12,2016-09-14
2058529478562010865,2058529478562010865,,NOR,1,365.04,2017-07-09,2017-07-09
2059011254669089921,2059011254669089921,,PRT,1,95.0,2017-03-14,2017-03-14
2059974374740121780,2059974374740121780,,BGR,1,44.0,2016-12-23,2016-12-23
2060297132029393515,2060297132029393515,,AUT,7,2257.55,2016-03-28,2017-06-12
2061513718161684238,2061513718161684238,,PRT,6,365.5,2016-09-19,2017-07-13
2062612605095319519,2062612605095319519,,PRT,2,560.0,2016-06-02,2016-06-02
2063888103352295155,2063888103352295155,,ROU,1,260.0,2016-05-17,2016-05-17
2064054957581060849,2064054957581060849,,PRT,3,95.0,2016-11-23,2016-11-23
2065355049249560736,2065355049249560736,,SVK,1,210.0,2015-11-23,2015-11-23
2070248316767333129,2070248316767333129,,PRT,1,120.0,2016-11-05,2016-11-05
2072132649156233021,2072132649156233021,,FRA,2,2337.6000000000004,2015-08-05,2015-09-01
2072904993485565583,2072904993485565583,,PRT,1,85.0,2016-03-20,2016-03-20
2072965922125486758,2072965922125486758,,PRT,3,144.0,2015-10-14,2017-02-02
2073845838331605857,2073845838331605857,,BRA,2,288.0,2016-01-08,2016-01-08
2075072055604915269,2075072055604915269,,CHE,53,49732.23,2015-07-06,2017-08-28
2075667183986456414,2075667183986456414,,SRB,3,1625.93,2015-12-24,2017-05-30
2078515238964066523,2078515238964066523,,PRT,3,834.0,2016-02-26,2016-10-08
2080814428780456465,2080814428780456465,,POL,1,357.0,2016-09-19,2016-09-19
2085441824795337822,2085441824795337822,,PRT,1,40.0,2016-03-14,2016-03-14
2086345431139149761,2086345431139149761,,KHM,1,396.0,2016-04-13,2016-04-13
2087353602397675371,2087353602397675371,,ALB,1,260.0,2017-01-18,2017-01-18
2088579491930844492,2088579491930844492,,POL,1,272.0,2017-01-29,2017-01-29
2089124838331630869,2089124838331630869,,ROU,1,110.0,2017-04-26,2017-04-26
2093950347977984406,2093950347977984406,,ESP,2,190.0,2017-04-10,2017-05-17
2095721273722410012,2095721273722410012,,PRT,3,158.2,2015-11-16,2016-01-23
2096244962397118102,2096244962397118102,,IRL,10,3134.7200000000003,2016-10-18,2017-06-04
2097656323053073387,2097656323053073387,,MOZ,6,3497.0,2015-07-17,2017-08-04
2099358145254136483,2099358145254136483,,PRT,1,30.0,2016-12-22,2016-12-22
2100603013857664059,2100603013857664059,,PRT,7,5549.55,2015-09-13,2017-08-27
2100766560296779599,2100766560296779599,,AUS,1,102.6,2016-10-13,2016-10-13
2102786877022584974,2102786877022584974,,FRA,6,1083.5,2016-05-04,2016-10-26
2104414194088228522,2104414194088228522,,LTU,1,154.0,2016-11-15,2016-11-15
2105842233634932614,2105842233634932614,,DNK,3,394.2,2017-07-07,2017-07-07
2106003493320911527,2106003493320911527,,PRT,5,443.0,2015-12-16,2016-12-15
2112260500071350242,2112260500071350242,,ROU,1,200.0,2015-10-15,2015-10-15
2112703970042902626,2112703970042902626,,PRT,5,830.34,2015-12-05,2015-12-05
2114890200385054504,2114890200385054504,,FRA,5,2830.0,2015-10-29,2017-08-20
2115795577180165220,2115795577180165220,,PRT,1,46.2,2015-11-28,2015-11-28
2118424084295681739,2118424084295681739,,BRA,1,0.0,2017-05-03,2017-05-03
2120299225057062319,2120299225057062319,,ESP,2,490.0,2016-04-19,2017-04-26
2120548999946912006,2120548999946912006,,PRT,1,35.0,2017-03-20,2017-03-20
2121931250850588724,2121931250850588724,,USA,5,578.0,2015-11-05,2017-08-04
2122054825517027670,2122054825517027670,,ITA,5,896.55,2016-12-27,2017-08-23
2122363127249523856,2122363127249523856,,PRT,3,137.4,2016-10-10,2016-11-07
2130915334324238698,2130915334324238698,,TUN,1,525.0,2015-08-10,2015-08-10
2131611919737006781,2131611919737006781,,FRA,9,3307.3500000000004,2015-07-04,2017-01-18
2131827554445841937,2131827554445841937,,UNK,3,270.2,2017-02-04,2017-04-13
2135902636947651171,2135902636947651171,,PRT,7,3782.58,2015-10-25,2017-03-22
2136250863602724071,2136250863602724071,,NOR,29,12722.95,2016-03-17,2017-08-03
2140627539359834544,2140627539359834544,,DEU,1,1119.6,2015-09-06,2015-09-06
2141263749831396547,2141263749831396547,,SWE,1,147.6,2017-07-15,2017-07-15
2143760312990433378,2143760312990433378,,DEU,3,202.0,2016-10-28,2017-06-16
2148753514023927673,2148753514023927673,,PRT,3,154.0,2016-12-29,2017-06-22
2150830629712052896,2150830629712052896,,USA,2,602.25,2016-04-28,2016-05-06
2152245426946434742,2152245426946434742,,PRT,5,325.0,2017-03-31,2017-03-31
2152839884826644323,2152839884826644323,,GBR,1,158.0,2016-11-22,2016-11-22
2152848310123320884,2152848310123320884,,KOR,72,20205.29,2015-10-11,2017-08-13
2154515845990510431,2154515845990510431,,PRT,1,1340.8500000000001,2016-07-29,2016-07-29
2154884430099222123,2154884430099222123,,GBR,11,7333.04,2015-08-24,2016-09-04
2156751688800874551,2156751688800874551,,GBR,2,925.0,2016-09-19,2016-09-19
2159548871251444460,2159548871251444460,,IRL,7,2071.08,2015-09-04,2016-08-21
2161796104785744142,2161796104785744142,,PRT,1,45.0,2017-04-18,2017-04-18
2162823322553631094,2162823322553631094,,SRB,1,98.0,2017-07-24,2017-07-24
2163814344293039342,2163814344293039342,,GBR,1,660.0,2017-07-23,2017-07-23
2164350976447862661,2164350976447862661,,FRA,1,890.0,2017-08-06,2017-08-06
2164438396740078854,2164438396740078854,,PRT,1,160.0,2017-07-19,2017-07-19
2171613203874469841,2171613203874469841,,FRA,1,424.32,2016-05-24,2016-05-24
2171720699823281423,2171720699823281423,,DEU,16,5068.68,2015-11-01,2017-05-15
2172490944777184082,2172490944777184082,,AUT,2,71.0,2017-04-03,2017-04-03
2172968644192221683,2172968644192221683,,JOR,2,880.0,2017-07-22,2017-07-22
2175933591326939762,2175933591326939762,,FIN,3,602.0,2016-03-14,2016-06-26
2176337771336967067,2176337771336967067,,PRT,1,369.0,2016-08-13,2016-08-13
2176741768840621427,2176741768840621427,,FRA,7,1877.52,2015-09-04,2016-04-23
2184738408534294530,2184738408534294530,,USA,33,7905.43,2016-01-06,2017-07-26
2186511398613899975,2186511398613899975,,PRT,5,2242.7,2017-05-19,2017-08-26
2186973033040480096,2186973033040480096,,POL,2,597.0,2015-08-08,2016-03-01
2188438950314571410,2188438950314571410,,RUS,3,1219.99,2017-04-14,2017-04-15
2191264322547656950,2191264322547656950,,GUY,1,360.0,2016-10-10,2016-10-10
2193235141715556785,2193235141715556785,,PRT,2,520.0,2017-06-09,2017-06-09
2195271435421492242,2195271435421492242,,SWE,8,4463.41,2016-04-30,2016-07-16
2196952933456170987,2196952933456170987,,IRL,1,336.0,2016-07-12,2016-07-12
2198085956749647282,2198085956749647282,,ESP,9,1314.0,2016-10-10,2017-05-30
2202980751396519947,2202980751396519947,,LVA,1,216.84,2017-02-07,2017-02-07
2204545733698359598,2204545733698359598,,DEU,3,1153.6399999999999,2015-10-30,2016-09-16
2206440728335281032,2206440728335281032,,PRT,4,936.0,2016-02-11,2016-09-26
2208040486483187630,2208040486483187630,,FRA,6,10252.83,2016-02-04,2017-02-25
2208903853203954900,2208903853203954900,,FRA,2,473.0,2015-08-08,2017-06-16
2212158661673691114,2212158661673691114,,TUR,1,96.0,2017-01-27,2017-01-27
2212994286970761799,2212994286970761799,,HRV,1,148.98,2016-12-16,2016-12-16
2214685908479557491,2214685908479557491,,HUN,118,49272.98,2016-02-01,2017-08-20
2217696182746678827,2217696182746678827,,EST,1,1120.8600000000001,2017-08-22,2017-08-22
2221995204626038338,2221995204626038338,,COL,1,388.02,2017-03-17,2017-03-17
2222411780341539144,2222411780341539144,,AGO,1,159.0,2016-08-02,2016-08-02
2226453639515282307,2226453639515282307,,MEX,2,495.0,2017-04-16,2017-05-15
2229471522052448774,2229471522052448774,,CHE,8,3805.0,2015-09-25,2016-05-20
2231527802458319108,2231527802458319108,,UNK,2,825.3000000000001,2015-09-05,2015-09-05
2231783140122588685,2231783140122588685,,FRA,13,3134.0,2015-11-17,2017-01-19
2234343711175986624,2234343711175986624,,GBR,139,97705.73,2015-08-28,2017-08-29
2236117872748547165,2236117872748547165,,PRT,1,38.5,2017-03-08,2017-03-08
2237397733001274915,2237397733001274915,,PRT,1,398.75,2016-11-19,2016-11-19
2237853846099437283,2237853846099437283,,PRT,1,438.6,2015-09-10,2015-09-10
2238653826327314918,2238653826327314918,,ESP,35,13513.01,2015-08-26,2017-08-05
2239374303106470924,2239374303106470924,,PRT,2,220.0,2017-05-19,2017-05-19
2239903851067514915,2239903851067514915,,PRT,1,150.0,2017-04-21,2017-04-21
2240421377342735466,2240421377342735466,,PRT,2,138.5,2016-03-14,2016-04-20
2242005973143298034,2242005973143298034,,NOR,2,190.0,2016-05-29,2016-06-13
2242711740348855796,2242711740348855796,,FIN,1,300.0,2017-03-02,2017-03-02
2244558341788981433,2244558341788981433,,PRT,1,116.1,2016-09-29,2016-09-29
2244600759871210553,2244600759871210553,,PRT,4,192.0,2016-03-30,2016-03-30
2245745969080806183,2245745969080806183,,ITA,1,733.9499999999999,2017-07-15,2017-07-15
2245953135622886082,2245953135622886082,,IND,4,960.38,2016-11-03,2017-06-13
2249880755177404511,2249880755177404511,,PRT,1,342.0,2017-07-27,2017-07-27
2250124539623465013,2250124539623465013,,CHE,1,1133.01,2015-07-30,2015-07-30
2254120816666496071,2254120816666496071,,PRT,12,659.1,2016-03-18,2017-04-26
2258251507156124039,2258251507156124039,,LTU,1,260.0,2016-11-27,2016-11-27
2259304071301602728,2259304071301602728,,PRT,2,480.0,2017-03-10,2017-03-10
2261580671525404343,2261580671525404343,,AUS,6,2396.33,2015-07-10,2017-08-04
2262412516301796392,2262412516301796392,,PRT,1,50.0,2016-04-01,2016-04-01
2263898126348133058,2263898126348133058,,FRA,4,2099.51,2016-12-22,2017-03-23
2265022216156185850,2265022216156185850,,SVN,1,473.61,2016-07-22,2016-07-22
2265600898141915706,2265600898141915706,,PRT,2,149.99,2017-02-19,2017-02-20
2266770424026253478,2266770424026253478,,ESP,7,2007.0,2016-06-06,2016-06-07
2266911336735836420,2266911336735836420,,HND,1,79.0,2016-02-23,2016-02-23
2267079371919623395,2267079371919623395,,SRB,2,449.0,2016-03-23,2017-04-14
2271553888517254776,2271553888517254776,,PRT,1,750.4,2016-06-12,2016-06-12
2273447382786067341,2273447382786067341,,ESP,1,200.0,2016-05-24,2016-05-24
2273966952934977638,2273966952934977638,,PRT,1,144.2,2016-02-26,2016-02-26
2275191620895644364,2275191620895644364,,PRT,7,271.0,2015-12-10,2017-02-06
2282825955096535556,2282825955096535556,,GBR,6,5035.11,2015-07-01,2015-09-03
2282977124817195254,2282977124817195254,,PRT,1,180.0,2016-11-14,2016-11-14
2286680889925147352,2286680889925147352,,CHL,1,550.0,2016-06-05,2016-06-05
2287793938407645128,2287793938407645128,,ARM,3,627.5,2016-02-05,2016-05-22
2291995072655182820,2291995072655182820,,CHN,5,351.75,2016-03-16,2017-06-14
2292602383624549880,2292602383624549880,,CHL,1,124.0,2015-10-10,2015-10-10
2292937322827192287,2292937322827192287,,DEU,1,125.0,2017-06-21,2017-06-21
2294862865541210714,2294862865541210714,,PRT,1,135.0,2016-11-13,2016-11-13
2296861555271403465,2296861555271403465,,CHE,2,670.75,2015-09-20,2015-10-01
2303706468953007545,2303706468953007545,,NLD,7,2885.0,2017-04-02,2017-04-05
2303862401583621398,2303862401583621398,,EST,4,1407.4,2016-04-17,2017-07-17
2303936430017113420,2303936430017113420,,PRT,7,896.0,2016-02-07,2016-02-07
2312258071049956498,2312258071049956498,,DNK,20,13635.24,2016-05-16,2017-08-17
2312388966412809564,2312388966412809564,,FRA,1,680.0,2017-04-28,2017-04-28
2312961062609395168,2312961062609395168,,LUX,2,820.5,2015-09-28,2015-12-03
2316120746991868555,2316120746991868555,,NZL,2,578.0,2015-07-17,2016-04-10
2316948076739132535,2316948076739132535,,IRL,5,1925.0,2015-09-02,2016-09-20
2318871649320407778,2318871649320407778,,KAZ,1,652.2,2015-08-14,2015-08-14
2319609422250218650,2319609422250218650,,GRC,4,1219.45,2015-10-21,2015-11-27
2320707691611864058,2320707691611864058,,SWE,1,686.0,2017-06-20,2017-06-20
2320889330014246468,2320889330014246468,,IDN,1,626.0,2015-09-17,2015-09-17
2321022808517640399,2321022808517640399,,AGO,2,346.0,2017-04-01,2017-04-15
2321226096937399656,2321226096937399656,,PRT,5,2076.0600000000004,2016-11-10,2017-01-19
2321318839125017399,2321318839125017399,,DEU,74,16909.78,2015-09-02,2017-08-30
2321835255315652367,2321835255315652367,,CHN,36,22260.760000000002,2015-07-12,2017-08-16
2329945612404648215,2329945612404648215,,BIH,2,171.0,2016-02-14,2016-04-23
2330708288590724011,2330708288590724011,,ESP,2,838.8,2017-04-13,2017-08-05
2331277769533307934,2331277769533307934,,PRT,7,910.0,2015-08-03,2017-07-26
2332327455253516265,2332327455253516265,,GBR,1,120.0,2017-05-24,2017-05-24
2333057778716203716,2333057778716203716,,PRT,1,42.0,2016-10-26,2016-10-26
2333425284548577184,2333425284548577184,,SWE,4,780.0,2017-01-14,2017-06-12
2333657627650516014,2333657627650516014,,EST,2,300.0,2016-11-21,2016-11-21
2336280826436946523,2336280826436946523,,PRT,1,35.0,2017-02-16,2017-02-16
2336737488798901441,2336737488798901441,,PRT,1,70.0,2015-11-18,2015-11-18
2337434652842422704,2337434652842422704,,GBR,13,3169.19,2016-09-13,2017-06-11
2338200891534503936,2338200891534503936,,BRA,12,4885.26,2015-09-13,2015-12-27
2338993009398186709,2338993009398186709,,TUR,1,93.0,2017-03-23,2017-03-23
2339589557348077366,2339589557348077366,,PRT,7,767.9,2015-09-25,2016-11-01
2340642560892772183,2340642560892772183,,LVA,1,406.0,2016-04-21,2016-04-21
2340943947126303906,2340943947126303906,,PRT,25,7432.86,2015-12-31,2017-08-01
2345874764116174019,2345874764116174019,,BEL,7,4628.6,2015-11-01,2017-06-17
2346837354596929966,2346837354596929966,,LUX,5,1938.2,2016-02-09,2017-08-19
2348257562540788966,2348257562540788966,,BGD,1,1815.0300000000002,2017-04-25,2017-04-25
2349125534265229957,2349125534265229957,,PRT,1,35.0,2017-01-31,2017-01-31
2350542744634007962,2350542744634007962,,PRT,6,204.0,2015-09-05,2017-08-31
2356926252797388977,2356926252797388977,,PRT,2,520.0,2016-09-14,2016-09-14
2358808723799971977,2358808723799971977,,GBR,1,85.0,2016-03-24,2016-03-24
2359658266111958460,2359658266111958460,,ITA,2,169.0,2016-05-24,2017-02-22
2361676586107983211,2361676586107983211,,PRT,35,26868.93,2015-07-06,2017-07-08
2367813754481988652,2367813754481988652,,GBR,2,724.5,2016-11-20,2017-03-14
2368900481481674436,2368900481481674436,,PRT,1,190.0,2015-11-04,2015-11-04
2368947471579917656,2368947471579917656,,MEX,2,143.0,2016-03-27,2017-03-05
2371388688031190138,2371388688031190138,,IRL,2,318.41999999999996,2016-06-06,2016-06-27
2372100010400503579,2372100010400503579,,PRT,5,0.0,2016-01-27,2017-05-13
2372160886470036526,2372160886470036526,,GBR,3,3978.8,2017-07-10,2017-08-13
2373524977075633037,2373524977075633037,,USA,4,975.96,2015-08-22,2016-01-08
2373934494717446942,2373934494717446942,,NLD,1,390.0,2017-05-16,2017-05-16
2374926693507244576,2374926693507244576,,JPN,1,110.0,2017-05-16,2017-05-16
2376957111834969848,2376957111834969848,,PRT,123,26767.11,2015-10-19,2017-07-07
2379758693733768724,2379758693733768724,,ESP,1,145.0,2015-10-20,2015-10-20
2380373314634010627,2380373314634010627,,GBR,3,297.0,2015-10-15,2016-04-01
2380859402739129272,2380859402739129272,,PRT,2,164.0,2015-12-04,2016-03-01
2384435288081615340,2384435288081615340,,DEU,1,380.0,2016-10-09,2016-10-09
2384504269040060855,2384504269040060855,,ZMB,1,580.02,2015-10-24,2015-10-24
2387514934334574046,2387514934334574046,,PRT,4,274.0,2016-03-29,2016-12-29
2388764270275410337,2388764270275410337,,CHN,1,50.0,2017-03-13,2017-03-13
2391513402386151627,2391513402386151627,,ITA,2,655.65,2015-10-13,2016-08-17
2392903085402510853,2392903085402510853,,PRT,1,125.0,2017-04-19,2017-04-19
2393209597499080736,2393209597499080736,,NOR,1,164.9,2016-08-11,2016-08-11
2394369348691667032,2394369348691667032,,BGR,2,660.0,2016-06-06,2016-06-06
2394578654686493713,2394578654686493713,,PRT,2,99.0,2016-04-08,2016-04-08
2395967853234824579,2395967853234824579,,MYS,6,1720.6,2016-09-18,2017-08-12
2396700179505229620,2396700179505229620,,BRA,2,2647.96,2017-08-04,2017-08-04
2397368610325305449,2397368610325305449,,DZA,2,502.0,2016-04-20,2016-10-30
2397662112321603325,2397662112321603325,,PRT,1,141.0,2017-08-09,2017-08-09
2398523853027405454,2398523853027405454,,CHN,3,1200.9,2015-07-05,2015-07-23
2398645192826800090,2398645192826800090,,GBR,5,1908.1399999999999,2017-06-18,2017-08-23
2402148536289726003,2402148536289726003,,ESP,1,68.0,2017-05-10,2017-05-10
2403247716915863640,2403247716915863640,,KWT,11,5318.8,2016-02-13,2017-08-31
2404986885438376311,2404986885438376311,,MOZ,9,2793.9,2017-05-11,2017-05-13
2406331350182374692,2406331350182374692,,PRT,1,76.0,2016-11-25,2016-11-25
2409416694484172920,2409416694484172920,,DZA,1,172.8,2017-07-27,2017-07-27
2409723194313962969,2409723194313962969,,FRA,1,184.0,2016-05-25,2016-05-25
2410694168711103369,2410694168711103369,,SWE,2,285.0,2016-11-22,2016-12-13
2415662188014708500,2415662188014708500,,SRB,1,340.0,2017-02-05,2017-02-05
2417143379436219407,2417143379436219407,,DEU,3,678.0,2016-03-07,2016-03-09
2417584048932356144,2417584048932356144,,CMR,1,356.01,2015-10-03,2015-10-03
2418367674292159969,2418367674292159969,,NLD,23,8831.03,2015-09-02,2017-07-28
2419554249473014642,2419554249473014642,,BRA,1,390.4,2016-04-18,2016-04-18
2420249795113789514,2420249795113789514,,ESP,6,2147.19,2016-12-16,2017-07-26
2421861209776249083,2421861209776249083,,PRT,1,150.0,2017-05-31,2017-05-31
2423935702054573246,2423935702054573246,,PRT,75,16468.93,2015-09-04,2017-06-16
2430983103216772904,2430983103216772904,,DEU,3,1171.0,2016-04-17,2017-05-06
2432906364173302250,2432906364173302250,,DEU,1,100.0,2016-09-15,2016-09-15
2434310496538111937,2434310496538111937,,GBR,33,11729.05,2016-05-22,2017-08-21
2434739020048595164,2434739020048595164,,PRT,11,1132.0,2016-04-20,2016-04-26
2441296508720516261,2441296508720516261,,FRA,1,270.0,2016-03-09,2016-03-09
2441854701287839593,2441854701287839593,,GBR,1,311.5,2015-09-29,2015-09-29
2446156957686875775,2446156957686875775,,BRA,1,256.0,2017-01-26,2017-01-26
2448507556254454521,2448507556254454521,,ITA,8,2225.1,2016-03-06,2017-05-04
2452562374753136108,2452562374753136108,,PRT,1,99.0,2016-09-26,2016-09-26
2453386347921265004,2453386347921265004,,MYS,2,435.0,2015-11-23,2015-11-23
2453595940319421634,2453595940319421634,,PRT,1,1112.0,2016-07-25,2016-07-25
2455949668573797054,2455949668573797054,,PRT,2,202.0,2017-02-10,2017-02-10
2456255670115954965,2456255670115954965,,PRT,1,144.0,2017-05-30,2017-05-30
2458051153435368478,2458051153435368478,,PRT,216,54993.02,2015-07-20,2017-08-28
2461735184082761389,2461735184082761389,,UKR,1,275.67,2016-07-13,2016-07-13
2465666449953742477,2465666449953742477,,PRT,1,320.0,2016-04-28,2016-04-28
2466586023920260421,2466586023920260421,,ARG,3,478.76,2016-01-01,2016-05-26
2472366120721552184,2472366120721552184,,NOR,1,320.0,2016-02-24,2016-02-24
2472602076841787297,2472602076841787297,,USA,1,85.5,2016-09-20,2016-09-20
2472643471277402933,2472643471277402933,,GBR,1,285.0,2015-10-11,2015-10-11
2474174736992324933,2474174736992324933,,THA,1,169.0,2016-09-23,2016-09-23
2474946699171394708,2474946699171394708,,SRB,14,7076.73,2016-02-25,2017-07-13
2475173790641466591,2475173790641466591,,DEU,1,522.32,2015-10-17,2015-10-17
2479008452732314023,2479008452732314023,,FIN,1,230.01,2015-10-10,2015-10-10
2479636255256204101,2479636255256204101,,LBN,17,7023.41,2015-09-14,2017-08-28
2479692978614463793,2479692978614463793,,PRT,3,1080.0,2016-06-02,2016-06-02
2484049278232286553,2484049278232286553,,LUX,1,0.0,2017-06-14,2017-06-14
2484449946328002435,2484449946328002435,,PRT,51,11006.4,2015-09-24,2017-05-27
2486092674442805589,2486092674442805589,,PRT,1,0.0,2016-05-21,2016-05-21
2486733650877169938,2486733650877169938,,ESP,2,484.03,2015-10-05,2015-12-18
2487156716402182807,2487156716402182807,,PRT,2,64.0,2017-03-18,2017-03-18
2487545429655509423,2487545429655509423,,LVA,2,374.4,2016-11-08,2016-11-08
2488515681390130728,2488515681390130728,,GBR,4,1754.32,2015-10-07,2016-05-18
2490934978915237011,2490934978915237011,,SWE,1,50.0,2016-11-29,2016-11-29
2496806013739829950,2496806013739829950,,PRT,4,675.25,2015-10-20,2017-05-09
2497400337663967951,2497400337663967951,,PRT,32,8061.9,2016-04-29,2017-08-31
2498115095085234298,2498115095085234298,,PRT,72,42.0,2015-08-04,2017-06-14
2501068440721700500,2501068440721700500,,GBR,1,0.0,2016-03-12,2016-03-12
2501343331169151613,2501343331169151613,,CHE,1,466.88,2016-09-03,2016-09-03
2502035458713689199,2502035458713689199,,ITA,106,46998.32,2015-08-20,2017-08-31
2502968561625154889,2502968561625154889,,PRT,2,180.0,2017-05-19,2017-05-19
2503296221204605684,2503296221204605684,,PRT,3,979.5,2015-09-06,2017-05-08
2503838418457650078,2503838418457650078,,ETH,1,447.2,2017-08-15,2017-08-15
2504900347328204648,2504900347328204648,,PRT,7,1807.0,2015-09-20,2017-02-02
2505122377889990277,2505122377889990277,,BRA,9,2262.8,2017-02-20,2017-08-26
2513032034828275736,2513032034828275736,,FRA,1,195.0,2015-11-28,2015-11-28
2513241770124022405,2513241770124022405,,AUT,1,195.0,2016-11-28,2016-11-28
2514952248540042622,2514952248540042622,,GBR,2,405.0,2016-10-05,2016-10-05
2515722130040715822,2515722130040715822,,FRA,8,4130.83,2016-05-21,2017-08-16
2517352471302329947,2517352471302329947,,FRA,1,160.0,2015-09-14,2015-09-14
2517495180759888714,2517495180759888714,,USA,6,1549.8,2015-07-28,2016-12-19
2523001691770652333,2523001691770652333,,UGA,1,126.0,2016-09-27,2016-09-27
2523404104174977199,2523404104174977199,,ESP,1,270.0,2016-09-15,2016-09-15
2525615839663630013,2525615839663630013,,RUS,3,2083.62,2015-07-10,2016-09-30
2525725300259115887,2525725300259115887,,AUT,6,1777.5,2017-05-19,2017-08-17
2528514920217661730,2528514920217661730,,AUS,1,120.0,2016-10-09,2016-10-09
2534768960710186783,2534768960710186783,,AGO,1,67.0,2017-02-17,2017-02-17
2535868673666924738,2535868673666924738,,CZE,1,1400.3500000000001,2017-07-23,2017-07-23
2537607689397400020,2537607689397400020,,FRA,8,934.5,2016-05-03,2017-06-07
2538942341754273356,2538942341754273356,,ESP,3,704.0,2016-01-09,2016-03-22
2539143102422983975,2539143102422983975,,RUS,7,5410.48,2015-07-26,2017-07-15
2540597432825947437,2540597432825947437,,FRA,1,115.0,2017-07-05,2017-07-05
2550090385156135962,2550090385156135962,,AUS,1,480.59999999999997,2017-07-15,2017-07-15
2550500318967750948,2550500318967750948,,PRT,1,42.0,2016-04-26,2016-04-26
2550860197021752701,2550860197021752701,,BRA,2,833.01,2016-07-21,2017-02-16
2553810357355989396,2553810357355989396,,DEU,1,195.6,2016-11-20,2016-11-20
2554767914455307290,2554767914455307290,,FRA,143,48037.32,2015-08-05,2016-08-06
2555352675050147458,2555352675050147458,,AUT,1,264.0,2015-08-12,2015-08-12
2556513952264150715,2556513952264150715,,DZA,2,660.0,2017-04-08,2017-05-09
2558243804642626403,2558243804642626403,,AGO,2,1000.0,2015-10-11,2015-10-11
2558653245315643483,2558653245315643483,,DEU,4,705.0,2016-05-30,2016-11-28
2559120457037910509,2559120457037910509,,ESP,8,3148.45,2016-05-21,2017-08-20
2559678762134016403,2559678762134016403,,ESP,1,220.0,2017-05-09,2017-05-09
2560218924101559523,2560218924101559523,,PRT,4,183.0,2016-01-07,2017-02-18
2560372874863722266,2560372874863722266,,FRA,3,618.64,2016-08-12,2017-06-08
2563164269693682036,2563164269693682036,,GTM,1,114.0,2017-05-16,2017-05-16
2565368496586703735,2565368496586703735,,PRT,27,7277.0,2015-08-18,2017-01-24
2566982879904873978,2566982879904873978,,ARG,1,196.8,2017-05-30,2017-05-30
2567099009418427847,2567099009418427847,,PRT,1,477.0,2016-09-25,2016-09-25
2569337591100285893,2569337591100285893,,CHE,3,2731.2,2016-04-08,2016-08-06
2571655806343721297,2571655806343721297,,TMP,1,391.20000000000005,2015-12-05,2015-12-05
2573290195283635069,2573290195283635069,,ISR,3,755.25,2016-06-20,2016-10-09
2574957866374046556,2574957866374046556,,PRT,3,300.8,2016-06-22,2016-09-27
2576002475732313150,2576002475732313150,,BEL,2,480.0,2016-05-30,2016-11-28
2578316331364003543,2578316331364003543,,CHN,2,1610.8200000000002,2017-06-11,2017-06-11
2579945935818335537,2579945935818335537,,PRT,7,300.0,2016-03-22,2017-03-28
2580917041652194359,2580917041652194359,,PRT,2,71.0,2017-03-10,2017-03-10
2581871983570168456,2581871983570168456,,PRT,1,123.3,2015-09-01,2015-09-01
2583233359551104914,2583233359551104914,,ESP,135,23835.0,2015-07-25,2015-12-05
2583450526656083362,2583450526656083362,,PRT,1,95.0,2017-07-29,2017-07-29
2585072994937866221,2585072994937866221,,PRT,1,88.0,2016-07-21,2016-07-21
2585402372172746087,2585402372172746087,,PRT,2,1072.0,2016-08-26,2016-08-26
2586007719381460250,2586007719381460250,,ITA,5,1875.0,2016-09-17,2016-09-17
2587113907775400852,2587113907775400852,,SWE,1,213.29999999999998,2017-08-17,2017-08-17
2587625387076956448,2587625387076956448,,FRA,4,174.0,2015-12-24,2015-12-28
2587836200843257854,2587836200843257854,,ESP,2,416.0,2015-10-09,2016-02-12
2590142459241690340,2590142459241690340,,UNK,1,420.0,2016-11-13,2016-11-13
2592545523802211091,2592545523802211091,,DEU,3,345.0,2017-01-12,2017-01-12
2593694952992566070,2593694952992566070,,PRT,11,5512.15,2015-07-31,2017-08-12
2594858858319457225,2594858858319457225,,ARG,1,192.99,2015-09-14,2015-09-14
2595134977364209169,2595134977364209169,,FRA,10,4862.8,2017-03-06,2017-08-24
2597930563284491398,2597930563284491398,,DEU,1,0.0,2016-07-13,2016-07-13
2603174099991960376,2603174099991960376,,GBR,1,252.5,2017-03-20,2017-03-20
2606130043139158663,2606130043139158663,,GBR,3,818.5,2015-10-23,2017-07-29
2606318298275884303,2606318298275884303,,UNK,17,1153.0,2015-07-01,2016-12-20
2608347791123620743,2608347791123620743,,LIE,1,182.4,2015-09-29,2015-09-29
2608619640291328201,2608619640291328201,,PRT,2,140.0,2016-12-12,2017-06-29
2610661311126903679,2610661311126903679,,PRT,4,225.0,2016-03-11,2016-03-11
2611722899064601973,2611722899064601973,,GBR,1,103.18,2015-07-19,2015-07-19
2615326196750559513,2615326196750559513,,PRT,3,279.0,2016-11-08,2016-11-08
2617076642201509531,2617076642201509531,,UNK,1,70.0,2017-03-01,2017-03-01
2620709343411677276,2620709343411677276,,PRT,1,75.0,2017-06-14,2017-06-14
2621415814835141959,2621415814835141959,,USA,2,189.0,2015-09-16,2016-06-04
2621599614562355512,2621599614562355512,,PRT,1,192.0,2016-11-18,2016-11-18
2623105330987792798,2623105330987792798,,PRT,2,105.0,2015-12-21,2017-02-15
2624289220837293330,2624289220837293330,,TUR,1,78.0,2016-12-16,2016-12-16
2626287728779880977,2626287728779880977,,HRV,1,476.0,2015-11-10,2015-11-10
2628658962357174011,2628658962357174011,,ARG,4,700.0,2016-01-24,2016-01-25
2632163759649436344,2632163759649436344,,PRT,23,2614.0,2016-01-20,2017-05-31
2632301309815036571,2632301309815036571,,GBR,3,1080.0,2016-06-26,2016-08-27
2632648027474888465,2632648027474888465,,DEU,1,442.8,2015-07-03,2015-07-03
2634212031512827032,2634212031512827032,,GBR,1,47.0,2016-10-23,2016-10-23
2634686487612805674,2634686487612805674,,SVK,1,286.77,2017-05-09,2017-05-09
2635756436594926727,2635756436594926727,,GBR,2,522.6800000000001,2015-10-12,2015-10-20
2638746132521506398,2638746132521506398,,ROU,25,23307.0,2016-06-20,2017-08-28
2643567549383250569,2643567549383250569,,DNK,1,0.0,2016-11-24,2016-11-24
2644497068071413702,2644497068071413702,,UNK,3,177.0,2016-03-14,2016-06-29
2645519073599414494,2645519073599414494,,GBR,46,20076.27,2017-01-22,2017-04-23
2646230560170189605,2646230560170189605,,GBR,6,1425.0,2016-05-23,2016-06-24
2646708862456960306,2646708862456960306,,CHN,1,153.0,2016-11-12,2016-11-12
2648711998015226162,2648711998015226162,,ATA,1,351.0,2016-10-13,2016-10-13
2654136701421698766,2654136701421698766,,NZL,1,141.12,2016-08-30,2016-08-30
2654587000417816983,2654587000417816983,,SWE,3,1210.0,2016-06-06,2016-06-06
2654955929294745796,2654955929294745796,,FRA,3,710.0,2016-02-03,2016-02-05
2657956570240077097,2657956570240077097,,IRL,1,459.2,2017-08-05,2017-08-05
2658169153580313236,2658169153580313236,,FRA,57,21119.36,2015-07-04,2017-08-14
2659383596070208831,2659383596070208831,,LBN,1,169.0,2016-06-15,2016-06-15
2659681185832232075,2659681185832232075,,PRT,12,6260.0,2015-09-25,2016-09-08
2660638492077066450,2660638492077066450,,USA,61,14360.89,2015-08-12,2017-08-27
2661183072864436181,2661183072864436181,,AUT,5,1390.9,2016-04-20,2016-10-06
2662227798350192428,2662227798350192428,,FRA,1,2565.0,2017-07-16,2017-07-16
2664316489893528043,2664316489893528043,,PRT,12,718.0,2015-11-18,2017-07-07
2667440351615073445,2667440351615073445,,FRA,10,4601.38,2016-09-28,2017-08-05
2667488715044005661,2667488715044005661,,PRT,1,0.0,2016-02-10,2016-02-10
2671416171588526290,2671416171588526290,,ESP,2,399.0,2015-12-05,2015-12-05
2672797297991078255,2672797297991078255,,FRA,1,935.0,2017-02-09,2017-02-09
2673899286870092560,2673899286870092560,,GBR,1,505.75,2016-07-11,2016-07-11
2674768525426459818,2674768525426459818,,ITA,1,99.0,2016-06-20,2016-06-20
2675002646856358379,2675002646856358379,,CZE,70,29589.0,2016-03-03,2017-08-20
2675693443772713994,2675693443772713994,,DNK,1,190.0,2016-06-24,2016-06-24
2677024007913573050,2677024007913573050,,GBR,3,186.0,2017-05-03,2017-05-03
2679978254808180196,2679978254808180196,,BRA,2,141.12,2016-04-08,2017-08-07
2680649391309816218,2680649391309816218,,GBR,1,242.25,2016-06-26,2016-06-26
2684864867478388153,2684864867478388153,,IRL,4,2257.8,2017-03-28,2017-08-30
2685228421326958317,2685228421326958317,,ESP,2,152.5,2015-12-04,2016-01-22
2686500737745931925,2686500737745931925,,ARG,2,244.0,2015-10-10,2015-10-31
2687802542494134442,2687802542494134442,,ETH,1,401.2,2017-03-19,2017-03-19
2688797207519707815,2688797207519707815,,JOR,1,66.57,2016-02-18,2016-02-18
2689585362727702292,2689585362727702292,,CHE,1,324.0,2016-03-05,2016-03-05
2689799737948654046,2689799737948654046,,PRT,1,109.65,2016-11-10,2016-11-10
2689933106906122908,2689933106906122908,,FRA,4,1031.1,2015-08-07,2017-07-07
2691956326105124759,2691956326105124759,,BEL,2,500.0,2017-04-05,2017-04-05
2693606080167901794,2693606080167901794,,CYP,3,573.0,2017-01-22,2017-06-19
2698456159037906449,2698456159037906449,,GBR,1,203.04,2016-09-21,2016-09-21
2700515895158779405,2700515895158779405,,SVK,1,330.0,2016-06-06,2016-06-06
2703164413459310657,2703164413459310657,,PRT,2,84.0,2017-01-19,2017-05-03
2703184343533552823,2703184343533552823,,PRT,4,268.0,2016-11-25,2016-11-25
2709867785404094553,2709867785404094553,,UNK,1,96.0,2015-10-28,2015-10-28
2713083694579317377,2713083694579317377,,PRT,1,109.0,2015-10-01,2015-10-01
2713968748910187950,2713968748910187950,,BEL,19,7048.89,2015-09-02,2017-05-21
2716308090568800556,2716308090568800556,,USA,5,1109.49,2016-03-11,2016-03-11
2716728598701015765,2716728598701015765,,PRT,8,4235.93,2015-07-07,2017-06-14
2723620641855749850,2723620641855749850,,FRA,2,1130.77,2017-06-05,2017-07-31
2727861570513660473,2727861570513660473,,LVA,12,5816.0,2015-09-09,2017-08-14
2729436737824698908,2729436737824698908,,BRA,1,138.66,2016-08-13,2016-08-13
2730180012891741801,2730180012891741801,,GBR,645,464682.13,2015-07-03,2017-08-31
2731972346734215790,2731972346734215790,,PRT,1,704.0,2016-09-22,2016-09-22
2733165192009229467,2733165192009229467,,DEU,1,207.0,2017-04-18,2017-04-18
2734018083327077642,2734018083327077642,,PRT,1,367.5,2017-08-21,2017-08-21
2734295608191106036,2734295608191106036,,PRT,1,90.0,2015-12-26,2015-12-26
2734783962172970008,2734783962172970008,,PRT,1,328.0,2017-06-26,2017-06-26
2736172664928406490,2736172664928406490,,ROU,3,758.99,2016-07-30,2016-09-22
2736591943462374644,2736591943462374644,,GBR,4,465.0,2016-09-20,2017-03-21
2737504943852897588,2737504943852897588,,PRT,14,10430.89,2015-07-12,2016-08-21
2737522935044162480,2737522935044162480,,CHN,4,1050.1,2017-01-31,2017-08-20
2739046972793517764,2739046972793517764,,ESP,1,51.0,2016-10-10,2016-10-10
2740611399875053199,2740611399875053199,,IRL,6,1498.06,2016-04-08,2017-03-20
2740873224389378451,2740873224389378451,,CRI,1,92.0,2017-04-02,2017-04-02
2742226122231532644,2742226122231532644,,RUS,1,1041.6,2015-08-22,2015-08-22
2744356899896211963,2744356899896211963,,IRL,17,7176.69,2015-07-14,2017-05-03
2746818854309760861,2746818854309760861,,PRT,1,336.0,2015-12-04,2015-12-04
2748263708122969150,2748263708122969150,,ESP,2,74.6,2015-10-14,2015-12-05
2748482846252741119,2748482846252741119,,FRA,2,480.75,2016-04-21,2016-04-21
2749614756882526019,2749614756882526019,,GBR,5,950.0,2016-11-20,2016-11-21
2752186289749514926,2752186289749514926,,PRT,1,25.0,2016-02-11,2016-02-11
2754961881647868078,2754961881647868078,,BEL,1,81.0,2016-10-16,2016-10-16
2756590647506562482,2756590647506562482,,PRT,1,38.4,2016-12-15,2016-12-15
2759035372874210618,2759035372874210618,,NGA,4,4127.1,2016-02-27,2016-03-25
2759988039117534533,2759988039117534533,,ESP,1,369.0,2015-10-19,2015-10-19
2760657739565479582,2760657739565479582,,ESP,13,3417.25,2015-09-04,2017-08-15
2761409714978647386,2761409714978647386,,GBR,1,120.0,2017-03-15,2017-03-15
2762969451833669140,2762969451833669140,,PRT,21,7350.0,2015-10-29,2017-08-23
2769411892201026284,2769411892201026284,,PRT,1,112.0,2016-08-30,2016-08-30
2770644705851135076,2770644705851135076,,NGA,1,55.07,2017-01-20,2017-01-20
2771661828742425994,2771661828742425994,,GBR,2,727.8,2015-10-24,2015-10-24
2775964790004197156,2775964790004197156,,RUS,7,1749.8000000000002,2015-11-29,2017-08-10
2777261094801270369,2777261094801270369,,POL,5,1870.0,2016-06-06,2016-06-06
2777424073249702698,2777424073249702698,,PRT,1,336.0,2016-03-24,2016-03-24
2780000518040615378,2780000518040615378,,CZE,1,140.0,2016-05-18,2016-05-18
2780199836169798370,2780199836169798370,,FIN,1,850.0,2015-09-25,2015-09-25
2783378305512842105,2783378305512842105,,GBR,3,750.81,2016-11-01,2017-06-29
2783947049669007029,2783947049669007029,,PRT,1,144.0,2017-05-26,2017-05-26
2786588592498544005,2786588592498544005,,GBR,1,102.0,2017-01-27,2017-01-27
2786672324256416645,2786672324256416645,,ITA,3,798.6,2015-09-03,2015-09-03
2787686674050689358,2787686674050689358,,IRL,3,450.0,2016-05-12,2016-10-06
2787702804012019257,2787702804012019257,,PRT,6,700.0,2015-10-19,2017-06-01
2788145637677982376,2788145637677982376,,PRT,1,79.0,2016-07-05,2016-07-05
2788787296804672383,2788787296804672383,,PRT,5,222.4,2016-02-17,2016-04-13
2789102760547782105,2789102760547782105,,AGO,3,744.99,2017-01-11,2017-03-05
2794139266748776054,2794139266748776054,,PRT,1,270.0,2016-05-05,2016-05-05
2801632567227070277,2801632567227070277,,PRT,1,420.0,2017-03-05,2017-03-05
2801762066830173113,2801762066830173113,,FRA,3,1735.4,2016-06-25,2017-08-13
2803666564336585319,2803666564336585319,,PER,1,147.8,2016-01-14,2016-01-14
2804240031701968677,2804240031701968677,,PRT,4,1820.0,2017-05-28,2017-05-30
2804347429592372503,2804347429592372503,,PRT,2,100.0,2016-02-10,2016-03-04
2805136845301667030,2805136845301667030,,PRT,1,100.0,2017-04-18,2017-04-18
2805526460124267111,2805526460124267111,,ESP,1,110.0,2017-05-08,2017-05-08
2809078451339109541,2809078451339109541,,IRL,1,0.0,2017-07-28,2017-07-28
2809589632912470816,2809589632912470816,,NLD,876,345006.27,2015-07-27,2017-08-28
2810465461498161852,2810465461498161852,,BRA,3,1792.19,2016-08-26,2017-08-03
2811583688619380891,2811583688619380891,,POL,2,767.9,2015-07-03,2016-12-27
2814287968787210885,2814287968787210885,,IRL,10,2926.71,2016-04-09,2016-09-28
2814384590097232489,2814384590097232489,,COL,1,200.0,2016-05-24,2016-05-24
2814419253311734662,2814419253311734662,,ESP,5,300.0,2015-11-27,2015-12-03
2815061597574683323,2815061597574683323,,ESP,289,123225.74,2015-08-07,2017-08-28
2816406168343393386,2816406168343393386,,JPN,1,87.2,2016-08-01,2016-08-01
2816431229967237161,2816431229967237161,,PRT,1,30.0,2016-01-11,2016-01-11
2816513065997813704,2816513065997813704,,DEU,1,300.0,2017-05-30,2017-05-30
2817330346870493341,2817330346870493341,,PRT,1,267.0,2015-10-15,2015-10-15
2817985723891934985,2817985723891934985,,POL,1,85.0,2017-01-26,2017-01-26
2820458229078101934,2820458229078101934,,JPN,1,1295.0,2016-03-01,2016-03-01
2820909999941789039,2820909999941789039,,BRA,1,110.0,2017-05-21,2017-05-21
2821482938648644422,2821482938648644422,,PRT,15,1455.5,2015-12-03,2017-04-08
2822725431781478511,2822725431781478511,,PRT,2,510.0,2017-04-06,2017-04-06
2823492204236349040,2823492204236349040,,BEL,1,190.0,2016-06-20,2016-06-20
2823981965361258560,2823981965361258560,,BGR,2,426.0,2016-01-19,2016-01-19
2826365266561447902,2826365266561447902,,CHN,1,477.59999999999997,2017-07-19,2017-07-19
2829402209484467594,2829402209484467594,,ESP,2,200.0,2016-09-15,2016-09-15
2832927935167883037,2832927935167883037,,ITA,1,120.0,2017-03-15,2017-03-15
2835787395633632259,2835787395633632259,,PRT,15,540.0,2015-11-12,2017-04-11
2837163569329721762,2837163569329721762,,PRT,2,89.0,2016-11-24,2017-03-16
2840798197095737223,2840798197095737223,,ESP,1,0.0,2016-04-15,2016-04-15
2842546646221931318,2842546646221931318,,USA,1,72.16,2017-08-27,2017-08-27
2842745931926501455,2842745931926501455,,DEU,1,6.0,2016-10-23,2016-10-23
2843889578458033615,2843889578458033615,,GBR,4,1292.82,2015-10-20,2016-09-14
2846711323604826046,2846711323604826046,,RUS,14,4797.13,2015-10-24,2017-08-12
2846833826287088784,2846833826287088784,,FRA,1,83.0,2016-05-10,2016-05-10
2847091411491924000,2847091411491924000,,LVA,1,140.0,2016-01-19,2016-01-19
2848804401649681557,2848804401649681557,,AUT,9,2458.59,2015-07-14,2017-05-03
2853130657943445981,2853130657943445981,,SWE,1,261.0,2017-04-07,2017-04-07
2856420499397886284,2856420499397886284,,UNK,1,0.0,2017-01-09,2017-01-09
2857150929887802997,2857150929887802997,,HUN,4,1680.0,2016-02-16,2017-08-16
2859354657594012344,2859354657594012344,,GBR,1,441.49,2017-03-27,2017-03-27
2860489490148207947,2860489490148207947,,PRT,1,109.65,2016-10-13,2016-10-13
2861090006806575476,2861090006806575476,,GRC,1,131.0,2016-04-06,2016-04-06
2861450399685993753,2861450399685993753,,DEU,1,135.45000000000002,2016-11-14,2016-11-14
2862099521816281599,2862099521816281599,,DEU,1,82.36,2016-02-08,2016-02-08
2864971651332635955,2864971651332635955,,NOR,1,320.0,2016-02-24,2016-02-24
2867535655427097646,2867535655427097646,,BEL,1,119.4,2016-10-27,2016-10-27
2868863358110145298,2868863358110145298,,USA,1,420.0,2016-11-13,2016-11-13
2875932044362868536,2875932044362868536,,PRT,1,189.0,2016-05-17,2016-05-17
2876511874151080716,2876511874151080716,,ITA,1,500.0,2017-05-29,2017-05-29
2877027843451703095,2877027843451703095,,FIN,1,255.0,2016-07-06,2016-07-06
2879106056761351277,2879106056761351277,,UNK,1,60.0,2017-03-22,2017-03-22
2880046208734168669,2880046208734168669,,PRT,20,1643.0,2016-06-06,2017-08-29
2880496280676326763,2880496280676326763,,PRT,1,324.0,2016-11-27,2016-11-27
2880681052262204796,2880681052262204796,,ARG,1,64.0,2017-01-29,2017-01-29
2882622855315968690,2882622855315968690,,PRT,7,2862.6499999999996,2015-07-07,2016-10-14
2887539991047488407,2887539991047488407,,HRV,1,396.5,2016-04-16,2016-04-16
2887646875858102382,2887646875858102382,,PRT,1,43.0,2016-11-28,2016-11-28
2887817347005510435,2887817347005510435,,ESP,16,3640.15,2015-09-23,2017-08-18
2890497082930726178,2890497082930726178,,ITA,2,780.0,2017-05-16,2017-05-17
2891068855216397894,2891068855216397894,,USA,1,115.0,2017-08-27,2017-08-27
2892104968267468558,2892104968267468558,,CHN,93,23239.1,2015-09-16,2017-08-28
2892137007473556931,2892137007473556931,,ESP,2,255.0,2015-10-08,2015-10-30
2892817112750499444,2892817112750499444,,POL,1,240.29999999999998,2017-04-14,2017-04-14
2892945615747406610,2892945615747406610,,CHN,2,243.0,2017-06-06,2017-06-06
2894000879210820034,2894000879210820034,,POL,1,520.1700000000001,2017-01-11,2017-01-11
2894144433370351552,2894144433370351552,,POL,5,1066.38,2015-10-03,2017-01-19
2895850871732088637,2895850871732088637,,FRA,14,5834.17,2016-02-13,2017-03-05
2897498432184899626,2897498432184899626,,ARG,1,2016.0,2017-08-16,2017-08-16
2897818352427044126,2897818352427044126,,CRI,3,1024.0,2015-10-26,2016-05-01
2900679949411168396,2900679949411168396,,CHN,2,1290.03,2017-08-05,2017-08-05
2901065101175039161,2901065101175039161,,AUS,1,565.6,2015-08-13,2015-08-13
2902487521737053755,2902487521737053755,,USA,1,42.65,2016-10-19,2016-10-19
2902609114061046256,2902609114061046256,,NGA,1,582.54,2017-04-15,2017-04-15
2907804756795009321,2907804756795009321,,UKR,1,138.5,2017-06-08,2017-06-08
2908597109047895778,2908597109047895778,,ESP,1,120.0,2017-05-24,2017-05-24
2909279727376504732,2909279727376504732,,PRT,1,38.0,2015-12-17,2015-12-17
2913572763560914371,2913572763560914371,,UNK,2,118.0,2015-10-27,2015-11-18
2914587511947545454,2914587511947545454,,PRT,36,9304.119999999999,2017-05-15,2017-08-26
2915301500873262603,2915301500873262603,,PRT,1,75.0,2016-03-08,2016-03-08
2915483812683199489,2915483812683199489,,FRA,30,15948.98,2015-10-18,2017-08-07
2915601424245356184,2915601424245356184,,RUS,1,0.0,2016-05-03,2016-05-03
2915770049185344449,2915770049185344449,,PRT,1,190.74,2016-03-24,2016-03-24
2918196045293808151,2918196045293808151,,SVN,2,400.0,2015-10-15,2015-10-15
2922190969257247978,2922190969257247978,,AUT,1,230.0,2017-07-05,2017-07-05
2923970933796849371,2923970933796849371,,ESP,8,5644.9400000000005,2015-07-20,2015-09-17
2924708936526249691,2924708936526249691,,NLD,2,505.01,2016-06-15,2016-09-22
2925109291335356918,2925109291335356918,,DEU,2,150.0,2016-02-22,2016-11-15
2926112380078266770,2926112380078266770,,PRT,14,4000.0,2015-08-26,2017-05-20
2926434244095711639,2926434244095711639,,ISL,4,2737.05,2017-01-19,2017-08-01
2928538236121769834,2928538236121769834,,MEX,4,704.0,2015-08-21,2015-10-14
2932220391785122424,2932220391785122424,,SRB,2,896.8,2017-03-02,2017-06-15
2932440596254320722,2932440596254320722,,UNK,3,622.02,2015-09-24,2015-09-24
2935122869920029555,2935122869920029555,,GBR,4,1561.63,2017-01-22,2017-04-22
2935842831015905423,2935842831015905423,,AUS,1,783.0,2015-11-02,2015-11-02
2936638733388664211,2936638733388664211,,ROU,2,944.6399999999999,2017-04-15,2017-07-16
2939649135355821892,2939649135355821892,,PRT,17,11000.02,2016-11-18,2017-08-18
2940685221760008941,2940685221760008941,,BRA,3,504.90000000000003,2016-12-05,2017-03-06
2943037434649214674,2943037434649214674,,NLD,121,37654.16,2015-09-02,2017-08-27
2943864499279671491,2943864499279671491,,PRT,1,129.0,2015-11-15,2015-11-15
2945932085861553380,2945932085861553380,,EGY,1,255.0,2016-10-04,2016-10-04
2946128210616695444,2946128210616695444,,AUS,1,338.08,2015-09-30,2015-09-30
2952945278578518814,2952945278578518814,,PRT,5,218.0,2015-08-07,2016-02-15
2954686478951523197,2954686478951523197,,MKD,2,822.8,2016-10-03,2016-10-03
2955085085573289005,2955085085573289005,,PRT,10,3123.71,2015-10-13,2016-08-13
2955755106007445611,2955755106007445611,,SVN,1,427.5,2016-11-26,2016-11-26
2958978743361216337,2958978743361216337,,GBR,2,2159.05,2017-08-08,2017-08-08
2959167133242235388,2959167133242235388,,HRV,1,170.0,2017-01-25,2017-01-25
2962749794474812843,2962749794474812843,,GBR,1,3039.96,2016-08-14,2016-08-14
2963272890120165338,2963272890120165338,,GBR,1,58.0,2015-10-18,2015-10-18
2964977117102822589,2964977117102822589,,PRT,1,45.0,2016-03-30,2016-03-30
2965045906069695022,2965045906069695022,,USA,3,1615.0,2016-09-03,2016-09-04
2965288329683589751,2965288329683589751,,PRT,1,124.0,2015-09-20,2015-09-20
2967834557627503537,2967834557627503537,,PRT,1,0.0,2016-06-17,2016-06-17
2968072737810304078,2968072737810304078,,PRT,2,190.0,2016-03-31,2016-03-31
2969999053930566380,2969999053930566380,,IND,2,516.0,2017-07-09,2017-07-09
2970794373271273323,2970794373271273323,,MUS,1,588.0,2016-02-09,2016-02-09
2971620039767669450,2971620039767669450,,PRT,1,58.5,2016-04-20,2016-04-20
2978447569141600445,2978447569141600445,,DEU,30,8694.369999999999,2016-03-06,2017-06-16
2978450862615901562,2978450862615901562,,BEL,1,224.0,2016-11-21,2016-11-21
2979042991519364756,2979042991519364756,,DEU,1,238.5,2015-09-04,2015-09-04
2979044012973375589,2979044012973375589,,GBR,1,650.0,2017-05-14,2017-05-14
2981960387280249081,2981960387280249081,,DNK,1,230.01,2015-09-04,2015-09-04
2982360058525996049,2982360058525996049,,DNK,1,58.31,2017-01-23,2017-01-23
2982930011354692653,2982930011354692653,,EST,1,71.0,2016-04-28,2016-04-28
2983452408617007478,2983452408617007478,,ITA,9,2907.82,2015-12-19,2016-09-03
2988869162476631772,2988869162476631772,,PRT,9,1950.0,2016-06-21,2016-06-22
2989440660446766706,2989440660446766706,,ITA,4,504.0,2016-03-13,2017-05-02
2990302489199744427,2990302489199744427,,PRT,1,45.0,2016-10-12,2016-10-12
2991872114555628113,2991872114555628113,,FRA,2,419.49,2015-08-06,2015-08-06
2994795215974820299,2994795215974820299,,SVN,1,226.38,2015-08-31,2015-08-31
2995446287927742278,2995446287927742278,,DEU,1,100.0,2016-12-04,2016-12-04
2995505286262839040,2995505286262839040,,PRT,4,980.0,2017-04-21,2017-05-03
2996745698828340108,2996745698828340108,,AUT,2,745.1999999999999,2016-07-02,2016-10-26
2998221699255270959,2998221699255270959,,ROU,2,765.5999999999999,2017-02-26,2017-07-15
2998352991259760468,2998352991259760468,,ESP,6,1124.26,2016-12-26,2017-06-24
2998644638219309043,2998644638219309043,,PRT,3,585.0,2017-01-18,2017-01-18
3001849698691552473,3001849698691552473,,KAZ,1,254.0,2016-04-22,2016-04-22
3002448639471264544,3002448639471264544,,PRT,18,5488.5,2016-05-04,2017-05-25
3004131367415631943,3004131367415631943,,IRL,9,3996.51,2015-10-08,2015-12-22
3008811689023290657,3008811689023290657,,GEO,1,1195.0,2017-08-05,2017-08-05
3011478263318040257,3011478263318040257,,FRA,2,817.01,2017-03-13,2017-03-13
3017166306300333153,3017166306300333153,,PRT,7,361.79999999999995,2016-04-06,2017-04-11
3020484148452902670,3020484148452902670,,PRT,1,476.0,2017-04-03,2017-04-03
3020672603106649617,3020672603106649617,,ITA,4,4960.0,2016-07-25,2016-07-25
3026130322155103084,3026130322155103084,,ITA,2,130.0,2015-09-01,2016-04-29
3029558404868235926,3029558404868235926,,ARG,1,503.2,2017-01-20,2017-01-20
3031341752222025922,3031341752222025922,,FRA,17,4027.99,2015-12-09,2016-10-13
3032261815882933471,3032261815882933471,,ROU,1,225.0,2016-11-16,2016-11-16
3040149086590109745,3040149086590109745,,MLT,1,216.0,2017-04-12,2017-04-12
3041526517620783758,3041526517620783758,,PRT,2,563.5,2016-10-07,2016-11-23
3043310345916029905,3043310345916029905,,BEL,25,4515.99,2015-10-15,2017-03-03
3044969645552383491,3044969645552383491,,ROU,2,835.92,2016-01-08,2016-05-29
3045850411679916997,3045850411679916997,,OMN,2,2501.8,2015-07-02,2015-09-17
3046189407310379999,3046189407310379999,,UNK,2,259.0,2017-02-11,2017-03-16
3046532959936899800,3046532959936899800,,IRL,2,105.0,2017-02-21,2017-02-21
3051872156332658373,3051872156332658373,,PRT,12,2681.0,2016-09-26,2017-08-11
3054525950301951120,3054525950301951120,,UNK,9,403.0,2015-10-28,2017-04-11
3059447049547200110,3059447049547200110,,RUS,2,426.0,2016-01-19,2016-01-19
3061518307244578202,3061518307244578202,,ARM,1,387.09999999999997,2016-05-04,2016-05-04
3061614389572302495,3061614389572302495,,GBR,7,4396.52,2016-01-05,2017-08-01
3061721636253625789,3061721636253625789,,ITA,2,528.0,2016-03-31,2016-05-25
3066695216350025432,3066695216350025432,,ESP,1,291.9,2016-06-03,2016-06-03
3067185435580409995,3067185435580409995,,DOM,1,272.01,2016-10-07,2016-10-07
3069719669045269926,3069719669045269926,,DEU,1,705.1999999999999,2017-06-23,2017-06-23
3070022383941183100,3070022383941183100,,LBY,1,510.0,2017-07-16,2017-07-16
3071513416314643063,3071513416314643063,,AUT,2,765.0,2016-05-26,2016-07-23
3073350896831413638,3073350896831413638,,TUR,1,588.21,2016-01-30,2016-01-30
3075050666721923726,3075050666721923726,,USA,1,1530.2,2016-08-29,2016-08-29
3081931943443123067,3081931943443123067,,FRA,4,1762.36,2016-11-07,2017-06-16
3082457732488897988,3082457732488897988,,PRT,1,70.0,2016-05-15,2016-05-15
3082517026106121176,3082517026106121176,,GBR,1,1206.0,2015-07-06,2015-07-06
3086351024503137261,3086351024503137261,,GBR,3,1222.65,2015-09-29,2016-05-19
3086862990179632242,3086862990179632242,,IRL,4,3420.0,2016-04-28,2017-05-09
3087018984438729365,3087018984438729365,,DEU,2,690.0,2017-05-10,2017-05-10
3087794208906159579,3087794208906159579,,AUT,1,560.0,2017-04-09,2017-04-09
3087912318640271860,3087912318640271860,,DEU,1,80.0,2016-05-06,2016-05-06
3088239342835961639,3088239342835961639,,ESP,5,906.6,2015-12-05,2015-12-05
3088731125244218654,3088731125244218654,,MEX,1,85.0,2016-05-29,2016-05-29
3093252644039745098,3093252644039745098,,CHN,71,24182.78,2017-05-07,2017-08-29
3093911784126162782,3093911784126162782,,FRA,7,1383.0,2016-01-05,2016-12-21
3095198203155486871,3095198203155486871,,BRA,48,15767.45,2015-07-30,2017-08-30
3096460455221163294,3096460455221163294,,ESP,1,144.0,2015-08-17,2015-08-17
3100694510792470829,3100694510792470829,,GBR,17,8408.460000000001,2015-09-07,2016-10-28
3100735610627919843,3100735610627919843,,DEU,3,778.68,2016-08-22,2017-03-22
3100796412725858430,3100796412725858430,,NLD,3,440.0,2016-05-30,2016-11-29
3101418673223046232,3101418673223046232,,FIN,2,0.0,2015-10-27,2016-10-25
3101511154242465784,3101511154242465784,,ESP,1,200.0,2016-10-06,2016-10-06
3104154268120314984,3104154268120314984,,ESP,1,38.4,2016-12-12,2016-12-12
3105130673223532806,3105130673223532806,,CAF,1,503.30000000000007,2016-09-19,2016-09-19
3106043075698431776,3106043075698431776,,PRT,7,5531.75,2016-04-23,2016-08-06
3108252190620858400,3108252190620858400,,UNK,1,40.0,2016-11-16,2016-11-16
3109413007108859299,3109413007108859299,,SWE,1,349.2,2015-12-26,2015-12-26
3110188653539545243,3110188653539545243,,FRA,1,405.45000000000005,2016-09-18,2016-09-18
3111123447860275606,3111123447860275606,,UKR,1,441.0,2016-03-17,2016-03-17
3114954815846418881,3114954815846418881,,ESP,2,120.0,2016-01-25,2016-01-25
3120503209091942742,3120503209091942742,,IRL,1,265.58,2017-01-01,2017-01-01
3122886105298631200,3122886105298631200,,NLD,20,7097.25,2015-12-14,2017-08-14
3123475120113253794,3123475120113253794,,FRA,1,438.0,2016-09-29,2016-09-29
3124393866009806321,3124393866009806321,,GBR,34,9098.24,2016-02-26,2017-08-05
3124879095735170874,3124879095735170874,,IRL,109,40197.08,2015-08-16,2017-08-27
3127847413232881299,3127847413232881299,,NOR,1,120.0,2016-06-02,2016-06-02
3128356848756081972,3128356848756081972,,FRA,63,34896.020000000004,2016-11-03,2017-03-27
3129084008809619259,3129084008809619259,,USA,9,2388.0,2017-01-07,2017-01-09
3131627454704080804,3131627454704080804,,PRT,14,2345.6,2015-07-02,2016-03-02
3132192563400805120,3132192563400805120,,CHE,3,1026.15,2016-04-28,2017-06-12
3133021591029952073,3133021591029952073,,PRT,2,216.0,2017-01-01,2017-08-19
3133861986022945127,3133861986022945127,,PRT,1,30.0,2017-02-21,2017-02-21
3135118833430736929,3135118833430736929,,GBR,3,276.0,2016-12-23,2017-03-06
3136282944347429767,3136282944347429767,,FRA,2,364.0,2017-02-18,2017-02-18
3136607872665449351,3136607872665449351,,ITA,1,266.01,2017-01-27,2017-01-27
3136759616970767891,3136759616970767891,,NOR,1,256.5,2016-05-21,2016-05-21
3137309131335039849,3137309131335039849,,PRT,9,2582.84,2016-05-10,2016-09-28
3138799414319186636,3138799414319186636,,SWE,5,757.03,2015-10-10,2015-10-17
3140010188004143173,3140010188004143173,,USA,1,130.0,2017-06-19,2017-06-19
3141325835848599544,3141325835848599544,,PRT,10,7012.04,2015-07-11,2015-09-08
3145603021879400976,3145603021879400976,,EST,2,295.18,2016-09-16,2016-09-16
3145792956691816098,3145792956691816098,,PRT,2,82.80000000000001,2016-11-02,2016-11-03
3150663934473670395,3150663934473670395,,PRT,3,307.0,2016-11-30,2017-03-27
3151015090690292715,3151015090690292715,,AUS,2,543.0,2016-04-18,2017-04-19
3156672847932637293,3156672847932637293,,PRT,2,156.0,2016-11-21,2017-02-06
3159872802472365626,3159872802472365626,,CHN,1,160.2,2017-07-24,2017-07-24
3160180034056312565,3160180034056312565,,PRT,6,848.43,2015-08-09,2017-08-22
3164675531258092476,3164675531258092476,,LUX,2,240.0,2015-10-01,2015-10-01
3165517153884349053,3165517153884349053,,DNK,1,440.0,2017-04-05,2017-04-05
3166065674777677673,3166065674777677673,,ESP,2,716.0,2016-06-17,2016-06-17
3170607485244336306,3170607485244336306,,GBR,24,7702.89,2016-05-11,2017-06-09
3170665754509238253,3170665754509238253,,NOR,2,452.28,2015-09-25,2015-09-25
3170956179919871587,3170956179919871587,,CYP,1,54.0,2016-10-17,2016-10-17
3170980697857022649,3170980697857022649,,PRT,5,1311.0,2015-12-01,2015-12-09
3177818078435191532,3177818078435191532,,PRT,2,675.0,2015-09-30,2015-09-30
3178219429070824222,3178219429070824222,,DOM,6,3660.9,2017-01-03,2017-07-28
3178786956509022741,3178786956509022741,,IRL,1,54.4,2017-01-17,2017-01-17
3184013761622977073,3184013761622977073,,USA,1,260.0,2017-01-21,2017-01-21
3185302088071926052,3185302088071926052,,DEU,1,99.0,2016-09-26,2016-09-26
3186864174898300324,3186864174898300324,,FIN,1,210.0,2015-11-23,2015-11-23
3188138806992039147,3188138806992039147,,DEU,1,0.0,2016-03-16,2016-03-16
3188905229972522060,3188905229972522060,,RUS,1,2664.76,2016-08-06,2016-08-06
3190850034046348989,3190850034046348989,,FRA,462,209329.62,2015-08-14,2017-08-24
3191311278900965767,3191311278900965767,,ESP,6,787.91,2016-01-12,2016-12-19
3193944876199176334,3193944876199176334,,PRT,1,158.0,2016-03-21,2016-03-21
3194527197126950491,3194527197126950491,,BEL,5,985.0,2016-12-31,2017-05-28
3194745830456417157,3194745830456417157,,PRT,2,30.0,2016-03-04,2016-11-15
3195992663324461595,3195992663324461595,,ESP,1,46.2,2016-11-15,2016-11-15
3196632970374634845,3196632970374634845,,FRA,2,446.0,2016-10-12,2017-03-02
3198422521253516893,3198422521253516893,,DZA,2,1026.0,2016-08-21,2016-08-22
3198812145914759898,3198812145914759898,,DNK,1,264.0,2016-10-12,2016-10-12
3201547907867882926,3201547907867882926,,CHL,7,1862.48,2016-02-18,2016-09-18
3203934035089586074,3203934035089586074,,DEU,31,11080.05,2016-11-06,2017-08-31
3206798474948192690,3206798474948192690,,MYS,2,682.0,2015-10-15,2016-12-22
3211110706595050925,3211110706595050925,,NOR,1,66.0,2016-10-19,2016-10-19
3211699511278331479,3211699511278331479,,PRT,1,84.0,2016-11-28,2016-11-28
3213413066330654183,3213413066330654183,,SUR,1,224.0,2016-10-06,2016-10-06
3218701845113044237,3218701845113044237,,PRT,3,336.0,2015-07-16,2015-08-06
3219989175393561270,3219989175393561270,,PRT,2,169.0,2016-12-11,2016-12-11
3220854700011897677,3220854700011897677,,PRT,1,80.0,2016-01-25,2016-01-25
3222507577411082803,3222507577411082803,,IRL,2,1106.14,2015-07-31,2016-05-24
3226917835294638147,3226917835294638147,,NLD,2,355.0,2016-01-18,2016-01-19
3229228773642786925,3229228773642786925,,RUS,1,390.0,2017-05-16,2017-05-16
3231604176792259414,3231604176792259414,,GBR,4,3519.7,2016-09-15,2017-06-22
3232361185099487081,3232361185099487081,,NLD,3,778.5,2017-06-19,2017-08-16
3232771048251255159,3232771048251255159,,PRT,7,1395.0,2017-04-29,2017-04-29
3234244312034596002,3234244312034596002,,ITA,2,284.0,2016-01-19,2016-01-19
3234520987663027028,3234520987663027028,,NZL,1,348.0,2017-03-26,2017-03-26
3235716618914017569,3235716618914017569,,CYP,16,4702.2,2016-05-07,2017-08-20
3236478515022255441,3236478515022255441,,VEN,2,776.49,2015-08-31,2015-10-19
3237879810762902194,3237879810762902194,,PRT,16,2669.0,2015-10-15,2017-03-03
3242577948503474844,3242577948503474844,,CZE,3,849.2,2016-02-11,2017-06-16
3243690442403441252,3243690442403441252,,FRA,175,69925.67,2015-07-27,2017-08-19
3243936067456298464,3243936067456298464,,UNK,1,635.6,2016-07-02,2016-07-02
3252929464866904851,3252929464866904851,,ZAF,1,160.2,2017-05-07,2017-05-07
3254103548104732357,3254103548104732357,,USA,1,30.99,2017-01-09,2017-01-09
3254653763567552821,3254653763567552821,,DEU,2,739.0,2015-09-12,2016-05-07
3256207860284261307,3256207860284261307,,PRT,1,312.0,2017-02-13,2017-02-13
3258272793326008954,3258272793326008954,,PRT,3,262.0,2016-04-13,2017-06-28
3260370661757199164,3260370661757199164,,GBR,15,5006.13,2017-05-17,2017-08-12
3260760709172488588,3260760709172488588,,PRT,1,30.0,2017-03-06,2017-03-06
3262578639346012365,3262578639346012365,,PRT,1,42.4,2016-03-23,2016-03-23
3262804259219532691,3262804259219532691,,PRT,1,270.0,2016-09-30,2016-09-30
3266817549131084216,3266817549131084216,,PRT,1,0.0,2016-12-16,2016-12-16
3267523183776735201,3267523183776735201,,PRT,1,353.8,2016-06-10,2016-06-10
3268464043707888823,3268464043707888823,,NLD,1,240.29999999999998,2017-07-19,2017-07-19
3268960907729034136,3268960907729034136,,VNM,2,817.95,2016-09-15,2017-08-23
3269190934039530840,3269190934039530840,,DZA,1,225.0,2017-01-16,2017-01-16
3272962834394735635,3272962834394735635,,BEL,10,2407.0,2016-01-25,2017-07-18
3276269018924533851,3276269018924533851,,FRA,5,1287.42,2015-09-30,2017-03-29
3278194235013009382,3278194235013009382,,PRT,2,290.0,2015-11-13,2015-11-13
3278442117718045594,3278442117718045594,,PRT,4,4609.5,2016-06-22,2016-09-25
3279864178444505248,3279864178444505248,,HRV,4,731.0,2015-10-14,2016-06-03
3281881262304936149,3281881262304936149,,PRT,30,3580.5,2015-11-18,2017-07-05
3284286400404109479,3284286400404109479,,CYP,1,92.65,2016-06-08,2016-06-08
3285079005669213118,3285079005669213118,,PRT,1,45.0,2017-05-31,2017-05-31
3287463668560809337,3287463668560809337,,PRT,2,864.0,2015-11-18,2015-11-18
3288311546974321868,3288311546974321868,,PRT,9,483.0,2016-03-15,2016-08-03
3289325515043898050,3289325515043898050,,PRT,3,407.38,2016-12-08,2017-08-05
3290809875311549434,3290809875311549434,,CPV,2,845.0,2016-11-11,2017-03-19
3291357657282659591,3291357657282659591,,PRT,5,475.0,2015-11-19,2015-12-18
3291626909939316807,3291626909939316807,,PAK,1,731.4300000000001,2017-08-25,2017-08-25
3294518504900654256,3294518504900654256,,BIH,1,180.0,2016-07-30,2016-07-30
3294688601499528811,3294688601499528811,,ASM,1,72.07,2017-01-25,2017-01-25
3295455382548920818,3295455382548920818,,ESP,1,42.5,2017-02-27,2017-02-27
3297799942526652580,3297799942526652580,,DEU,6,1335.0,2016-09-26,2016-10-12
3301298783306433483,3301298783306433483,,PRT,1,489.65000000000003,2017-05-07,2017-05-07
3301672438209949415,3301672438209949415,,SWE,1,390.0,2017-05-09,2017-05-09
3303158023230586339,3303158023230586339,,BEN,3,864.0,2016-07-21,2017-05-15
3305232673634929887,3305232673634929887,,PRT,1,65.0,2017-03-15,2017-03-15
3306036127460483420,3306036127460483420,,POL,1,270.0,2015-10-19,2015-10-19
3306789710637820344,3306789710637820344,,PRT,1,228.0,2015-07-16,2015-07-16
3308752802026990203,3308752802026990203,,PRT,3,1275.0,2017-04-02,2017-04-05
3309263406011518124,3309263406011518124,,ZAF,12,5088.79,2015-12-10,2017-08-18
3312142360068122488,3312142360068122488,,UNK,2,79.0,2016-01-14,2016-01-28
3313198351133531007,3313198351133531007,,PRT,2,208.0,2017-02-21,2017-02-21
3314613833410725917,3314613833410725917,,FRA,1,209.2,2017-01-21,2017-01-21
3316026808883366061,3316026808883366061,,AGO,1,1980.0,2016-09-12,2016-09-12
3316044642581304289,3316044642581304289,,PRT,1,480.0,2015-11-03,2015-11-03
3319200033059052789,3319200033059052789,,ESP,1,170.0,2016-04-16,2016-04-16
3320444662574157045,3320444662574157045,,GBR,1,206.0,2017-08-16,2017-08-16
3321335164230126893,3321335164230126893,,FRA,4,3270.8099999999995,2016-05-27,2016-08-06
3321830393220546821,3321830393220546821,,PRT,1,90.8,2016-09-20,2016-09-20
3322532781777939844,3322532781777939844,,GIB,1,171.0,2015-11-20,2015-11-20
3322628599520967612,3322628599520967612,,PRT,3,1412.0,2015-09-23,2015-09-23
3322635344904267488,3322635344904267488,,LBN,1,364.0,2017-05-09,2017-05-09
3327268996835836710,3327268996835836710,,GBR,93,39203.24,2015-07-24,2017-08-18
3327874695821797306,3327874695821797306,,CHL,28,11639.26,2016-02-09,2017-07-08
3329386662432913660,3329386662432913660,,CHN,5,212.0,2016-03-17,2017-03-13
3330246673970400173,3330246673970400173,,EGY,1,850.0,2015-09-25,2015-09-25
3332618228498517797,3332618228498517797,,PRT,1,338.76,2016-09-21,2016-09-21
3332830593260394533,3332830593260394533,,FRA,4,996.12,2016-02-11,2017-05-01
3335800162628607267,3335800162628607267,,EST,11,7844.2,2016-09-02,2016-09-23
3337230046302504363,3337230046302504363,,IRN,2,486.99,2016-02-28,2016-02-29
3337859708834729662,3337859708834729662,,JPN,1,71.69,2015-12-08,2015-12-08
3339753343770365722,3339753343770365722,,USA,2,200.32,2016-12-17,2017-05-30
3339953727129705626,3339953727129705626,,NLD,1,590.0,2017-07-24,2017-07-24
3340678590534064386,3340678590534064386,,ESP,1,45.0,2016-04-08,2016-04-08
3340901169069395512,3340901169069395512,,PRT,2,356.4,2017-05-13,2017-05-17
3342549275219987154,3342549275219987154,,SWE,1,140.0,2017-07-27,2017-07-27
3343749995047564696,3343749995047564696,,PRT,1,65.0,2016-09-29,2016-09-29
3343971772503332326,3343971772503332326,,IRL,1,528.99,2015-12-22,2015-12-22
3344982696707590971,3344982696707590971,,PRT,2,54.9,2016-10-26,2017-04-20
3347893496040025598,3347893496040025598,,MAR,1,225.0,2016-03-08,2016-03-08
3348079101942965425,3348079101942965425,,RUS,2,360.0,2017-01-25,2017-01-25
3350451752065554669,3350451752065554669,,IRL,17,9915.99,2017-05-08,2017-05-08
3350770446322119957,3350770446322119957,,AGO,4,0.0,2015-08-02,2016-11-09
3353338020846110170,3353338020846110170,,BEL,8,2188.85,2016-03-11,2016-07-18
3354025724783096617,3354025724783096617,,GHA,1,73.0,2017-02-22,2017-02-22
3357139535828457347,3357139535828457347,,BRA,67,32312.04,2015-09-10,2017-08-21
3359156343716385637,3359156343716385637,,PRT,11,6004.88,2016-11-04,2017-08-24
3359179455942028075,3359179455942028075,,PRT,1,1042.02,2017-06-10,2017-06-10
3359485938628855245,3359485938628855245,,UNK,2,468.0,2016-07-04,2016-10-24
3362122310180019377,3362122310180019377,,BEL,1,0.0,2016-04-12,2016-04-12
3364429111774057772,3364429111774057772,,IRL,1,212.04,2016-04-25,2016-04-25
3366259781169063204,3366259781169063204,,PRT,1,43.0,2016-03-30,2016-03-30
3368413180480690962,3368413180480690962,,PRT,13,1119.0,2015-10-19,2017-05-30
3368982801672292687,3368982801672292687,,MAR,1,979.3799999999999,2015-08-20,2015-08-20
3370620936669550496,3370620936669550496,,PRT,1,294.0,2016-11-21,2016-11-21
3371681085059877224,3371681085059877224,,PRT,1,110.0,2017-05-14,2017-05-14
3375324097302444690,3375324097302444690,,CHE,1,357.0,2016-09-19,2016-09-19
3377119000252503537,3377119000252503537,,MEX,2,150.0,2017-01-18,2017-01-18
3378350033233079378,3378350033233079378,,TWN,4,911.75,2016-01-26,2017-04-27
3379156756496222951,3379156756496222951,,COL,8,1466.8,2015-10-12,2017-07-02
3381818563734914399,3381818563734914399,,CHN,1,111.0,2015-12-25,2015-12-25
3381854477656480512,3381854477656480512,,RUS,3,796.0,2016-04-18,2016-10-11
3382402910594453536,3382402910594453536,,NLD,211,97283.42,2015-07-07,2017-08-31
3382527169524812923,3382527169524812923,,CHN,1,242.25,2016-09-27,2016-09-27
3382688731126922609,3382688731126922609,,POL,3,736.0,2015-10-05,2017-06-07
3384688484779176095,3384688484779176095,,PRT,14,3789.0,2016-06-02,2017-07-03
3385153516250469701,3385153516250469701,,VNM,1,551.25,2017-07-24,2017-07-24
3385607778337723281,3385607778337723281,,IRL,1,88.0,2017-02-27,2017-02-27
3386017962366323319,3386017962366323319,,CHN,1,183.6,2016-08-10,2016-08-10
3387255227054975513,3387255227054975513,,PRT,2,315.0,2016-10-27,2016-10-28
3390262862766825475,3390262862766825475,,AUT,2,121.0,2016-05-20,2017-05-03
3391841880586915417,3391841880586915417,,IRQ,1,139.0,2015-10-20,2015-10-20
3391930082118378278,3391930082118378278,,ESP,1,285.0,2017-05-02,2017-05-02
3393387422214962949,3393387422214962949,,PRT,2,132.0,2016-10-30,2016-10-30
3393949420086978909,3393949420086978909,,NOR,24,13275.27,2015-10-05,2017-08-12
3394424615522963241,3394424615522963241,,GBR,1,45.0,2016-04-28,2016-04-28
3395641972263158220,3395641972263158220,,PRT,15,3883.0,2015-12-25,2016-08-09
3396853611642566946,3396853611642566946,,EST,1,267.29999999999995,2017-06-05,2017-06-05
3399170893363870135,3399170893363870135,,PRT,1,270.0,2016-10-17,2016-10-17
3400908840745244921,3400908840745244921,,PRT,3,246.0,2016-01-18,2016-05-09
3402148709650964902,3402148709650964902,,FRA,1,432.0,2017-05-24,2017-05-24
3404155780264121724,3404155780264121724,,POL,1,425.0,2016-05-09,2016-05-09
3405965261148618796,3405965261148618796,,PRT,1,88.0,2016-03-21,2016-03-21
3407284815857590932,3407284815857590932,,ESP,1,286.5,2015-08-31,2015-08-31
3407951831780884940,3407951831780884940,,CHL,1,220.0,2016-05-24,2016-05-24
3409533161469175643,3409533161469175643,,LKA,3,867.0,2016-02-07,2017-03-02
3409830995512077717,3409830995512077717,,PRT,2,113.0,2017-02-02,2017-03-29
3411570272257715199,3411570272257715199,,FRA,5,849.0,2016-04-27,2017-03-20
3415161788807295666,3415161788807295666,,PRT,5,1355.0,2016-06-30,2016-07-01
3415229559874562576,3415229559874562576,,PRT,1,170.63,2016-10-06,2016-10-06
3421109191087946912,3421109191087946912,,ESP,1,75.0,2016-03-11,2016-03-11
3421501723818429383,3421501723818429383,,OMN,1,285.0,2016-06-23,2016-06-23
3424151022146863908,3424151022146863908,,POL,1,151.2,2016-12-24,2016-12-24
3435473423579984940,3435473423579984940,,PRT,1,56.0,2016-12-20,2016-12-20
3435743196890147382,3435743196890147382,,HRV,1,160.0,2017-02-19,2017-02-19
3436618153410860152,3436618153410860152,,ECU,1,201.99,2017-03-27,2017-03-27
3437412348462966005,3437412348462966005,,ISR,1,170.0,2017-03-27,2017-03-27
3442797619875578494,3442797619875578494,,PRT,1,48.0,2015-10-01,2015-10-01
3442950554656643743,3442950554656643743,,CHN,63,27146.15,2015-09-02,2017-08-30
3443273089352468649,3443273089352468649,,DEU,1,1088.16,2017-07-27,2017-07-27
3444046073120035792,3444046073120035792,,ITA,1,346.26,2017-03-13,2017-03-13
3446945259310788957,3446945259310788957,,ESP,145,64308.65,2015-07-13,2017-08-31
3451515174314914047,3451515174314914047,,JPN,1,80.0,2016-05-04,2016-05-04
3454784360251359362,3454784360251359362,,GRC,1,272.0,2016-11-05,2016-11-05
3455084697668783725,3455084697668783725,,GBR,1,248.0,2017-02-13,2017-02-13
3456183913644399451,3456183913644399451,,AUT,20,8565.52,2015-10-05,2017-08-27
3457442769620499262,3457442769620499262,,FRA,69,15232.71,2015-09-06,2016-09-30
3458905606079188450,3458905606079188450,,ISR,2,627.42,2016-10-16,2016-10-16
3462211152958234541,3462211152958234541,,HRV,1,640.0,2017-02-12,2017-02-12
3466154192405152014,3466154192405152014,,FRA,1,320.8,2016-06-20,2016-06-20
3467992778546653352,3467992778546653352,,DEU,1,257.59999999999997,2015-12-23,2015-12-23
3468202270151087592,3468202270151087592,,GRC,1,380.0,2016-04-04,2016-04-04
3468362217145764698,3468362217145764698,,NLD,2,336.0,2016-06-13,2016-12-12
3471649419160793530,3471649419160793530,,PRT,2,806.4,2016-07-30,2016-09-30
3474168082491600489,3474168082491600489,,HUN,9,8438.4,2015-11-07,2017-07-24
3474431186001437935,3474431186001437935,,PRT,1,144.0,2017-05-30,2017-05-30
3477967910533985117,3477967910533985117,,NOR,2,490.0,2015-11-23,2015-11-23
3480947670544688671,3480947670544688671,,POL,1,344.0,2016-02-04,2016-02-04
3482973040765710844,3482973040765710844,,USA,3,830.0,2015-09-12,2017-05-02
3484800691976031053,3484800691976031053,,PRT,1,82.0,2017-01-02,2017-01-02
3486468442054767390,3486468442054767390,,IRL,88,53116.77,2015-07-02,2017-08-30
3488084255131834976,3488084255131834976,,PRT,3,189.0,2016-01-02,2017-03-07
3495209931149707092,3495209931149707092,,MEX,4,2278.0,2016-03-23,2017-08-27
3495413010481099313,3495413010481099313,,PRT,2,0.0,2016-10-15,2016-10-15
3495499640336209610,3495499640336209610,,PRT,1,0.0,2016-01-27,2016-01-27
3496960374988923975,3496960374988923975,,BRA,5,1170.0,2016-11-25,2017-01-16
3499445995893235473,3499445995893235473,,POL,2,891.8,2016-05-16,2016-05-16
3500740423134348581,3500740423134348581,,ESP,19,4801.85,2015-10-09,2016-08-26
3502270244293320078,3502270244293320078,,CHN,47,6979.28,2015-07-18,2017-08-27
3502442542824087013,3502442542824087013,,AUS,19,7126.07,2017-05-20,2017-08-26
3503798133336763029,3503798133336763029,,FRA,12,3040.0,2016-10-10,2016-10-12
3504507392011517945,3504507392011517945,,ESP,20,7324.1,2015-08-14,2017-04-30
3505533850456166263,3505533850456166263,,PRT,4,310.0,2016-02-09,2017-02-28
3506932413185913994,3506932413185913994,,DEU,2,494.0,2017-04-29,2017-04-29
3509548970765180941,3509548970765180941,,ESP,9,3656.04,2016-03-01,2017-08-22
3512124118900373127,3512124118900373127,,CYP,3,1220.0,2016-08-12,2017-07-23
3512258031142565359,3512258031142565359,,FRA,1,634.41,2015-09-29,2015-09-29
3512353286327319323,3512353286327319323,,DNK,2,831.5999999999999,2017-07-17,2017-07-17
3513571093806480468,3513571093806480468,,CHN,1,75.0,2017-01-18,2017-01-18
3513620516914609675,3513620516914609675,,PRT,1,262.0,2015-09-21,2015-09-21
3515503735026840566,3515503735026840566,,GBR,1,240.0,2016-03-31,2016-03-31
3518837534250053467,3518837534250053467,,PRT,8,742.0,2015-11-03,2016-11-04
3519109437735850459,3519109437735850459,,FRA,7,1816.0,2017-03-29,2017-05-15
3519547440242529248,3519547440242529248,,PRT,1,170.0,2017-08-26,2017-08-26
3522051921501261155,3522051921501261155,,DNK,2,390.0,2017-01-18,2017-01-18
3522582012808382934,3522582012808382934,,RUS,1,52.0,2017-03-09,2017-03-09
3526394948728699161,3526394948728699161,,ITA,1,134.0,2015-08-31,2015-08-31
3526998644567542499,3526998644567542499,,AUT,1,186.0,2016-03-23,2016-03-23
3527885996947409365,3527885996947409365,,ITA,1,604.8000000000001,2015-09-01,2015-09-01
3530531581665835881,3530531581665835881,,IRL,2,1826.1499999999999,2015-07-19,2015-07-20
3533733191797796597,3533733191797796597,,TUR,2,520.0,2016-05-17,2016-05-17
3534469716149984066,3534469716149984066,,PRT,16,5035.820000000001,2015-07-03,2015-10-06
3536720567107445626,3536720567107445626,,GBR,8,1400.0,2017-05-02,2017-08-18
3537158448911768117,3537158448911768117,,DEU,2,182.7,2015-09-30,2015-10-04
3537708507269740207,3537708507269740207,,UNK,4,115.0,2016-01-27,2017-04-05
3546067785684350269,3546067785684350269,,GRC,1,644.6,2016-11-07,2016-11-07
3546649468026527742,3546649468026527742,,PRT,3,0.0,2015-11-07,2016-12-05
3548051314212305807,3548051314212305807,,GBR,1,798.5,2017-04-29,2017-04-29
3550378483543395711,3550378483543395711,,CHE,5,445.0,2016-04-12,2016-09-18
3552621241526273663,3552621241526273663,,FRA,1,0.0,2016-10-06,2016-10-06
3552821428315589612,3552821428315589612,,ITA,3,740.0,2016-03-01,2017-01-16
3556677140130501447,3556677140130501447,,GBR,1,30.5,2015-11-21,2015-11-21
3563211783465336276,3563211783465336276,,UNK,1,0.0,2016-03-16,2016-03-16
3563438202598718185,3563438202598718185,,DEU,2,354.15999999999997,2015-10-04,2015-11-10
3565430517993113370,3565430517993113370,,PRT,1,40.0,2016-10-13,2016-10-13
3565641964124121617,3565641964124121617,,PRT,2,212.0,2016-12-27,2016-12-27
3570229947518587098,3570229947518587098,,DEU,1,337.20000000000005,2016-01-28,2016-01-28
3572845649877481938,3572845649877481938,,FIN,3,1016.75,2016-07-15,2017-04-18
3574245862581106851,3574245862581106851,,PRT,1,237.0,2016-02-26,2016-02-26
3574330794703456123,3574330794703456123,,PRT,2,130.0,2016-10-13,2017-03-22
3574999424521909123,3574999424521909123,,QAT,1,0.0,2016-08-01,2016-08-01
3576278038538590209,3576278038538590209,,CHE,2,484.16,2016-12-02,2016-12-23
3578234728302667435,3578234728302667435,,QAT,10,6974.71,2016-04-07,2017-08-04
3579858946251949392,3579858946251949392,,IRL,1,640.0,2017-05-14,2017-05-14
3580000635271004768,3580000635271004768,,RUS,1,170.0,2017-08-04,2017-08-04
3580079719442769850,3580079719442769850,,PRT,3,150.0,2017-03-27,2017-05-10
3580260851497184792,3580260851497184792,,LBN,1,140.0,2017-08-31,2017-08-31
3583961780164279976,3583961780164279976,,TUN,1,343.92,2016-02-03,2016-02-03
3584419012843639635,3584419012843639635,,USA,2,600.0,2015-09-19,2015-09-19
3584818629783043232,3584818629783043232,,PRT,2,84.0,2016-10-18,2016-10-20
3589295843890087754,3589295843890087754,,PRT,67,27228.47,2015-07-01,2017-08-30
3589611796804641995,3589611796804641995,,KEN,1,155.5,2016-01-29,2016-01-29
3590138379854508985,3590138379854508985,,PRT,1,89.0,2017-01-24,2017-01-24
3593210417875393888,3593210417875393888,,PRT,1,0.0,2017-05-24,2017-05-24
3594286008718308969,3594286008718308969,,PRT,1,40.8,2016-10-27,2016-10-27
3595204002627305918,3595204002627305918,,PRT,2,86.0,2016-12-21,2017-01-24
3597505867864620432,3597505867864620432,,PRT,12,2594.8,2015-11-20,2016-12-08
3599273597943901026,3599273597943901026,,BRA,1,135.0,2016-05-11,2016-05-11
3600944177664892227,3600944177664892227,,DNK,24,10665.46,2016-03-01,2017-08-03
3601371009334597112,3601371009334597112,,PRT,11,0.0,2015-11-30,2017-06-29
3601746319517421434,3601746319517421434,,PRT,31,4401.0,2015-09-17,2017-03-19
3602645156568732770,3602645156568732770,,DEU,1,289.52,2016-02-17,2016-02-17
3604556412403927520,3604556412403927520,,PRT,13,2352.78,2015-07-19,2016-10-13
3606059409161053572,3606059409161053572,,PRT,1,81.0,2016-05-03,2016-05-03
3607695055530367790,3607695055530367790,,SWE,1,690.0,2016-10-21,2016-10-21
3608244395756200714,3608244395756200714,,PRT,1,95.0,2016-09-06,2016-09-06
3610105608475764249,3610105608475764249,,PRT,8,1665.81,2016-02-25,2017-07-09
3612301159348689856,3612301159348689856,,ISR,1,529.1999999999999,2015-09-16,2015-09-16
3613143575155400873,3613143575155400873,,PRT,1,54.0,2016-12-17,2016-12-17
3614216508510176803,3614216508510176803,,SWE,1,432.0,2016-09-13,2016-09-13
3614914198489667938,3614914198489667938,,ESP,1,120.0,2016-10-14,2016-10-14
3620750872873816864,3620750872873816864,,POL,2,257.0,2017-03-30,2017-06-28
3621455880392166032,3621455880392166032,,ITA,2,1000.0,2016-08-13,2016-08-13
3624555813534775918,3624555813534775918,,POL,1,12.0,2016-08-05,2016-08-05
3628136057771104500,3628136057771104500,,PRT,5,792.0,2015-11-30,2015-11-30
3630054173527903391,3630054173527903391,,FIN,19,8309.07,2015-12-09,2017-08-12
3632620518672803378,3632620518672803378,,TUR,1,340.0,2017-04-30,2017-04-30
3632742741208525262,3632742741208525262,,PRT,1,30.0,2016-01-28,2016-01-28
3633447385413885794,3633447385413885794,,ROU,1,145.0,2017-06-07,2017-06-07
3637714396210784609,3637714396210784609,,IRN,1,200.0,2017-06-27,2017-06-27
3638439745889059224,3638439745889059224,,ESP,11,1595.49,2016-04-07,2017-05-15
3638829423550981972,3638829423550981972,,DOM,1,114.0,2015-10-21,2015-10-21
3640730399748933471,3640730399748933471,,PRT,2,128.4,2016-11-24,2017-01-25
3641154244667002580,3641154244667002580,,FIN,4,1152.0,2016-11-27,2017-06-18
3642547569814039974,3642547569814039974,,PRT,1,115.0,2016-09-27,2016-09-27
3643949408209311418,3643949408209311418,,THA,4,340.0,2016-11-11,2016-11-11
3644254007796824060,3644254007796824060,,AUT,2,662.8,2016-03-21,2016-03-21
3645381471478073832,3645381471478073832,,NLD,1,224.64,2015-10-23,2015-10-23
3645953071680928456,3645953071680928456,,LVA,1,152.44,2016-11-08,2016-11-08
3648386366369506420,3648386366369506420,,PRT,3,626.0,2015-09-07,2017-01-14
3649220050528393495,3649220050528393495,,SWE,9,2360.0299999999997,2015-09-04,2015-09-04
3653125196766443960,3653125196766443960,,CHN,1,150.0,2017-05-24,2017-05-24
3655257833842361186,3655257833842361186,,PRT,1,393.28,2016-05-16,2016-05-16
3655334856950761979,3655334856950761979,,GBR,2,860.0,2016-10-10,2016-10-11
3658821876261096138,3658821876261096138,,ITA,1,242.25,2016-06-02,2016-06-02
3660337750010762748,3660337750010762748,,GNB,2,1677.65,2016-03-02,2016-03-22
3662655750840035532,3662655750840035532,,PRT,3,1756.83,2017-07-22,2017-08-28
3663033830554051793,3663033830554051793,,USA,11,1611.22,2016-06-25,2017-07-28
3665470669194909428,3665470669194909428,,UNK,3,148.0,2016-04-28,2017-01-25
3665521066802312965,3665521066802312965,,SAU,2,1171.48,2017-03-26,2017-07-08
3666709461157684378,3666709461157684378,,FIN,3,765.0,2016-02-13,2016-11-04
3670237366998135349,3670237366998135349,,PRT,1,459.0,2016-10-10,2016-10-10
3672198810058445067,3672198810058445067,,JPN,1,156.6,2017-01-03,2017-01-03
3674658296339798637,3674658296339798637,,PRT,1,0.0,2016-11-19,2016-11-19
3675506398069918042,3675506398069918042,,PRT,2,128.5,2017-01-23,2017-04-26
3677350194454606701,3677350194454606701,,ITA,1771,717952.75,2015-07-25,2017-08-30
3680610952138341429,3680610952138341429,,PRT,1,209.0,2017-01-12,2017-01-12
3682110151566484967,3682110151566484967,,GBR,1,228.0,2016-04-11,2016-04-11
3682484886553947754,3682484886553947754,,PER,1,150.0,2017-06-18,2017-06-18
3683516890880722960,3683516890880722960,,PRT,1,30.0,2016-11-09,2016-11-09
3686541594010082824,3686541594010082824,,ESP,14,5941.75,2015-08-30,2017-08-05
3687027744196640942,3687027744196640942,,GBR,1,45.0,2017-01-29,2017-01-29
3689764684093160836,3689764684093160836,,USA,168,65471.52,2015-08-11,2017-08-30
3690219828819946478,3690219828819946478,,EST,2,890.8,2016-05-30,2016-05-30
3690915052571708672,3690915052571708672,,ESP,2,344.15999999999997,2015-10-13,2015-12-05
3693884858022327608,3693884858022327608,,PRT,7,420.0,2015-07-22,2016-11-14
3697482002390761249,3697482002390761249,,PRT,4,570.0,2015-09-17,2015-09-17
3699677567879011668,3699677567879011668,,CHN,1,89.0,2017-06-05,2017-06-05
3700706951594755468,3700706951594755468,,PRT,1,110.0,2016-03-07,2016-03-07
3703188555775958547,3703188555775958547,,ARG,2,584.4000000000001,2016-03-02,2016-03-02
3704190310670907038,3704190310670907038,,DEU,2,514.0,2016-05-10,2017-05-26
3704463616440141963,3704463616440141963,,PRT,3,1410.01,2017-05-08,2017-05-08
3705304687835278200,3705304687835278200,,LUX,13,6387.55,2015-08-15,2017-08-19
3705387815580621408,3705387815580621408,,JPN,10,7176.2,2016-08-14,2017-08-30
3708642836365254003,3708642836365254003,,BEL,5,4250.0,2015-09-24,2015-09-25
3709684345112843587,3709684345112843587,,IRL,19,6017.06,2015-09-15,2016-08-27
3709688366667454893,3709688366667454893,,PRT,1,76.0,2016-09-19,2016-09-19
3712238050599566863,3712238050599566863,,ITA,2,1145.0,2017-04-17,2017-04-19
3715104692586775857,3715104692586775857,,FRA,1,460.0,2015-08-31,2015-08-31
3717324945561334529,3717324945561334529,,CHN,2,204.09,2016-09-09,2016-09-09
3717773524449699095,3717773524449699095,,PRT,1,568.4,2017-01-21,2017-01-21
3718232130984044581,3718232130984044581,,PRT,7,1174.0,2016-03-14,2017-06-11
3718403498267000354,3718403498267000354,,PRT,1,336.0,2015-11-09,2015-11-09
3720055418028649625,3720055418028649625,,PRT,3,185.0,2016-01-14,2017-01-18
3721687720063622887,3721687720063622887,,PRT,1,53.0,2016-01-26,2016-01-26
3722395848263732349,3722395848263732349,,DEU,3,1016.92,2015-09-07,2015-10-11
3724547531265039142,3724547531265039142,,FRA,36,18575.16,2015-07-22,2017-08-07
3725203529134197176,3725203529134197176,,LBN,1,200.0,2015-10-15,2015-10-15
3726873924676249185,3726873924676249185,,BWA,1,355.5,2015-07-17,2015-07-17
3727034043783443287,3727034043783443287,,UKR,1,1170.45,2017-07-11,2017-07-11
3728226760978629615,3728226760978629615,,POL,1,6.0,2016-11-14,2016-11-14
3732695852598968880,3732695852598968880,,LTU,1,277.95000000000005,2016-12-27,2016-12-27
3734439698872921388,3734439698872921388,,ZAF,34,9762.9,2016-01-11,2017-08-31
3737431192846439783,3737431192846439783,,HUN,2,770.0,2016-06-06,2016-06-06
3738708630908783889,3738708630908783889,,PRT,1,103.0,2016-11-06,2016-11-06
3740506258925483220,3740506258925483220,,PRT,14,3519.39,2015-09-13,2016-09-02
3740645749668980364,3740645749668980364,,HRV,48,23830.77,2016-01-17,2017-08-02
3740676979892116308,3740676979892116308,,GEO,8,4391.22,2016-03-07,2016-08-28
3741379550456274412,3741379550456274412,,PRT,5,3255.0,2017-04-09,2017-04-09
3742250395453682902,3742250395453682902,,PRT,1,84.0,2016-11-02,2016-11-02
3744119814008515578,3744119814008515578,,IRL,1,480.0,2017-05-13,2017-05-13
3746698247924816815,3746698247924816815,,GBR,2,422.0,2016-04-20,2016-10-10
3747656019375776094,3747656019375776094,,PRT,1,215.01,2017-02-20,2017-02-20
3748594483245919813,3748594483245919813,,ITA,18,7426.4,2015-09-04,2017-05-11
3750679789404081985,3750679789404081985,,SVN,3,345.0,2016-03-04,2016-03-04
3751498767489932898,3751498767489932898,,MLT,1,275.4,2016-07-04,2016-07-04
3756850954214309124,3756850954214309124,,CHE,709,289780.72,2015-08-09,2017-08-30
3758283479313028102,3758283479313028102,,IND,1,158.95,2016-07-21,2016-07-21
3758980968026912644,3758980968026912644,,CHE,7,5636.719999999999,2015-08-21,2017-01-03
3760226922265901318,3760226922265901318,,PRT,2,90.0,2017-04-27,2017-04-27
3760482531101863028,3760482531101863028,,PRT,30,0.0,2015-09-08,2017-08-28
3760630578821041739,3760630578821041739,,ESP,1,93.0,2017-03-23,2017-03-23
3761453229400214006,3761453229400214006,,LTU,2,425.0,2017-01-25,2017-01-25
3763116589023373562,3763116589023373562,,CMR,1,850.0,2015-09-25,2015-09-25
3763429125228602413,3763429125228602413,,FRA,1,129.0,2016-05-12,2016-05-12
3763575706694706148,3763575706694706148,,GBR,3,316.0,2015-10-18,2015-10-18
3763798065244750633,3763798065244750633,,NZL,4,975.0,2016-11-29,2017-05-05
3764646399871031498,3764646399871031498,,SWE,1,150.0,2016-11-21,2016-11-21
3766737570083160624,3766737570083160624,,NLD,5,1496.4,2016-04-13,2017-01-01
3767992188872832617,3767992188872832617,,LUX,1,70.2,2017-03-09,2017-03-09
3768284024524021424,3768284024524021424,,AGO,1,369.99,2016-11-10,2016-11-10
3769275257247317257,3769275257247317257,,SWE,26,11338.36,2016-03-22,2017-08-13
3770790460470236902,3770790460470236902,,NLD,1,266.0,2017-03-08,2017-03-08
3772660352802842742,3772660352802842742,,VNM,1,80.1,2017-06-15,2017-06-15
3773779932061313687,3773779932061313687,,CHN,1,85.0,2016-09-11,2016-09-11
3773843691654450583,3773843691654450583,,MDV,1,75.0,2017-01-18,2017-01-18
3775163984130550419,3775163984130550419,,IRQ,1,438.5,2015-11-08,2015-11-08
3778290495763001040,3778290495763001040,,FRA,4,839.25,2015-12-28,2017-05-18
3778937657501791674,3778937657501791674,,PRT,3,132.9,2016-03-14,2017-01-24
3779094181369190933,3779094181369190933,,PRT,1,45.0,2016-10-18,2016-10-18
3779751473023482747,3779751473023482747,,ROU,1,168.0,2016-06-12,2016-06-12
3780702986298938327,3780702986298938327,,IDN,2,360.85,2016-03-20,2017-05-20
3782652277286771705,3782652277286771705,,GBR,1,224.85,2017-01-05,2017-01-05
3783955801499734884,3783955801499734884,,CHE,1,62.0,2017-04-15,2017-04-15
3784073243830739301,3784073243830739301,,PRT,1,225.0,2016-03-11,2016-03-11
3784364672101999206,3784364672101999206,,PRT,8,976.0,2015-09-21,2015-09-21
3785993664485262055,3785993664485262055,,PRT,3,207.0,2016-04-11,2017-01-13
3786050207821901953,3786050207821901953,,CRI,1,150.0,2017-03-10,2017-03-10
3786393968913988037,3786393968913988037,,PRT,1,451.20000000000005,2016-03-21,2016-03-21
3786665879885039320,3786665879885039320,,BEL,1,312.15,2017-07-26,2017-07-26
3787820760572982888,3787820760572982888,,BEL,1,165.6,2015-11-03,2015-11-03
3788918334214691965,3788918334214691965,,PRT,23,5722.0,2015-10-03,2017-05-03
3789214912542797991,3789214912542797991,,CHN,1,330.88,2017-07-22,2017-07-22
3789271750469494730,3789271750469494730,,PRT,1,95.0,2017-04-18,2017-04-18
3790157400685037159,3790157400685037159,,NLD,1,204.0,2016-03-25,2016-03-25
3791826905843662633,3791826905843662633,,PRT,1,398.7,2015-09-15,2015-09-15
3795263227858972089,3795263227858972089,,CHN,2,959.4,2017-08-08,2017-08-14
3796965679621047585,3796965679621047585,,PRT,1,1615.88,2017-08-04,2017-08-04
3800147768597130070,3800147768597130070,,BRA,203,75320.73,2015-07-05,2017-08-30
3802220344570205490,3802220344570205490,,PRT,5,6223.04,2015-07-03,2015-07-18
3803872591033345687,3803872591033345687,,NLD,15,5722.01,2016-04-27,2016-05-01
3804351186878595219,3804351186878595219,,USA,14,4311.5,2016-10-02,2017-08-27
3806198604272221727,3806198604272221727,,ITA,1,124.1,2015-09-04,2015-09-04
3807248639644817516,3807248639644817516,,IRL,1,1317.96,2016-08-28,2016-08-28
3807829596666341698,3807829596666341698,,ARG,9,3674.0,2016-05-13,2017-06-03
3811490067520369668,3811490067520369668,,NLD,5,1760.0,2016-06-05,2016-06-07
3812199711336453502,3812199711336453502,,PRT,4,446.8,2015-11-17,2016-07-19
3815704551107932853,3815704551107932853,,PRT,3,1051.45,2016-04-25,2016-08-01
3815975229483362891,3815975229483362891,,BRA,2,811.5,2015-09-29,2017-05-09
3816432644238131058,3816432644238131058,,ITA,1,84.0,2016-06-23,2016-06-23
3816578232898076957,3816578232898076957,,CHL,1,300.0,2015-11-23,2015-11-23
3816687621152414070,3816687621152414070,,GBR,1,70.0,2016-05-15,2016-05-15
3816934109274673388,3816934109274673388,,ITA,22,17139.13,2015-07-25,2017-08-31
3817447158356775287,3817447158356775287,,UNK,1,0.0,2017-03-01,2017-03-01
3817697054935021307,3817697054935021307,,DEU,1,80.0,2016-12-31,2016-12-31
3819695399877225834,3819695399877225834,,GBR,8,1168.13,2016-04-22,2017-05-15
3820096767809375839,3820096767809375839,,NLD,2,263.0,2016-06-27,2017-04-03
3823150553968138096,3823150553968138096,,IRL,1,180.0,2016-03-31,2016-03-31
3823665876802800368,3823665876802800368,,BLR,2,110.0,2015-11-19,2016-01-22
3824038914775847211,3824038914775847211,,MOZ,1,0.0,2017-01-22,2017-01-22
3824768150688022679,3824768150688022679,,PRT,11,2744.19,2016-08-08,2017-05-23
3824860351533554607,3824860351533554607,,ITA,1,572.22,2017-07-26,2017-07-26
3824939428032826210,3824939428032826210,,DEU,4,1470.5,2016-05-13,2016-09-23
3825950616530897717,3825950616530897717,,LTU,1,239.36,2017-03-09,2017-03-09
3826192572543897121,3826192572543897121,,PRT,1,29.78,2015-12-03,2015-12-03
3826866521494062009,3826866521494062009,,PRT,1,0.0,2016-08-11,2016-08-11
3827061905607921613,3827061905607921613,,LKA,1,375.0,2015-11-23,2015-11-23
3827914221584886081,3827914221584886081,,SWE,1,330.0,2017-05-14,2017-05-14
3832030192545514784,3832030192545514784,,PRT,1,1134.0,2016-06-02,2016-06-02
3833015325409380855,3833015325409380855,,UNK,1,100.0,2016-10-03,2016-10-03
3833762145759985417,3833762145759985417,,FRA,10,4082.0,2015-11-20,2017-05-02
3833968344828817002,3833968344828817002,,FRA,1,890.6,2017-01-03,2017-01-03
3834786110766108618,3834786110766108618,,IRL,1,213.56,2017-03-31,2017-03-31
3835112019850118076,3835112019850118076,,JOR,2,197.7,2016-03-29,2017-06-25
3835621713608570418,3835621713608570418,,RUS,3,772.0,2016-04-22,2016-04-23
3840316407619269062,3840316407619269062,,MNE,2,2079.0,2017-04-29,2017-06-17
3840940376000929941,3840940376000929941,,PRT,2,355.4,2016-12-06,2017-03-29
3841126214149098643,3841126214149098643,,PRT,6,352.0,2017-01-10,2017-04-26
3843575342964967890,3843575342964967890,,OMN,1,189.0,2016-12-24,2016-12-24
3844449310371921649,3844449310371921649,,PRT,2,348.0,2016-05-16,2016-05-16
3848215042461299370,3848215042461299370,,PRT,2,1896.6000000000001,2017-03-28,2017-08-01
3849251847266989105,3849251847266989105,,NOR,1,996.3000000000001,2015-07-07,2015-07-07
3850896940835268094,3850896940835268094,,DEU,1,360.0,2016-06-02,2016-06-02
3851061604076032387,3851061604076032387,,SWE,2,452.20000000000005,2016-11-12,2017-02-04
3851118793820503034,3851118793820503034,,AUT,14,2280.0,2017-04-25,2017-04-25
3853303329421645450,3853303329421645450,,BEL,3,1070.4,2015-09-21,2015-09-24
3853946599478879559,3853946599478879559,,UNK,10,783.0,2015-12-15,2017-04-04
3854499938601073550,3854499938601073550,,USA,1,334.42,2016-07-18,2016-07-18
3855343725048901104,3855343725048901104,,AUT,1,344.8,2017-06-17,2017-06-17
3857199292819790139,3857199292819790139,,PRT,1,0.0,2017-04-18,2017-04-18
3862063846362779124,3862063846362779124,,PRT,1,0.0,2017-06-04,2017-06-04
3863807976550478395,3863807976550478395,,DEU,31,22200.97,2015-07-03,2017-08-23
3868916007697345024,3868916007697345024,,PRT,178,39971.95,2015-07-17,2017-08-26
3869283652702155158,3869283652702155158,,PRT,1,828.0,2015-10-26,2015-10-26
3870550737628712029,3870550737628712029,,PYF,1,432.0,2016-09-19,2016-09-19
3872755676066767345,3872755676066767345,,PRT,2,175.0,2017-01-18,2017-03-14
3873110122125413069,3873110122125413069,,FIN,23,7550.16,2015-10-20,2016-07-27
3874264322929405375,3874264322929405375,,UNK,17,1068.6,2015-11-10,2017-02-22
3876874750066533469,3876874750066533469,,MAR,1,245.0,2017-08-07,2017-08-07
3877768512957286123,3877768512957286123,,PRT,29,3173.0,2015-11-30,2016-08-08
3880383104896744402,3880383104896744402,,PRT,6,270.0,2016-01-13,2017-06-08
3881694479092524573,3881694479092524573,,AUS,1,234.08,2015-10-01,2015-10-01
3883091742764563852,3883091742764563852,,SGP,1,302.15999999999997,2016-05-30,2016-05-30
3883380019625455167,3883380019625455167,,IRL,5,3049.42,2015-09-16,2016-07-22
3884243913803200789,3884243913803200789,,BGR,1,190.0,2016-06-24,2016-06-24
3884731313613189433,3884731313613189433,,LUX,2,702.0,2017-06-04,2017-06-13
3886043247281385880,3886043247281385880,,SWE,5,876.2,2016-06-17,2016-12-11
3894421937505573450,3894421937505573450,,ITA,1,95.0,2016-11-10,2016-11-10
3894589328600598630,3894589328600598630,,PRT,18,596.0,2015-11-21,2015-11-21
3894900827941537101,3894900827941537101,,UNK,1,0.0,2016-04-27,2016-04-27
3895786032170626804,3895786032170626804,,FRA,1,130.0,2017-02-15,2017-02-15
3896219249646796587,3896219249646796587,,CHE,1,458.65000000000003,2015-09-06,2015-09-06
3896485146503947763,3896485146503947763,,BEL,8,3567.8199999999997,2015-10-30,2017-07-09
3896881093932005671,3896881093932005671,,IND,4,1535.0,2015-09-24,2017-06-04
3901071787399734045,3901071787399734045,,ITA,1,93.0,2017-03-23,2017-03-23
3901876283115044869,3901876283115044869,,GBR,2,204.0,2016-10-09,2016-10-09
3904954581325711723,3904954581325711723,,BEL,3,910.9,2015-10-28,2016-02-12
3910493601963586818,3910493601963586818,,GBR,1,85.0,2015-09-29,2015-09-29
3916558936284759768,3916558936284759768,,PRT,1,12.0,2015-09-02,2015-09-02
3916720782209016493,3916720782209016493,,PRT,2,360.0,2015-11-07,2015-11-13
3917125692989618033,3917125692989618033,,SRB,1,210.0,2015-09-24,2015-09-24
3917163632011223450,3917163632011223450,,GBR,1,135.0,2017-06-09,2017-06-09
3917820280489361787,3917820280489361787,,ISL,6,2000.0,2016-04-20,2016-04-20
3918532564698105741,3918532564698105741,,HRV,5,2428.65,2016-08-03,2017-07-21
3921038824685916308,3921038824685916308,,CHE,2,648.0,2016-09-14,2016-09-14
3921140229650335832,3921140229650335832,,DEU,2,342.29999999999995,2017-02-13,2017-05-01
3922026911959659651,3922026911959659651,,CHN,3,410.0,2016-11-05,2016-11-05
3928457340469784349,3928457340469784349,,PRT,3,0.0,2016-10-10,2016-11-24
3929824463464245827,3929824463464245827,,UNK,1,42.0,2016-03-10,2016-03-10
3932038135959274365,3932038135959274365,,PRT,82,25348.23,2015-07-08,2017-07-31
3934721943773772624,3934721943773772624,,DEU,22,12557.81,2016-08-29,2017-08-13
3936825853775050984,3936825853775050984,,GBR,1,877.1,2017-08-24,2017-08-24
3937297627534574179,3937297627534574179,,PRT,38,28101.8,2017-06-04,2017-07-30
3937449804522363801,3937449804522363801,,ESP,1,131.2,2015-10-26,2015-10-26
3940910392147463090,3940910392147463090,,PRT,1,0.0,2017-03-15,2017-03-15
3940945086679610508,3940945086679610508,,KOR,7,1003.52,2015-12-19,2017-02-06
3941019969637538215,3941019969637538215,,ESP,1,276.0,2016-02-08,2016-02-08
3944610273274486580,3944610273274486580,,GBR,46,24569.28,2015-08-18,2017-08-13
3950758592601047678,3950758592601047678,,UNK,1,123.2,2017-04-03,2017-04-03
3951506424849201902,3951506424849201902,,NOR,1,165.24,2016-11-02,2016-11-02
3952442725100353019,3952442725100353019,,CHN,8,1226.0,2016-01-25,2017-04-04
3953222826588152158,3953222826588152158,,MEX,1,403.75,2017-01-14,2017-01-14
3953544424790488508,3953544424790488508,,PRT,1,2730.0,2016-04-13,2016-04-13
3955681418605978904,3955681418605978904,,GBR,1,318.57,2017-03-21,2017-03-21
3956548566644533702,3956548566644533702,,IRL,7,1899.8,2016-06-10,2017-08-08
3956585471736844551,3956585471736844551,,PRT,218,21521.0,2015-08-11,2017-08-16
3956736169937876360,3956736169937876360,,CHE,1,250.0,2017-04-18,2017-04-18
3957639116473180215,3957639116473180215,,CHN,1,145.0,2015-10-21,2015-10-21
3959591292934483775,3959591292934483775,,PRT,1,63.0,2016-12-28,2016-12-28
3960654136644983919,3960654136644983919,,PRT,2,105.0,2016-02-09,2016-02-09
3963157421728727045,3963157421728727045,,IND,1,75.0,2017-01-18,2017-01-18
3964216689200484485,3964216689200484485,,ARG,1,236.64,2016-07-10,2016-07-10
3964836392059336725,3964836392059336725,,CZE,4,1184.5,2015-09-11,2015-10-31
3967849008219188306,3967849008219188306,,PRT,1,524.0,2016-09-29,2016-09-29
3967887742450716818,3967887742450716818,,PRT,1,80.0,2017-01-17,2017-01-17
3971665715660037504,3971665715660037504,,PRT,1,84.0,2016-03-02,2016-03-02
3971955759236549843,3971955759236549843,,PRT,2,170.0,2015-09-18,2015-09-18
3972236370151379523,3972236370151379523,,USA,4,355.0,2016-04-06,2017-03-11
3973977555800909691,3973977555800909691,,POL,27,15614.73,2015-09-28,2017-08-20
3975330242533321849,3975330242533321849,,PRT,2,176.8,2017-02-24,2017-02-24
3975395430194651713,3975395430194651713,,BEL,3,790.0,2017-05-08,2017-05-10
3975731746069202228,3975731746069202228,,PRT,1,482.4,2017-07-16,2017-07-16
3976569845012386745,3976569845012386745,,PRT,1,60.0,2016-03-08,2016-03-08
3976878560185606211,3976878560185606211,,PRT,1,120.0,2017-03-15,2017-03-15
3979068232987074367,3979068232987074367,,CHN,1,100.0,2017-06-27,2017-06-27
3979718514465763800,3979718514465763800,,UNK,1,42.0,2016-05-04,2016-05-04
3979748004233128412,3979748004233128412,,IRL,24,13342.61,2015-10-09,2016-09-17
3987840932712486219,3987840932712486219,,POL,1,327.5,2015-07-09,2015-07-09
3988159072168347894,3988159072168347894,,GBR,4,1210.0,2017-05-08,2017-05-10
3990151543674312150,3990151543674312150,,AGO,2,465.0,2016-03-06,2017-04-09
3990950989282315459,3990950989282315459,,FRA,9,1234.8,2015-08-12,2016-11-15
3992993335112484962,3992993335112484962,,LTU,15,5134.92,2016-02-02,2017-06-12
3993135338300720819,3993135338300720819,,NZL,1,280.0,2015-11-23,2015-11-23
3993332211352018480,3993332211352018480,,NLD,1,285.0,2016-10-02,2016-10-02
3995414415264928585,3995414415264928585,,MYS,1,237.57999999999998,2017-01-01,2017-01-01
3997278546900846231,3997278546900846231,,FRA,26,9414.98,2016-01-10,2017-07-25
3998973848592915561,3998973848592915561,,GRC,1,266.0,2016-09-27,2016-09-27
4000266228301756383,4000266228301756383,,DEU,3,494.0,2016-10-06,2016-10-06
4002893506120092652,4002893506120092652,,NOR,1,123.0,2017-03-16,2017-03-16
4003649499574742722,4003649499574742722,,BEL,3,1097.0,2017-08-20,2017-08-21
4004589736537997751,4004589736537997751,,IND,1,265.0,2016-11-07,2016-11-07
4005493694872932065,4005493694872932065,,MKD,1,870.0,2015-10-09,2015-10-09
4005941475969130871,4005941475969130871,,GBR,4,654.0,2016-10-22,2016-12-03
4006436935489602390,4006436935489602390,,NLD,2,291.7,2017-07-02,2017-07-07
4007033422355051341,4007033422355051341,,PRT,1,1022.6999999999999,2016-06-19,2016-06-19
4007867589135655524,4007867589135655524,,IRN,1,340.0,2017-03-23,2017-03-23
4011066434567337476,4011066434567337476,,FRA,1,360.0,2016-09-13,2016-09-13
4011333016397713242,4011333016397713242,,ITA,1,760.0,2015-09-26,2015-09-26
4012040663562005888,4012040663562005888,,GBR,8,5260.74,2016-07-29,2017-02-11
4012475657344094409,4012475657344094409,,BRA,3,1684.3,2016-06-02,2017-05-22
4013024003855333225,4013024003855333225,,LBY,4,758.0,2016-02-29,2016-02-29
4013393388249917195,4013393388249917195,,IRL,1,250.0,2015-07-01,2015-07-01
4015867731601081128,4015867731601081128,,THA,3,503.0,2015-09-16,2016-05-04
4016093195866178610,4016093195866178610,,PRT,1,110.0,2016-09-28,2016-09-28
4020390203921851968,4020390203921851968,,PRT,1,123.0,2015-10-20,2015-10-20
4020688372421458870,4020688372421458870,,COL,4,944.0,2016-01-06,2017-06-30
4021126911820653640,4021126911820653640,,ESP,1,81.0,2016-02-19,2016-02-19
4021919754435484712,4021919754435484712,,SRB,1,743.75,2015-09-10,2015-09-10
4021925749015068758,4021925749015068758,,ATF,1,252.0,2017-07-02,2017-07-02
4022675444758851541,4022675444758851541,,PRT,14,4376.25,2016-12-30,2017-01-01
4023197993205707144,4023197993205707144,,PRT,1,44.0,2016-12-13,2016-12-13
4024146250314698899,4024146250314698899,,ITA,2,640.0,2015-11-07,2015-11-07
4025110143888815180,4025110143888815180,,FRA,2,946.02,2015-12-29,2015-12-29
4026531086047803649,4026531086047803649,,DEU,15,7728.02,2015-07-21,2017-06-12
4027770229080344893,4027770229080344893,,UNK,3,149.0,2015-11-09,2016-05-16
4028111244071992890,4028111244071992890,,LVA,1,191.8,2016-09-19,2016-09-19
4029490099290216840,4029490099290216840,,AUT,22,7913.969999999999,2015-12-26,2017-08-30
4030214289580424838,4030214289580424838,,PRT,29,8594.72,2015-08-24,2017-06-30
4030319074187504450,4030319074187504450,,PRT,3,552.0,2017-08-15,2017-08-29
4031915722957946606,4031915722957946606,,PRT,25,20559.99,2016-10-31,2017-08-27
4035074345586141243,4035074345586141243,,ROU,1,124.0,2015-08-18,2015-08-18
4038137597456038253,4038137597456038253,,USA,1,497.0,2015-12-23,2015-12-23
4038185194995268458,4038185194995268458,,MEX,1,194.0,2016-09-22,2016-09-22
4038788843322164475,4038788843322164475,,GBR,12,5462.08,2015-07-09,2015-10-22
4044352893986803776,4044352893986803776,,ROU,2,3644.0,2015-07-18,2015-07-18
4045600000579738342,4045600000579738342,,PRT,2,525.0,2016-05-04,2016-05-04
4047374071365843265,4047374071365843265,,UNK,12,3891.39,2015-09-06,2017-03-01
4049628054539112456,4049628054539112456,,CHN,2,770.0,2017-05-13,2017-05-14
4051293675560873461,4051293675560873461,,LVA,1,129.60000000000002,2016-11-05,2016-11-05
4051741679156168280,4051741679156168280,,PRT,8,6851.6,2016-07-18,2017-04-09
4057428826694609722,4057428826694609722,,PRT,1,0.0,2017-07-29,2017-07-29
4059532144112996868,4059532144112996868,,GBR,1,108.0,2017-05-08,2017-05-08
4063958458931462119,4063958458931462119,,PRT,1,35.11,2015-11-19,2015-11-19
4065454621680105701,4065454621680105701,,POL,2,424.0,2017-04-05,2017-04-05
4066860895237300568,4066860895237300568,,PRT,1,93.0,2017-07-05,2017-07-05
4070540127738299087,4070540127738299087,,UNK,1,310.5,2016-09-23,2016-09-23
4070735378117292114,4070735378117292114,,CUB,2,989.38,2017-02-26,2017-03-08
4071154676911926573,4071154676911926573,,PRT,5,217.5,2015-10-29,2017-03-09
4072487587642572581,4072487587642572581,,UNK,1,30.0,2016-03-15,2016-03-15
4077151251605309345,4077151251605309345,,CHE,1,216.0,2017-07-09,2017-07-09
4079529999250978900,4079529999250978900,,PRT,14,5424.530000000001,2015-07-27,2016-08-27
4079873450837976062,4079873450837976062,,AUT,22,6232.26,2015-08-28,2017-07-11
4082855542709672727,4082855542709672727,,ITA,2,356.38,2015-12-13,2017-08-23
4083604337247275884,4083604337247275884,,DEU,3,966.0,2016-05-10,2016-05-10
4083761850052119345,4083761850052119345,,BRA,4,610.12,2016-06-04,2017-07-29
4085050009744775459,4085050009744775459,,UZB,1,60.0,2017-02-18,2017-02-18
4086235229835781704,4086235229835781704,,BEL,1,195.0,2017-01-18,2017-01-18
4086412311733181486,4086412311733181486,,PRT,2,160.0,2017-03-08,2017-03-22
4087984129374636929,4087984129374636929,,ARE,9,5356.39,2016-04-14,2017-07-28
4089501194277610211,4089501194277610211,,NLD,1,195.0,2017-01-18,2017-01-18
4089766983168538393,4089766983168538393,,ARM,1,345.8,2015-11-21,2015-11-21
4089916939788794550,4089916939788794550,,ITA,5,1172.0,2017-01-16,2017-03-19
4094840708338448417,4094840708338448417,,CHN,8,2051.1,2017-05-08,2017-08-16
4096268312356152692,4096268312356152692,,PRT,18,3337.66,2016-04-12,2017-08-01
4097569814855244820,4097569814855244820,,AZE,2,555.0,2015-09-14,2015-09-30
4100857097461526112,4100857097461526112,,ESP,34,6156.3,2015-07-28,2017-05-02
4102609643117397514,4102609643117397514,,BRB,2,380.0,2016-06-24,2016-06-24
4102844995769746567,4102844995769746567,,ITA,3,729.0,2016-07-26,2017-05-02
4103022744878775520,4103022744878775520,,ZAF,1,580.02,2015-10-06,2015-10-06
4103229494810120750,4103229494810120750,,NLD,6,1048.8000000000002,2016-11-30,2017-04-15
4105692404616853684,4105692404616853684,,ESP,1,627.0,2015-10-04,2015-10-04
4105873483773470566,4105873483773470566,,SWE,2,200.0,2016-11-29,2016-11-29
4107483886280713090,4107483886280713090,,PRT,1,376.0,2016-09-27,2016-09-27
4108610636474766334,4108610636474766334,,CHE,1,0.0,2015-10-23,2015-10-23
4110610737167397534,4110610737167397534,,PHL,15,6829.3,2016-04-14,2017-08-07
4112810759185697471,4112810759185697471,,SAU,1,290.0,2015-10-19,2015-10-19
4116043052203444950,4116043052203444950,,ROU,2,1629.35,2016-06-28,2017-08-22
4122262859392127795,4122262859392127795,,ESP,1,89.0,2016-10-03,2016-10-03
4127271938307930401,4127271938307930401,,PRT,588,174543.59,2015-07-10,2017-08-31
4128370345992914568,4128370345992914568,,DNK,2,453.8,2016-06-17,2017-07-04
4128853915294520971,4128853915294520971,,NZL,1,387.0,2016-07-18,2016-07-18
4129081616532624043,4129081616532624043,,PRT,4,1547.26,2016-09-19,2017-04-18
4129584781391085211,4129584781391085211,,ZAF,2,1900.0,2017-07-15,2017-07-15
4130408567721949643,4130408567721949643,,DNK,7,4699.219999999999,2016-07-04,2017-08-08
4130644646796593834,4130644646796593834,,PRT,2,630.04,2015-12-30,2016-10-17
4132430170152592132,4132430170152592132,,PRT,2,310.5,2016-06-27,2017-05-09
4132469749535308107,4132469749535308107,,UNK,1,195.0,2015-10-15,2015-10-15
4133647505164629821,4133647505164629821,,ROU,1,430.56000000000006,2016-04-16,2016-04-16
4134330401482109145,4134330401482109145,,PRT,1,45.0,2016-04-07,2016-04-07
4135489734140256679,4135489734140256679,,PRT,2,315.0,2016-03-24,2016-03-24
4137641147818540132,4137641147818540132,,GBR,2,255.0,2017-03-02,2017-04-05
4137725459745268943,4137725459745268943,,UNK,3,820.0,2016-02-09,2016-08-20
4138376491981093744,4138376491981093744,,BEL,1,330.0,2017-05-14,2017-05-14
4139734343064531645,4139734343064531645,,PRT,121,26948.86,2015-09-04,2017-06-09
4143854154982846700,4143854154982846700,,TJK,2,744.3,2016-05-10,2017-07-16
4144283132303045630,4144283132303045630,,CHN,2,1223.4,2017-06-02,2017-06-11
4146257599795130988,4146257599795130988,,FIN,58,21542.84,2015-07-12,2017-07-07
4147706347505232127,4147706347505232127,,ECU,1,240.0,2017-05-22,2017-05-22
4153114926000567574,4153114926000567574,,PRT,1,0.0,2016-11-01,2016-11-01
4153776253145828381,4153776253145828381,,DEU,1,168.0,2017-01-22,2017-01-22
4154636180127597450,4154636180127597450,,MAR,1,260.0,2016-05-17,2016-05-17
4155016950546708079,4155016950546708079,,PHL,5,1599.99,2016-04-30,2017-08-04
4155078534930469064,4155078534930469064,,PRT,1,36.0,2017-02-06,2017-02-06
4156821376303814573,4156821376303814573,,GBR,1,500.01000000000005,2017-04-30,2017-04-30
4158204582891267108,4158204582891267108,,PRT,7,1654.55,2016-08-01,2017-08-08
4163858619810892384,4163858619810892384,,PRT,1,99.0,2016-05-29,2016-05-29
4164736882494209816,4164736882494209816,,AUT,1,493.5,2015-09-28,2015-09-28
4165054282070109108,4165054282070109108,,BEL,4,1070.42,2016-10-08,2016-11-08
4166487211136871539,4166487211136871539,,VEN,1,234.09,2015-09-07,2015-09-07
4167810011289444236,4167810011289444236,,BGR,1,408.0,2016-03-17,2016-03-17
4171819989092546775,4171819989092546775,,PRT,6,1783.4,2015-09-25,2015-12-24
4173263919728647163,4173263919728647163,,GRC,1,225.0,2016-11-18,2016-11-18
4174553646509540114,4174553646509540114,,PRT,4,742.0,2016-03-16,2016-07-06
4176601347974046983,4176601347974046983,,BRA,1,180.0,2015-09-02,2015-09-02
4177083157720229875,4177083157720229875,,PRT,3,77.0,2015-12-14,2017-02-15
4178427127292720067,4178427127292720067,,GBR,133,38807.06,2016-03-29,2017-05-25
4178548862255220451,4178548862255220451,,FRA,5,1023.7,2015-08-11,2016-08-09
4179156039789530626,4179156039789530626,,PRT,1,236.3,2016-07-08,2016-07-08
4181504186578839385,4181504186578839385,,GBR,2,483.52,2016-10-06,2016-11-03
4182219525690391992,4182219525690391992,,PRT,1,0.0,2016-10-14,2016-10-14
4183894955511701444,4183894955511701444,,GBR,1,192.0,2016-09-18,2016-09-18
4189170118233380746,4189170118233380746,,PRT,6,1868.0,2016-04-07,2016-09-19
4189281883723182371,4189281883723182371,,POL,1,126.0,2017-04-10,2017-04-10
4191260416944609702,4191260416944609702,,PRT,2,298.0,2017-01-10,2017-01-10
4193286697112268376,4193286697112268376,,PRT,1,1221.78,2017-08-23,2017-08-23
4193347850041827693,4193347850041827693,,LUX,3,621.3,2017-04-09,2017-06-13
4193363930844767668,4193363930844767668,,FRA,2,935.0,2016-09-04,2016-09-06
4195696107186342939,4195696107186342939,,PRT,1,65.0,2016-09-20,2016-09-20
4198342457361873524,4198342457361873524,,PRT,1,0.0,2017-01-23,2017-01-23
4199662988480382318,4199662988480382318,,PRT,1,48.0,2015-10-01,2015-10-01
4201490088669051470,4201490088669051470,,ESP,2,58.0,2016-03-17,2017-03-13
4202298154687860135,4202298154687860135,,GBR,88,30094.79,2015-09-17,2017-08-24
4203198378965296740,4203198378965296740,,FRA,8,3803.6000000000004,2016-03-10,2017-08-17
4205173660890789802,4205173660890789802,,PRT,1,130.0,2017-06-07,2017-06-07
4207057997949930019,4207057997949930019,,ITA,2,208.0,2016-09-21,2016-09-21
4208467693050401610,4208467693050401610,,LUX,5,1022.0,2015-09-11,2015-09-11
4209238911225363303,4209238911225363303,,THA,1,109.0,2016-06-01,2016-06-01
4209260104881655921,4209260104881655921,,PRT,9,1761.99,2017-06-28,2017-07-01
4210616000106320093,4210616000106320093,,POL,9,2416.3,2016-02-15,2017-05-29
4211490591725499441,4211490591725499441,,ALB,1,105.44999999999999,2016-03-13,2016-03-13
4211493557538392982,4211493557538392982,,BGR,6,2767.87,2015-08-20,2017-05-09
4211837555762133303,4211837555762133303,,BRA,1,1509.2,2016-08-20,2016-08-20
4213111977605804461,4213111977605804461,,CHE,49,21924.4,2015-07-07,2017-08-27
4213688505777859474,4213688505777859474,,PRT,1,49.0,2017-03-03,2017-03-03
4214494886733683271,4214494886733683271,,PRT,1,124.0,2015-07-02,2015-07-02
4215052191592882290,4215052191592882290,,PRT,1,580.0,2017-07-15,2017-07-15
4217248641683954264,4217248641683954264,,PRT,1,112.0,2016-10-18,2016-10-18
4218462046852391733,4218462046852391733,,NZL,1,476.0,2016-09-26,2016-09-26
4219781970374138374,4219781970374138374,,PRT,5,421.0,2015-11-16,2017-07-11
4222731112703027073,4222731112703027073,,PRT,3,304.0,2017-02-23,2017-02-23
4224305580724574785,4224305580724574785,,NLD,8,5507.73,2015-08-03,2016-08-13
4225069572585603710,4225069572585603710,,PRT,1,293.25,2016-08-08,2016-08-08
4229300701317361483,4229300701317361483,,GBR,3,432.0,2016-05-12,2016-10-06
4229863594607340460,4229863594607340460,,DEU,12,8832.16,2016-05-18,2017-07-07
4231762450441434704,4231762450441434704,,NLD,6,1728.5,2016-02-15,2017-08-21
4231939172737237389,4231939172737237389,,USA,4,1251.7,2016-08-24,2017-08-29
4232068979209664684,4232068979209664684,,USA,3,696.1600000000001,2016-04-23,2017-03-07
4232562321030509594,4232562321030509594,,PRT,1,115.0,2016-10-17,2016-10-17
4232842057854883470,4232842057854883470,,MAR,2,836.6500000000001,2015-10-05,2016-08-05
4233059000219215910,4233059000219215910,,FIN,15,11604.76,2016-07-13,2017-07-14
4233812048397082541,4233812048397082541,,PRT,3,495.0,2017-02-01,2017-07-31
4235208541408488077,4235208541408488077,,NLD,5,1559.55,2016-06-18,2017-08-31
4238232402150466124,4238232402150466124,,RUS,1,198.0,2017-06-18,2017-06-18
4238471369332541548,4238471369332541548,,PRT,1,40.32,2016-04-06,2016-04-06
4239433206630617108,4239433206630617108,,PRT,1,80.0,2017-02-09,2017-02-09
4240202796088832256,4240202796088832256,,PER,1,400.0,2017-06-26,2017-06-26
4240467741253794651,4240467741253794651,,ISR,18,2399.5,2015-08-31,2016-06-05
4241005169580680127,4241005169580680127,,DNK,1,140.0,2017-05-10,2017-05-10
4243413175849802478,4243413175849802478,,SYC,1,525.0,2017-07-21,2017-07-21
4243656973123604513,4243656973123604513,,IRL,1,94.16,2017-05-24,2017-05-24
4244232912021267434,4244232912021267434,,PRT,1,58.0,2016-05-27,2016-05-27
4244344633964397414,4244344633964397414,,CYP,2,475.0,2016-10-02,2016-10-03
4244354583649901016,4244354583649901016,,FIN,8,2753.79,2016-03-05,2016-10-16
4245790070719136869,4245790070719136869,,PRT,1,0.0,2015-08-19,2015-08-19
4248489031609422560,4248489031609422560,,ESP,6,2175.05,2016-08-31,2017-06-07
4251211917720613765,4251211917720613765,,FRA,16,5200.5,2015-08-25,2017-06-09
4252304339645979459,4252304339645979459,,PRT,2,629.0,2016-05-12,2016-05-12
4254013648986951858,4254013648986951858,,USA,3,477.0,2015-08-14,2016-08-18
4256504764793489337,4256504764793489337,,SAU,1,1228.25,2016-07-18,2016-07-18
4260416582875729263,4260416582875729263,,NLD,12,2737.8,2016-01-05,2017-02-24
4260811212380470619,4260811212380470619,,MYS,4,1309.42,2016-02-06,2016-10-20
4263955034253806012,4263955034253806012,,ESP,3,317.0,2016-01-06,2016-11-29
4264873442668824480,4264873442668824480,,PRT,1,258.0,2016-12-14,2016-12-14
4266175226985453758,4266175226985453758,,CHN,1,186.0,2015-10-05,2015-10-05
4267270874007428824,4267270874007428824,,NPL,1,255.0,2017-04-02,2017-04-02
4267910425040857244,4267910425040857244,,PRT,5,1400.0,2015-11-02,2015-11-12
4269589351462816873,4269589351462816873,,PRT,6,1330.0,2016-04-04,2016-11-10
4270251504380673233,4270251504380673233,,DEU,4,1365.0,2016-04-19,2017-06-22
4270836451050729278,4270836451050729278,,PRT,2,0.0,2015-11-24,2016-09-26
4272189651558120440,4272189651558120440,,USA,1,393.28,2016-05-16,2016-05-16
4274509909425628595,4274509909425628595,,ITA,1,220.0,2017-05-09,2017-05-09
4277246894787672157,4277246894787672157,,USA,2,680.0,2016-04-28,2016-04-28
4280309944713114092,4280309944713114092,,FRA,1,375.83,2015-09-21,2015-09-21
4280939091754795603,4280939091754795603,,ITA,1,170.0,2016-11-24,2016-11-24
4282322328524846305,4282322328524846305,,FIN,1,550.0,2017-04-04,2017-04-04
4282397220657790212,4282397220657790212,,PRT,1,76.0,2015-12-07,2015-12-07
4284198874649045149,4284198874649045149,,VEN,1,228.0,2016-02-28,2016-02-28
4285144332944835727,4285144332944835727,,BRA,1,628.3199999999999,2017-03-10,2017-03-10
4286430478641166606,4286430478641166606,,PRT,2,120.0,2016-11-03,2017-06-22
4287211963595331146,4287211963595331146,,ESP,25,4897.9,2016-10-10,2017-08-01
4288733876163055564,4288733876163055564,,MOZ,2,1513.0,2016-01-21,2016-01-21
4291620648139345506,4291620648139345506,,PRT,20,15553.06,2015-08-15,2017-08-27
4295902875166436110,4295902875166436110,,PRT,1,95.0,2016-05-23,2016-05-23
4298537505295814168,4298537505295814168,,GRC,8,2727.09,2015-10-20,2017-04-08
4301846948097186500,4301846948097186500,,CHN,2,2227.75,2017-05-16,2017-05-16
4301965576361767116,4301965576361767116,,NOR,1,361.25,2016-08-29,2016-08-29
4302465765461704502,4302465765461704502,,PRT,5,207.0,2015-10-10,2017-03-09
4302540068871622665,4302540068871622665,,EST,1,900.8999999999999,2015-09-18,2015-09-18
4307397800782524296,4307397800782524296,,ITA,5,1408.95,2015-09-08,2016-12-27
4307693867282361172,4307693867282361172,,ESP,1,200.0,2016-06-03,2016-06-03
4308639318634560126,4308639318634560126,,IRL,1,158.0,2015-08-13,2015-08-13
4310249034843617475,4310249034843617475,,PRT,1,56.0,2016-10-26,2016-10-26
4316214789887043393,4316214789887043393,,PRT,1,374.4,2016-09-11,2016-09-11
4318039076951023611,4318039076951023611,,PRT,1,59.0,2016-04-19,2016-04-19
4318503306167045793,4318503306167045793,,PRT,1,79.0,2016-06-27,2016-06-27
4322044252310920572,4322044252310920572,,BRA,2,1086.8200000000002,2016-04-10,2016-10-14
4322999253242822173,4322999253242822173,,CZE,1,815.0,2016-09-13,2016-09-13
4324515417671308347,4324515417671308347,,NLD,1,300.0,2017-06-27,2017-06-27
4324666888709932161,4324666888709932161,,PRT,1,120.0,2016-09-29,2016-09-29
4325247908013175989,4325247908013175989,,BEL,2,448.0,2015-09-11,2015-09-11
4327502730406642967,4327502730406642967,,PRT,1,90.0,2016-09-18,2016-09-18
4328515503558643567,4328515503558643567,,NLD,1,188.0,2017-03-02,2017-03-02
4328598247097723698,4328598247097723698,,POL,2,433.0,2016-05-23,2017-05-02
4328956868403985149,4328956868403985149,,SWE,2,600.0,2016-10-22,2016-10-22
4329511554688902122,4329511554688902122,,PRT,23,3675.5,2015-08-12,2017-06-16
4329517373568191646,4329517373568191646,,USA,1,105.0,2016-05-25,2016-05-25
4334753804790439099,4334753804790439099,,ESP,11,2158.1,2015-07-30,2016-02-05
4340244079796384662,4340244079796384662,,PRT,2,239.0,2016-03-02,2016-03-03
4343616389702175436,4343616389702175436,,GRC,2,1227.38,2015-09-24,2015-09-26
4344071974350360393,4344071974350360393,,USA,2,918.0,2015-10-20,2016-10-30
4344381056630766795,4344381056630766795,,COL,2,496.72,2017-04-28,2017-08-22
4345183056243460709,4345183056243460709,,POL,1,330.0,2017-05-14,2017-05-14
4345273236618069126,4345273236618069126,,PRT,1,80.0,2017-01-30,2017-01-30
4345331544534136399,4345331544534136399,,GBR,237,139157.0,2015-07-01,2017-08-31
4348591495596552160,4348591495596552160,,FRA,7,5415.0,2016-05-09,2017-06-23
4349631287864204462,4349631287864204462,,FRA,8,1521.0,2015-09-30,2015-09-30
4349669406672919034,4349669406672919034,,GBR,1,190.0,2017-06-12,2017-06-12
4350011820625730712,4350011820625730712,,FRA,1,369.0,2015-10-19,2015-10-19
4354017863052879051,4354017863052879051,,DEU,55,16658.72,2015-09-22,2017-06-16
4354848728375275165,4354848728375275165,,PRT,1,579.0,2015-10-18,2015-10-18
4354887469194725815,4354887469194725815,,JPN,92,32948.45,2015-12-27,2017-08-31
4355838472077206015,4355838472077206015,,DEU,3,400.0,2016-04-04,2016-06-22
4358555871769293890,4358555871769293890,,IRL,35,18313.86,2015-08-13,2017-08-03
4360040140623458904,4360040140623458904,,GBR,36,10570.9,2016-05-08,2017-08-31
4363574566905141796,4363574566905141796,,PRT,4,235.0,2015-12-15,2017-07-05
4364503004150094972,4364503004150094972,,ITA,2,564.0,2016-02-26,2016-09-16
4365507221815388693,4365507221815388693,,BEL,4,705.0,2016-11-20,2016-11-21
4365569494792422328,4365569494792422328,,UNK,1,210.0,2015-11-23,2015-11-23
4371096223964609799,4371096223964609799,,ESP,1,212.0,2015-10-08,2015-10-08
4372546447434412047,4372546447434412047,,IRL,3,900.24,2016-08-26,2016-12-18
4373042427551597020,4373042427551597020,,ITA,1,360.0,2017-04-20,2017-04-20
4378476519586994922,4378476519586994922,,ITA,2,2786.2799999999997,2015-08-15,2016-08-27
4379230533701439611,4379230533701439611,,ITA,1,79.0,2017-01-09,2017-01-09
4379486173853791215,4379486173853791215,,FRA,1,476.0,2016-10-25,2016-10-25
4380528048445494320,4380528048445494320,,GRC,2,2015.0,2017-04-16,2017-06-14
4380743241201199049,4380743241201199049,,FJI,1,405.99,2017-05-31,2017-05-31
4381147495634437999,4381147495634437999,,DEU,2,464.4,2017-07-14,2017-07-14
4382013910613330602,4382013910613330602,,PRT,1,81.0,2016-04-15,2016-04-15
4384987601305671858,4384987601305671858,,PRT,25,6485.66,2015-09-23,2017-06-08
4386127077291816353,4386127077291816353,,GBR,5,1806.78,2015-09-06,2015-11-26
4388197475689698029,4388197475689698029,,COL,1,120.0,2017-06-30,2017-06-30
4389900091419134382,4389900091419134382,,DEU,4,764.0,2016-01-29,2017-06-18
4392201699326704723,4392201699326704723,,FRO,3,4933.0,2017-07-31,2017-08-25
4392893737841759881,4392893737841759881,,BFA,1,80.3,2016-01-16,2016-01-16
4393597929841871661,4393597929841871661,,BRA,12,6736.3,2015-07-31,2017-08-28
4395641573462477105,4395641573462477105,,USA,88,25776.06,2015-07-03,2017-08-30
4395808000024093822,4395808000024093822,,PRT,20,1454.0,2015-10-04,2017-05-31
4399058897750738175,4399058897750738175,,DEU,96,27555.12,2015-09-06,2017-08-12
4399337424701759599,4399337424701759599,,CHE,2,680.0,2017-04-16,2017-04-21
4399870936364215915,4399870936364215915,,PRT,8,3622.6,2015-11-03,2017-01-15
4400520857048939630,4400520857048939630,,NIC,1,417.0,2016-05-31,2016-05-31
4403407217640804125,4403407217640804125,,NLD,1,30.0,2016-02-04,2016-02-04
4404877358488955246,4404877358488955246,,PRT,3,1305.0,2016-12-12,2017-06-02
4404919971407826593,4404919971407826593,,CHN,1,80.1,2017-05-09,2017-05-09
4405591359092118846,4405591359092118846,,RUS,1,0.0,2017-01-27,2017-01-27
4409418846315864342,4409418846315864342,,PER,1,540.0,2016-09-13,2016-09-13
4410337170055383593,4410337170055383593,,PRI,1,240.0,2017-06-28,2017-06-28
4411563437896227700,4411563437896227700,,NOR,40,34964.21,2015-08-15,2017-08-09
4412353461552715911,4412353461552715911,,PRT,1,105.0,2016-03-08,2016-03-08
4418079395239476719,4418079395239476719,,ZAF,1,432.0,2016-09-19,2016-09-19
4418166198564865631,4418166198564865631,,NLD,1,304.01,2016-02-05,2016-02-05
4418450478004820973,4418450478004820973,,AGO,1,1500.0,2017-05-01,2017-05-01
4422246245587139929,4422246245587139929,,PRT,2,85.5,2016-12-06,2017-02-06
4423765580867933901,4423765580867933901,,IRL,4,1035.48,2016-08-31,2017-06-22
4425161136977183994,4425161136977183994,,PRT,1,90.0,2015-10-19,2015-10-19
4426524144378809494,4426524144378809494,,PRT,1,38.0,2015-11-18,2015-11-18
4426800685529813054,4426800685529813054,,PRT,5,1980.0,2015-10-12,2015-10-12
4428079251099442877,4428079251099442877,,MAR,1,64.6,2016-01-04,2016-01-04
4429403573424455217,4429403573424455217,,ESP,2,123.5,2015-10-07,2015-12-14
4430919873091708528,4430919873091708528,,ESP,12,1765.0,2015-10-03,2017-07-25
4431323614601534631,4431323614601534631,,DEU,1,116.0,2017-03-02,2017-03-02
4431863136379785360,4431863136379785360,,TUN,1,105.0,2016-01-01,2016-01-01
4432938838627688123,4432938838627688123,,TWN,25,8733.4,2016-02-18,2017-07-30
4436847806624831541,4436847806624831541,,USA,1,77.49,2017-05-29,2017-05-29
4437514573572622824,4437514573572622824,,NZL,1,210.0,2015-09-16,2015-09-16
4440119664960598064,4440119664960598064,,ITA,5,1428.0,2016-10-11,2017-01-27
4440539176934065799,4440539176934065799,,CHE,2,434.0,2015-12-31,2017-08-28
4443053691478447687,4443053691478447687,,AUT,1,198.0,2016-03-31,2016-03-31
4445707040011709810,4445707040011709810,,GBR,5,646.0,2016-01-27,2017-04-28
4447972484041816406,4447972484041816406,,PRT,9,393.0,2015-10-29,2017-03-29
4448910977742817321,4448910977742817321,,PRT,13,1429.0,2016-01-12,2017-06-06
4449473318272934084,4449473318272934084,,IRL,14,3568.52,2016-09-14,2016-09-29
4450836220914873155,4450836220914873155,,PRT,1,216.0,2016-12-27,2016-12-27
4452862643638007948,4452862643638007948,,PRT,4,249.3,2015-10-13,2017-04-26
4453469431453007357,4453469431453007357,,COL,1,26.1,2016-03-21,2016-03-21
4454061708870857316,4454061708870857316,,ITA,48,9028.49,2015-09-22,2016-09-21
4455359653536607321,4455359653536607321,,PRT,4,168.0,2015-11-04,2017-03-30
4456582400879682467,4456582400879682467,,PRT,1,231.0,2016-06-06,2016-06-06
4457799238100072670,4457799238100072670,,FRA,6,1028.0,2015-09-21,2015-09-21
4460093250369023362,4460093250369023362,,FRA,2,558.0,2017-03-18,2017-03-18
4464240288309337102,4464240288309337102,,DNK,1,6.0,2016-02-29,2016-02-29
4464417351701012809,4464417351701012809,,PRT,1,1118.0,2017-08-22,2017-08-22
4464583220387356148,4464583220387356148,,AUS,2,391.76,2016-05-15,2016-07-01
4465902682652615790,4465902682652615790,,UNK,2,171.0,2015-09-28,2015-09-30
4468172490685076270,4468172490685076270,,FIN,1,90.0,2015-10-19,2015-10-19
4468907721027046035,4468907721027046035,,PRT,9,3335.88,2015-09-20,2016-11-05
4469848628373988458,4469848628373988458,,PRT,4,578.6999999999999,2017-06-26,2017-07-29
4480899314273378399,4480899314273378399,,PRT,9,2515.0,2016-03-25,2016-09-16
4481057784556944775,4481057784556944775,,POL,2,93.0,2015-12-07,2017-04-02
4482992457581033737,4482992457581033737,,IRL,1,125.0,2016-02-02,2016-02-02
4484655967135761696,4484655967135761696,,ESP,3,93.0,2016-02-26,2016-02-26
4485650511961836218,4485650511961836218,,PRT,52,13327.0,2016-04-04,2017-04-23
4486256501813286451,4486256501813286451,,POL,1,609.12,2017-07-08,2017-07-08
4486452011846853817,4486452011846853817,,GBR,134,55173.28,2015-09-01,2017-07-27
4487388307065009225,4487388307065009225,,PRT,8,480.0,2016-02-22,2017-05-24
4491472854343499909,4491472854343499909,,GBR,1,297.0,2017-06-11,2017-06-11
4493960438146799812,4493960438146799812,,PRT,1,828.0,2015-10-26,2015-10-26
4494002477756808577,4494002477756808577,,AUS,2,1022.98,2015-12-22,2016-07-02
4496538528862563977,4496538528862563977,,FIN,2,325.0,2017-01-18,2017-01-18
4498498828711593653,4498498828711593653,,ROU,5,1213.0,2016-08-16,2017-03-29
4498532546826384260,4498532546826384260,,PRT,6,568.0,2015-12-05,2015-12-05
4500217556175474243,4500217556175474243,,GBR,1,262.4,2017-06-02,2017-06-02
4501044393470542764,4501044393470542764,,CHN,1,79.2,2016-09-05,2016-09-05
4502096004570147926,4502096004570147926,,PRT,20,5218.0,2016-04-05,2017-07-11
4502240912732779473,4502240912732779473,,BRA,1,87.0,2016-11-17,2016-11-17
4502558903592108088,4502558903592108088,,CHN,2,485.0,2015-09-10,2015-09-17
4503162144107159814,4503162144107159814,,GBR,16,3222.0,2016-05-11,2017-02-22
4503199101459209846,4503199101459209846,,NLD,1,102.0,2016-10-28,2016-10-28
4503917444195391257,4503917444195391257,,GBR,5,0.0,2016-03-28,2017-07-13
4503938145871744714,4503938145871744714,,PRT,1,140.0,2017-03-20,2017-03-20
4504483648435424385,4504483648435424385,,ARG,7,3633.85,2016-05-20,2017-05-11
4506456091906335362,4506456091906335362,,USA,1,81.0,2015-08-06,2015-08-06
4508591635924609913,4508591635924609913,,BEL,1,55.0,2017-03-29,2017-03-29
4510882726445815296,4510882726445815296,,GBR,1,103.0,2016-09-19,2016-09-19
4512962104790097786,4512962104790097786,,PRT,152,26975.34,2015-08-04,2017-08-20
4517389431542949209,4517389431542949209,,BEL,1,52.8,2016-10-27,2016-10-27
4517843798887606159,4517843798887606159,,ESP,13,3279.5,2015-08-03,2016-03-02
4518188523109973849,4518188523109973849,,ITA,2,723.5999999999999,2016-09-08,2016-09-08
4519340207698505310,4519340207698505310,,ROU,1,962.6400000000001,2016-09-13,2016-09-13
4520148915510176426,4520148915510176426,,CHE,1,1018.5,2017-07-22,2017-07-22
4521485555885200822,4521485555885200822,,ESP,1,912.5999999999999,2015-08-09,2015-08-09
4522359964940406258,4522359964940406258,,CZE,2,375.0,2017-01-17,2017-01-18
4525218893599533284,4525218893599533284,,TUR,1,700.02,2016-11-20,2016-11-20
4526203559061941392,4526203559061941392,,PRT,2,2323.07,2016-08-22,2016-09-18
4526356450189702980,4526356450189702980,,FRA,13,1380.0,2015-12-09,2017-04-11
4528535539024146968,4528535539024146968,,ESP,1,89.5,2017-01-11,2017-01-11
4531135496593832396,4531135496593832396,,PRT,1,67.0,2016-02-19,2016-02-19
4531620435452517019,4531620435452517019,,PRT,1,80.0,2017-03-09,2017-03-09
4532361849707652034,4532361849707652034,,JPN,1,340.0,2017-02-11,2017-02-11
4533525565913084343,4533525565913084343,,PRT,1,125.1,2016-05-24,2016-05-24
4535586622211011594,4535586622211011594,,POL,8,1271.13,2016-03-03,2016-10-07
4535642585426932499,4535642585426932499,,FRA,6,2333.4700000000003,2017-06-01,2017-06-02
4536308461982951253,4536308461982951253,,IRL,1,286.2,2015-09-03,2015-09-03
4538328033780575042,4538328033780575042,,QAT,1,709.2,2017-07-26,2017-07-26
4538594469277277895,4538594469277277895,,CHE,1,160.0,2017-02-01,2017-02-01
4543259700898401412,4543259700898401412,,FIN,25,10659.4,2015-08-19,2017-07-30
4543548008642924568,4543548008642924568,,PRT,10,3875.0,2016-09-05,2016-09-16
4544753086375209736,4544753086375209736,,JPN,2,4089.38,2016-10-19,2016-11-09
4545188739098245950,4545188739098245950,,PRT,5,2535.83,2016-08-29,2017-08-23
4551405186330478724,4551405186330478724,,PER,1,150.16,2017-01-10,2017-01-10
4552444202582631537,4552444202582631537,,SWE,7,408.65,2015-09-12,2016-10-10
4554245166969280931,4554245166969280931,,CHL,1,729.0,2016-10-11,2016-10-11
4555319493420208679,4555319493420208679,,IRQ,2,1290.0,2016-01-15,2016-01-15
4556162128720664176,4556162128720664176,,PRT,1,81.23,2017-07-03,2017-07-03
4556226352821663009,4556226352821663009,,SWE,3,981.4,2016-03-01,2017-04-28
4557773578847050678,4557773578847050678,,AUT,13,3764.0,2016-02-14,2017-07-18
4560507339078458681,4560507339078458681,,NLD,1,522.0,2017-06-19,2017-06-19
4563026633880044153,4563026633880044153,,ESP,1,176.0,2016-08-10,2016-08-10
4564493839336833385,4564493839336833385,,PRT,15,2253.0,2015-10-12,2017-05-16
4566139961346681898,4566139961346681898,,PRT,1,154.0,2016-10-03,2016-10-03
4566725032118294019,4566725032118294019,,ECU,1,285.0,2017-03-02,2017-03-02
4567605947473870606,4567605947473870606,,PRT,21,10220.54,2015-08-03,2017-08-24
4570689214060657676,4570689214060657676,,BRA,1,85.0,2016-03-20,2016-03-20
4573089489408441949,4573089489408441949,,PRT,4,1587.5,2016-05-02,2017-05-15
4576179431956436821,4576179431956436821,,RUS,279,132521.25,2015-08-06,2017-08-31
4577661640871785052,4577661640871785052,,PRT,5,264.0,2016-04-08,2016-04-08
4579026330274790981,4579026330274790981,,PRT,3,550.01,2016-03-02,2017-03-15
4579068182460925839,4579068182460925839,,CHL,2,647.0,2016-06-01,2016-12-28
4581218856706198557,4581218856706198557,,PRT,3,328.0,2017-03-09,2017-08-15
4593134266995918416,4593134266995918416,,ESP,42,12279.39,2015-10-05,2016-12-29
4593807303304382970,4593807303304382970,,RUS,8,3373.3,2016-03-05,2017-07-29
4594742240947199708,4594742240947199708,,AUS,2,339.7,2016-05-12,2017-04-15
4597575442649303174,4597575442649303174,,ARG,3,1019.6000000000001,2016-08-09,2017-07-23
4598912743149907404,4598912743149907404,,BEL,1,215.0,2017-05-17,2017-05-17
4599413290088108968,4599413290088108968,,GRC,1,156.8,2017-03-03,2017-03-03
4599819868495894806,4599819868495894806,,PRT,1,70.0,2017-01-28,2017-01-28
4599990741281709992,4599990741281709992,,EST,26,16425.989999999998,2016-03-02,2017-07-14
4600955697924929788,4600955697924929788,,FRA,1,555.0,2016-09-06,2016-09-06
4601532850870443006,4601532850870443006,,BRA,3,899.4300000000001,2017-04-17,2017-08-25
4601941768459306145,4601941768459306145,,LUX,1,1255.8,2017-08-10,2017-08-10
4603556124680659798,4603556124680659798,,PRT,7,599.4,2016-06-01,2017-08-27
4603814438137338709,4603814438137338709,,DEU,3,900.0,2015-11-07,2015-11-07
4606154537536469381,4606154537536469381,,AUS,164,53539.41,2015-08-29,2017-08-24
4609722888233886263,4609722888233886263,,BEL,2,770.0,2016-06-06,2016-06-06
4612937850662135260,4612937850662135260,,IDN,1,300.0,2015-11-23,2015-11-23
4614382823276399528,4614382823276399528,,PRT,1,206.0,2015-07-01,2015-07-01
4614419355832536639,4614419355832536639,,THA,1,142.0,2016-03-10,2016-03-10
4614650364225217779,4614650364225217779,,GBR,125,45060.53,2015-07-01,2017-08-25
4614825269317692812,4614825269317692812,,BHR,4,1707.55,2016-04-25,2017-08-07
4615886410215604560,4615886410215604560,,PRT,2,500.0,2016-09-03,2016-10-01
4619385267104979982,4619385267104979982,,UNK,5,496.0,2015-11-03,2016-11-08
4620351338878504106,4620351338878504106,,POL,1,330.0,2016-10-12,2016-10-12
4621489507955111063,4621489507955111063,,USA,1,476.0,2016-09-19,2016-09-19
4622671308301042178,4622671308301042178,,PRT,1,40.0,2016-03-22,2016-03-22
4628052902752345446,4628052902752345446,,GRC,3,645.0,2015-12-02,2017-01-19
4629232842417146096,4629232842417146096,,NOR,4,2345.52,2017-06-15,2017-07-29
4629519295720394726,4629519295720394726,,ESP,1,188.0,2016-08-03,2016-08-03
4631264389984528715,4631264389984528715,,ITA,1,158.7,2015-10-01,2015-10-01
4632048018894286600,4632048018894286600,,IRL,36,16673.3,2015-07-07,2017-06-22
4632272439014654778,4632272439014654778,,CHE,1,880.0,2016-05-29,2016-05-29
4633563807456968726,4633563807456968726,,PRT,2,66.0,2016-12-27,2016-12-27
4634493396705163340,4634493396705163340,,POL,26,12444.14,2016-01-09,2017-08-31
4634963387301529366,4634963387301529366,,CHN,1,88.0,2016-10-28,2016-10-28
4636972831327341016,4636972831327341016,,PRT,6,4.0,2015-08-02,2016-09-12
4637090938383554725,4637090938383554725,,PRT,2,144.0,2016-05-19,2016-05-19
4638324535825167256,4638324535825167256,,CHE,1,194.39999999999998,2017-05-18,2017-05-18
4639301827613507374,4639301827613507374,,RUS,3,1582.02,2016-09-01,2016-11-06
4640631094738173536,4640631094738173536,,GBR,2,530.4000000000001,2017-04-01,2017-04-01
4641036680511711456,4641036680511711456,,DEU,10,10139.96,2016-04-27,2016-08-31
4641213711684493256,4641213711684493256,,IRN,1,668.8,2016-09-09,2016-09-09
4643191304543609150,4643191304543609150,,DZA,1,478.80000000000007,2016-11-05,2016-11-05
4644445256755239137,4644445256755239137,,IRL,1,1129.5,2017-07-03,2017-07-03
4645781777376786329,4645781777376786329,,PRT,18,3124.0,2016-05-12,2017-05-22
4646126484144892256,4646126484144892256,,AUT,2,472.66,2016-05-27,2017-05-05
4647689420383242953,4647689420383242953,,DEU,2,351.0,2016-01-13,2017-02-07
4648388626066003665,4648388626066003665,,FRA,7,1530.0,2016-03-29,2016-07-18
4648797034203252793,4648797034203252793,,ESP,2,80.0,2017-03-16,2017-04-27
4650783692748574880,4650783692748574880,,PRT,7,591.0,2016-10-16,2017-03-24
4652929379964648478,4652929379964648478,,ITA,1,135.0,2017-04-12,2017-04-12
4653289069680365660,4653289069680365660,,PRT,1,190.0,2017-04-17,2017-04-17
4653808766603314748,4653808766603314748,,BEL,1,455.69999999999993,2016-04-29,2016-04-29
4656473800697675542,4656473800697675542,,PRT,1,279.0,2017-04-29,2017-04-29
4656774406267183832,4656774406267183832,,JOR,1,355.5,2017-08-16,2017-08-16
4660873452346759603,4660873452346759603,,FRA,20,2867.0,2016-04-06,2017-08-30
4663363085082007449,4663363085082007449,,ISL,1,1055.6,2017-07-21,2017-07-21
4663480734497672505,4663480734497672505,,BEL,2,360.0,2015-11-01,2015-11-22
4663594113323004863,4663594113323004863,,PRT,7,1926.0,2016-03-16,2017-06-22
4663953651625881852,4663953651625881852,,PRT,9,2830.0,2016-05-19,2017-04-27
4665795663357633539,4665795663357633539,,PRT,1,412.65000000000003,2015-09-11,2015-09-11
4668379743501184432,4668379743501184432,,PRT,5,479.0,2015-08-05,2017-07-26
4670872444822449164,4670872444822449164,,BRA,3,996.0,2016-02-27,2016-02-27
4671498628799785715,4671498628799785715,,PRT,2,251.0,2017-01-09,2017-03-14
4674323050576401407,4674323050576401407,,KOR,1,152.64,2017-01-28,2017-01-28
4679140659470147876,4679140659470147876,,PRT,6,1334.25,2016-06-08,2017-06-10
4679697217729101613,4679697217729101613,,SWE,2,792.0,2016-09-29,2016-09-29
4681213819140022529,4681213819140022529,,FRA,1,105.0,2015-09-11,2015-09-11
4682164595959202006,4682164595959202006,,PRT,1,0.0,2017-02-27,2017-02-27
4682981283490651408,4682981283490651408,,HRV,1,280.0,2015-11-23,2015-11-23
4683211394600693044,4683211394600693044,,IRN,3,775.1,2015-09-23,2015-11-05
4684948016906166094,4684948016906166094,,DNK,5,924.0,2015-09-22,2015-09-22
4686134666033065942,4686134666033065942,,JEY,3,1102.4,2016-09-06,2016-11-22
4686409925336110872,4686409925336110872,,GBR,26,8024.58,2015-10-21,2016-12-04
4690960273061991014,4690960273061991014,,AZE,1,1521.6,2017-08-18,2017-08-18
4691603234376167194,4691603234376167194,,PRT,2,110.0,2016-12-21,2017-02-01
4691628123223351766,4691628123223351766,,DEU,144,48839.43,2015-07-30,2017-08-26
4691846561294815316,4691846561294815316,,NLD,1,595.0,2016-04-25,2016-04-25
4692461173999634521,4692461173999634521,,IRL,1,1334.2,2017-08-18,2017-08-18
4692592550401731545,4692592550401731545,,ESP,1,281.4,2016-02-12,2016-02-12
4693689203448176577,4693689203448176577,,PRT,1,36.0,2016-12-03,2016-12-03
4693862800349317360,4693862800349317360,,PRT,1,0.0,2017-08-22,2017-08-22
4694570710363579129,4694570710363579129,,ESP,1,140.0,2017-01-18,2017-01-18
4694758515878319521,4694758515878319521,,FRA,1,323.0,2016-05-12,2016-05-12
4695546160986570384,4695546160986570384,,ITA,76,23226.91,2015-08-11,2017-08-27
4699744120059774820,4699744120059774820,,AUT,2,717.03,2017-06-08,2017-07-08
4704363293801034031,4704363293801034031,,PRT,1,85.0,2017-04-09,2017-04-09
4705742874081901087,4705742874081901087,,PRT,1,140.0,2017-02-11,2017-02-11
4709191716232458984,4709191716232458984,,DEU,3,1374.45,2016-07-08,2016-08-25
4712174548661670058,4712174548661670058,,ESP,2,780.0,2015-10-12,2015-10-12
4712839244723887690,4712839244723887690,,PRT,1,39.0,2017-01-09,2017-01-09
4714010842304750086,4714010842304750086,,ESP,2,192.0,2016-02-09,2016-02-09
4715464572522887974,4715464572522887974,,IRL,1,496.0,2017-04-19,2017-04-19
4716240920602278879,4716240920602278879,,DEU,1,48.0,2017-02-19,2017-02-19
4719832900265099093,4719832900265099093,,GBR,1,195.0,2017-01-18,2017-01-18
4722475521139427209,4722475521139427209,,FRA,1,6.0,2016-11-14,2016-11-14
4724898624291811591,4724898624291811591,,FRA,1,208.0,2016-10-09,2016-10-09
4726769169871922952,4726769169871922952,,BGR,4,1169.04,2016-04-02,2017-03-29
4727029348872418161,4727029348872418161,,SGP,1,109.0,2016-05-10,2016-05-10
4727507813737688157,4727507813737688157,,LVA,7,3435.6,2015-09-18,2016-09-30
4727614095253326798,4727614095253326798,,VNM,1,276.0,2016-08-12,2016-08-12
4730774432972275390,4730774432972275390,,CHN,2,227.0,2017-04-23,2017-04-28
4731458437450407928,4731458437450407928,,BRA,13,2744.88,2015-12-19,2017-07-24
4736197081003855214,4736197081003855214,,RUS,1,195.0,2017-01-22,2017-01-22
4739092963730293013,4739092963730293013,,AUT,1,200.0,2017-04-03,2017-04-03
4740408372862981809,4740408372862981809,,ESP,11,2032.0,2015-09-10,2017-07-02
4742227442021272643,4742227442021272643,,KOR,2,570.0,2016-11-25,2017-07-16
4744229618940525040,4744229618940525040,,ITA,1,396.0,2015-10-19,2015-10-19
4745314663205708344,4745314663205708344,,ROU,3,3595.0,2017-08-28,2017-08-29
4746436862726398941,4746436862726398941,,CHN,26,7949.99,2017-03-09,2017-06-26
4746453361053444416,4746453361053444416,,PRT,1,30.0,2016-03-03,2016-03-03
4746537573932746807,4746537573932746807,,ESP,3,820.0,2016-09-12,2017-03-13
4747797109035461624,4747797109035461624,,PRT,12,1178.4,2015-10-27,2017-03-21
4748171931321408881,4748171931321408881,,DEU,1,445.5,2017-06-07,2017-06-07
4748825227060662594,4748825227060662594,,PRT,1,79.0,2016-06-15,2016-06-15
4753143697619353253,4753143697619353253,,SAU,1,1508.0,2016-02-27,2016-02-27
4754428859394594388,4754428859394594388,,DEU,1,324.0,2016-09-14,2016-09-14
4758244078076769807,4758244078076769807,,IRL,2,556.56,2015-10-27,2016-03-16
4760057311087267714,4760057311087267714,,HUN,2,685.95,2015-10-28,2016-10-30
4760776403929338711,4760776403929338711,,DNK,1,196.0,2015-09-22,2015-09-22
4760987279185104863,4760987279185104863,,PRT,3,84.0,2016-05-16,2016-11-01
4769361264373761743,4769361264373761743,,PRT,1,103.0,2015-09-16,2015-09-16
4770021574570764808,4770021574570764808,,DEU,1,108.0,2015-11-11,2015-11-11
4774789058924166930,4774789058924166930,,PRT,2,579.6,2016-09-26,2016-12-02
4775000343716640881,4775000343716640881,,PRT,9,335.0,2017-01-27,2017-01-28
4776142737249664190,4776142737249664190,,PRT,10,688.0,2016-02-04,2017-05-30
4776222389216973449,4776222389216973449,,PRT,17,3024.0,2015-11-20,2017-04-28
4778350069449876485,4778350069449876485,,TUR,1,280.0,2015-11-23,2015-11-23
4778459054181460210,4778459054181460210,,PRT,1,254.0,2017-06-30,2017-06-30
4781291913481055904,4781291913481055904,,UNK,1,84.0,2016-03-22,2016-03-22
4782489231734313597,4782489231734313597,,ESP,2,350.0,2015-12-04,2015-12-05
4784677188583492048,4784677188583492048,,VEN,1,400.0,2017-06-01,2017-06-01
4785826876007175875,4785826876007175875,,CMR,1,0.0,2017-04-27,2017-04-27
4785872466023625589,4785872466023625589,,PRT,1,0.0,2016-11-05,2016-11-05
4791616321924610117,4791616321924610117,,BRA,1,0.0,2017-01-04,2017-01-04
4791873320545674971,4791873320545674971,,FRA,1,219.0,2015-09-30,2015-09-30
4792622508744307973,4792622508744307973,,USA,1,89.0,2017-08-04,2017-08-04
4796743441192533019,4796743441192533019,,PRT,2,252.0,2016-04-26,2016-04-26
4796850186248246090,4796850186248246090,,ROU,2,1230.53,2016-07-04,2016-08-31
4798957743351637439,4798957743351637439,,USA,2,545.94,2015-11-07,2016-08-30
4798965720320970365,4798965720320970365,,PRT,1,1080.6599999999999,2015-08-07,2015-08-07
4799981719752764795,4799981719752764795,,IRL,3,519.81,2016-08-23,2017-07-12
4801588410489111208,4801588410489111208,,HUN,1,476.0,2017-03-21,2017-03-21
4802173943719335262,4802173943719335262,,PRT,2,280.0,2017-08-24,2017-08-24
4802314202467251389,4802314202467251389,,AUT,1,78.41,2016-08-17,2016-08-17
4803068455801891206,4803068455801891206,,FRA,1,351.0,2017-06-22,2017-06-22
4804017267016305864,4804017267016305864,,GBR,2,400.0,2017-04-05,2017-04-05
4805850490340166771,4805850490340166771,,CHE,2,174.0,2016-10-20,2016-12-14
4807688984088845111,4807688984088845111,,PRT,2,276.0,2017-03-09,2017-03-09
4809758967303112795,4809758967303112795,,NLD,1,178.0,2015-10-15,2015-10-15
4810045312457603374,4810045312457603374,,CHN,1,420.0,2015-11-23,2015-11-23
4812429160935383502,4812429160935383502,,PRT,3,1031.0,2016-03-02,2017-08-20
4814920043573898685,4814920043573898685,,ISR,4,1758.1,2015-09-13,2017-08-20
4816160805629234663,4816160805629234663,,KOR,3,608.0,2015-09-04,2015-09-22
4819111410350669635,4819111410350669635,,OMN,1,50.0,2016-10-09,2016-10-09
4819278627100757904,4819278627100757904,,AGO,1,669.69,2015-11-20,2015-11-20
4820168824013747433,4820168824013747433,,PRT,2,220.0,2016-05-24,2016-05-24
4820610510727870750,4820610510727870750,,PRT,1,114.75,2017-06-15,2017-06-15
4823168787603087518,4823168787603087518,,IRL,1,350.24,2015-09-30,2015-09-30
4824365045122606141,4824365045122606141,,AUT,1,0.0,2017-07-15,2017-07-15
4825085681790915116,4825085681790915116,,PRT,1,80.0,2015-09-25,2015-09-25
4825155210385579962,4825155210385579962,,PRT,1,264.0,2017-02-07,2017-02-07
4827680008897977815,4827680008897977815,,USA,36,4220.3,2016-01-10,2017-08-08
4828501576968163150,4828501576968163150,,CHL,1,260.0,2017-05-17,2017-05-17
4829462469215270926,4829462469215270926,,FRA,1,362.25,2017-02-09,2017-02-09
4830846103716921507,4830846103716921507,,CHN,3,873.2,2016-06-07,2016-06-18
4830964555288590901,4830964555288590901,,GBR,1,674.1,2015-07-09,2015-07-09
4833358064417563427,4833358064417563427,,USA,1,4.0,2017-01-25,2017-01-25
4834256566715617241,4834256566715617241,,ESP,42,16368.33,2015-07-18,2017-07-20
4834986073780344786,4834986073780344786,,PRT,5,1173.0,2017-03-13,2017-03-14
4835407972922846447,4835407972922846447,,PRT,1,178.0,2016-03-16,2016-03-16
4837482813267799293,4837482813267799293,,ZAF,1,338.01,2017-07-29,2017-07-29
4838143358099078737,4838143358099078737,,CHN,1,279.0,2017-01-25,2017-01-25
4838348731253922619,4838348731253922619,,PRT,2,840.0,2017-05-26,2017-05-26
4838353226775055676,4838353226775055676,,AUT,1,400.0,2015-10-12,2015-10-12
4841905455698043406,4841905455698043406,,CHN,2,425.0799999999999,2016-01-08,2016-02-08
4842053559112815320,4842053559112815320,,ROU,1,225.0,2017-02-26,2017-02-26
4843234990685954641,4843234990685954641,,CHL,1,118.0,2016-01-25,2016-01-25
4843565779292779427,4843565779292779427,,CIV,1,144.0,2016-03-24,2016-03-24
4845822141062963712,4845822141062963712,,SWE,1,261.0,2017-04-09,2017-04-09
4846065299353101351,4846065299353101351,,ROU,3,1872.8000000000002,2016-10-16,2016-12-09
4846409456909261154,4846409456909261154,,SWE,1,182.0,2016-01-27,2016-01-27
4847339622825947323,4847339622825947323,,CHE,1,285.0,2016-10-02,2016-10-02
4849161150221598531,4849161150221598531,,GBR,2,313.20000000000005,2015-09-04,2015-09-04
4849351225794093265,4849351225794093265,,PRT,249,72684.04,2015-07-01,2017-08-27
4852627505929500351,4852627505929500351,,BEL,3,507.04,2016-11-29,2017-01-25
4852766243126682336,4852766243126682336,,DEU,23,6372.9,2015-11-12,2017-08-27
4853630919674613487,4853630919674613487,,UKR,1,1588.86,2016-12-02,2016-12-02
4854210747497124622,4854210747497124622,,PRT,476,84567.5,2015-07-02,2017-04-20
4858368359139929097,4858368359139929097,,JAM,1,805.0,2016-05-26,2016-05-26
4858612341715338688,4858612341715338688,,AGO,2,477.0,2016-02-14,2016-02-14
4860802620447733686,4860802620447733686,,PRT,2,490.0,2017-01-15,2017-05-29
4861454294866934915,4861454294866934915,,PRT,7,2136.0,2015-08-12,2017-04-21
4864872779399720097,4864872779399720097,,BRA,1,135.0,2015-09-17,2015-09-17
4865425878404096458,4865425878404096458,,UKR,1,174.0,2017-02-26,2017-02-26
4867093683755589506,4867093683755589506,,RUS,1,170.0,2017-01-25,2017-01-25
4867830210194668369,4867830210194668369,,ITA,1,196.79999999999998,2017-04-09,2017-04-09
4874307461938244815,4874307461938244815,,POL,2,281.15,2015-11-23,2016-12-12
4878019579137611646,4878019579137611646,,PRT,1,38.0,2017-01-12,2017-01-12
4883276002978945738,4883276002978945738,,AUT,1,291.0,2016-02-05,2016-02-05
4884729571362278919,4884729571362278919,,AUT,1,690.0,2017-08-20,2017-08-20
4885693624231418520,4885693624231418520,,POL,2,396.0,2016-03-31,2016-03-31
4887853758065869440,4887853758065869440,,IRL,1,185.0,2017-06-26,2017-06-26
4889954525826432824,4889954525826432824,,THA,1,281.0,2016-11-11,2016-11-11
4890033588628241649,4890033588628241649,,FRA,3,4297.02,2016-08-05,2016-08-05
4890722102951287139,4890722102951287139,,PRT,1,1159.2,2015-08-22,2015-08-22
4892699099055029237,4892699099055029237,,DEU,2,675.0,2015-09-30,2015-09-30
4898350130579185588,4898350130579185588,,AUT,1,81.9,2016-01-14,2016-01-14
4899591660133804669,4899591660133804669,,DEU,22,13637.58,2015-09-10,2017-08-26
4900893430201098063,4900893430201098063,,MAR,6,1787.0,2016-02-27,2016-02-28
4901278204652714398,4901278204652714398,,UNK,1,34.0,2016-12-02,2016-12-02
4904452532618401566,4904452532618401566,,CZE,10,3757.8,2015-07-11,2017-08-01
4905378275635854538,4905378275635854538,,IRL,1,1155.0,2016-11-18,2016-11-18
4907037678803898907,4907037678803898907,,PRT,3,427.0,2016-09-14,2016-11-22
4907479541352682063,4907479541352682063,,DZA,5,1644.0,2016-03-07,2016-03-07
4913774281369809990,4913774281369809990,,CUB,1,149.0,2016-08-08,2016-08-08
4916092326544798010,4916092326544798010,,ITA,2,615.2,2016-01-06,2016-03-09
4916388610615725734,4916388610615725734,,GGY,1,65.0,2016-12-08,2016-12-08
4917096542103515661,4917096542103515661,,LUX,1,230.39999999999998,2016-02-19,2016-02-19
4918048868660102203,4918048868660102203,,GBR,3,1080.75,2017-04-28,2017-07-24
4918912077460177350,4918912077460177350,,FRA,3,990.0,2016-06-06,2016-06-06
4919345378441982800,4919345378441982800,,PRT,2,107.0,2016-05-04,2016-06-21
4923134353167118793,4923134353167118793,,SWE,1,888.96,2015-07-31,2015-07-31
4924184767238734972,4924184767238734972,,AUT,1,200.0,2015-12-04,2015-12-04
4926049822864254147,4926049822864254147,,POL,1,455.69999999999993,2016-04-29,2016-04-29
4926975223988259113,4926975223988259113,,BRA,40,12676.61,2015-07-24,2017-08-18
4929770036338959348,4929770036338959348,,ESP,1,0.0,2016-12-05,2016-12-05
4932243574836665132,4932243574836665132,,LVA,1,212.0,2016-12-06,2016-12-06
4932879500101742420,4932879500101742420,,FRA,1,146.0,2016-08-17,2016-08-17
4932961328649937290,4932961328649937290,,DEU,1,129.0,2016-04-13,2016-04-13
4934824399394966555,4934824399394966555,,LTU,10,6827.73,2015-09-18,2016-09-23
4936684629864072778,4936684629864072778,,GBR,2,618.4,2016-04-04,2017-07-02
4937980522215650513,4937980522215650513,,PRT,8,1647.6,2016-05-19,2017-06-25
4938285204183778861,4938285204183778861,,PRT,2,60.0,2016-03-01,2016-03-02
4942925613340477577,4942925613340477577,,BRA,1,861.0,2015-07-12,2015-07-12
4946627188909421565,4946627188909421565,,USA,1,0.0,2016-05-20,2016-05-20
4947101991862939745,4947101991862939745,,ESP,2,466.8,2016-07-14,2016-07-14
4951190715715691251,4951190715715691251,,DEU,304,103996.79000000001,2015-07-31,2017-08-27
4951893667358763053,4951893667358763053,,CHN,1,308.0,2016-04-22,2016-04-22
4952019193850447386,4952019193850447386,,DEU,9,1623.0,2015-08-18,2016-01-20
4958552355279292282,4958552355279292282,,RUS,2,520.0,2016-05-17,2016-05-17
4960975901955950168,4960975901955950168,,GBR,1,221.97,2017-03-19,2017-03-19
4961167066344714500,4961167066344714500,,NOR,1,1626.0,2016-07-14,2016-07-14
4964664386744640201,4964664386744640201,,AUT,4,1239.0,2017-06-09,2017-08-20
4966509798954980126,4966509798954980126,,FRA,1,116.0,2015-09-06,2015-09-06
4968605502735906599,4968605502735906599,,LUX,2,328.5,2016-10-16,2016-10-28
4970090227620335894,4970090227620335894,,AUT,1,289.0,2016-07-31,2016-07-31
4971921550425355761,4971921550425355761,,PRT,2,500.52,2016-09-28,2017-04-23
4973808483321207533,4973808483321207533,,PRI,6,747.0,2016-05-18,2016-09-28
4973831387445393005,4973831387445393005,,POL,1,212.16,2016-11-17,2016-11-17
4974391487837653767,4974391487837653767,,BIH,1,306.9,2016-06-11,2016-06-11
4976435890597582171,4976435890597582171,,PRT,2,241.5,2015-09-30,2015-09-30
4976833626137911055,4976833626137911055,,SVK,1,189.78,2016-11-16,2016-11-16
4977207407721641301,4977207407721641301,,PRT,212,94519.3,2015-07-07,2017-08-31
4977264310469512166,4977264310469512166,,BEL,1,208.0,2017-05-27,2017-05-27
4980299596534577191,4980299596534577191,,GRC,1,340.0,2015-09-26,2015-09-26
4980719022217823009,4980719022217823009,,ISR,20,8214.42,2015-07-29,2017-08-17
4982059821616504114,4982059821616504114,,GBR,5,2793.3999999999996,2016-05-10,2017-07-21
4982173991720207564,4982173991720207564,,CHN,5,235.0,2016-02-01,2017-01-29
4984472248031554336,4984472248031554336,,PRT,5,186.0,2016-02-26,2016-02-27
4985655008559208783,4985655008559208783,,PRT,3,255.0,2017-01-31,2017-04-06
4994196707687641517,4994196707687641517,,BEL,1,85.0,2017-01-26,2017-01-26
4998269798486790790,4998269798486790790,,IND,22,9232.49,2015-08-07,2017-07-02
4998348357407673550,4998348357407673550,,NOR,5,1746.49,2015-08-19,2015-10-05
4998379569074006070,4998379569074006070,,BRA,4,0.0,2016-12-20,2017-03-06
4999824880973884631,4999824880973884631,,PRT,1,90.0,2016-04-13,2016-04-13
5003178651021967936,5003178651021967936,,PRT,5,264.0,2015-10-12,2015-12-01
5005912577498463673,5005912577498463673,,PRT,2,0.0,2017-04-11,2017-04-11
5008186453611645596,5008186453611645596,,PRT,42,8299.01,2015-10-01,2017-01-18
5008684329189983115,5008684329189983115,,CZE,3,2510.0,2016-01-21,2017-07-24
5011300056923401404,5011300056923401404,,SAU,1,142.0,2016-01-21,2016-01-21
5012994111498651663,5012994111498651663,,BEL,2,340.4,2016-03-04,2016-03-04
5015138195897585854,5015138195897585854,,PRT,9,992.9,2016-04-05,2017-05-16
5016224390300418940,5016224390300418940,,PRT,1,75.0,2017-08-16,2017-08-16
5017410324428287427,5017410324428287427,,FRA,2,155.0,2016-03-16,2016-03-16
5020302668520068203,5020302668520068203,,PRT,28,20289.29,2015-07-04,2017-08-01
5023510346769396178,5023510346769396178,,HUN,22,14460.93,2015-07-16,2017-08-15
5027153309881727254,5027153309881727254,,PRT,1,58.5,2016-04-20,2016-04-20
5028408203930436330,5028408203930436330,,PRT,4,640.0,2017-01-23,2017-01-25
5031597405109240036,5031597405109240036,,PRT,3,547.0,2016-03-01,2016-03-02
5032566052425549821,5032566052425549821,,NLD,28,5399.3,2015-10-15,2017-03-03
5038931437387992198,5038931437387992198,,SWE,1,100.0,2016-12-29,2016-12-29
5044977346878366174,5044977346878366174,,PRT,22,3266.0,2015-12-09,2016-10-13
5048179475595680764,5048179475595680764,,PRT,1,240.0,2015-09-19,2015-09-19
5049066975877806041,5049066975877806041,,PRT,35,2230.0,2015-10-06,2017-08-01
5049311007725750019,5049311007725750019,,PRT,1,0.0,2016-12-30,2016-12-30
5050826136908155240,5050826136908155240,,ISR,16,7547.53,2015-08-10,2017-08-25
5051382844341269639,5051382844341269639,,ESP,1,240.0,2017-05-14,2017-05-14
5063115517880428947,5063115517880428947,,PRT,13,897.0,2015-11-10,2017-05-15
5065382639399156560,5065382639399156560,,RUS,1,0.0,2016-09-26,2016-09-26
5067359883426093475,5067359883426093475,,DEU,2,676.02,2017-05-31,2017-06-03
5067953148439910542,5067953148439910542,,PRT,20,1091.0,2016-01-22,2017-06-02
5069889967394995579,5069889967394995579,,PRT,1,70.0,2017-02-15,2017-02-15
5071025844544759839,5071025844544759839,,PRT,63,20713.84,2015-08-15,2017-08-26
5072525830261751641,5072525830261751641,,GBR,29,11766.86,2016-05-15,2017-05-01
5073814073229513855,5073814073229513855,,PRT,1,0.0,2017-03-24,2017-03-24
5074996220330723856,5074996220330723856,,POL,1,75.0,2016-09-27,2016-09-27
5075189479460478422,5075189479460478422,,PRT,1,918.0,2015-07-13,2015-07-13
5076154968723533114,5076154968723533114,,GBR,8,1715.56,2016-09-18,2017-08-05
5076666155016375952,5076666155016375952,,RUS,2,369.6,2016-09-11,2016-09-11
5084706481463751784,5084706481463751784,,FRA,6,2578.75,2017-02-27,2017-08-16
5085302782888871512,5085302782888871512,,PRT,1,359.56,2016-11-27,2016-11-27
5085740097560179776,5085740097560179776,,PRT,438,205896.97,2015-07-01,2017-08-30
5086592328549474546,5086592328549474546,,ROU,1,660.48,2015-09-05,2015-09-05
5087695116337220153,5087695116337220153,,ITA,1,85.0,2015-09-24,2015-09-24
5089313770822060086,5089313770822060086,,ITA,1,374.0,2015-09-23,2015-09-23
5090669724809489298,5090669724809489298,,GBR,1,213.0,2016-01-19,2016-01-19
5090801098015414475,5090801098015414475,,ESP,1,161.88,2016-11-08,2016-11-08
5090815382312766576,5090815382312766576,,FRA,102,42475.58,2015-08-12,2017-08-20
5091185834637900793,5091185834637900793,,PRT,1,59.0,2016-03-13,2016-03-13
5091487168444164331,5091487168444164331,,FRA,3,400.0,2016-01-31,2017-02-08
5092400596427005155,5092400596427005155,,PRT,1,50.0,2016-10-20,2016-10-20
5094312955109669023,5094312955109669023,,JPN,1,240.0,2016-07-22,2016-07-22
5094793507483189611,5094793507483189611,,FRA,1,707.04,2016-04-12,2016-04-12
5098408514869258442,5098408514869258442,,USA,1,144.0,2016-05-01,2016-05-01
5099520615871291237,5099520615871291237,,PRT,1,95.0,2017-08-29,2017-08-29
5107607164460587012,5107607164460587012,,VNM,2,705.1,2016-10-30,2016-11-25
5108248903423257460,5108248903423257460,,PRT,13,2250.0,2016-06-20,2017-08-18
5109411933289607510,5109411933289607510,,ETH,1,550.08,2015-12-23,2015-12-23
5113322416927393978,5113322416927393978,,DNK,2,1253.0,2015-09-10,2016-07-02
5115336094744920562,5115336094744920562,,PRT,2,96.0,2016-05-05,2017-01-31
5115366827419053223,5115366827419053223,,ITA,2,212.0,2017-01-30,2017-01-30
5119915003276303712,5119915003276303712,,ROU,2,3460.6800000000003,2016-08-16,2016-08-16
5120710180207977851,5120710180207977851,,NLD,1,27.04,2016-03-16,2016-03-16
5121158071798040867,5121158071798040867,,FIN,1,77.0,2017-03-09,2017-03-09
5122108242758808201,5122108242758808201,,PRT,11,1581.0,2016-07-26,2017-06-08
5122618632885885081,5122618632885885081,,PRT,2,70.0,2017-02-01,2017-02-01
5123178785257812609,5123178785257812609,,PRT,1,88.0,2015-08-11,2015-08-11
5128599618855879347,5128599618855879347,,PRT,11,1284.01,2016-05-05,2017-04-27
5129732527708005549,5129732527708005549,,AGO,1,714.0,2017-04-02,2017-04-02
5131790247605950415,5131790247605950415,,ROU,4,1148.0,2016-07-16,2016-08-05
5131952358864377505,5131952358864377505,,PRT,3,0.0,2017-06-15,2017-08-20
5132444849843179171,5132444849843179171,,LVA,1,378.0,2016-10-01,2016-10-01
5133538825354039186,5133538825354039186,,PRT,3,175.0,2016-11-02,2017-03-01
5134588134394915763,5134588134394915763,,AUS,1,256.5,2016-10-19,2016-10-19
5136373971806564929,5136373971806564929,,ESP,9,1680.1999999999998,2015-09-29,2017-05-09
5141573305087032134,5141573305087032134,,GBR,2,0.0,2015-10-09,2016-10-14
5143410719317126726,5143410719317126726,,BRA,1,230.4,2015-09-20,2015-09-20
5144116337573818419,5144116337573818419,,BEL,1,225.0,2016-07-23,2016-07-23
5147069881331644059,5147069881331644059,,FRA,15,4184.0,2015-11-03,2015-11-12
5149175779495260154,5149175779495260154,,PRT,1,168.0,2015-11-17,2015-11-17
5150922223104892410,5150922223104892410,,PRT,2,179.0,2016-01-25,2016-02-25
5152836175855554451,5152836175855554451,,PRT,1,74.0,2017-04-18,2017-04-18
5155633962424704435,5155633962424704435,,FRA,1,84.0,2016-07-25,2016-07-25
5155780866248526709,5155780866248526709,,ARG,1,443.79,2016-11-07,2016-11-07
5157577866556371279,5157577866556371279,,ITA,1,220.0,2017-05-09,2017-05-09
5157887659690723243,5157887659690723243,,ESP,3,380.0,2016-10-05,2016-10-17
5161221119999885368,5161221119999885368,,USA,2,408.0,2017-03-28,2017-06-13
5161655175312423348,5161655175312423348,,IRL,1,80.0,2016-08-28,2016-08-28
5164463609088844107,5164463609088844107,,FRA,2,210.0,2016-01-20,2017-06-21
5166119194051435543,5166119194051435543,,UNK,2,282.81,2016-10-31,2016-11-19
5166293666662269930,5166293666662269930,,PRT,12,3529.21,2015-08-12,2017-08-06
5167269733841074377,5167269733841074377,,SLE,1,850.01,2017-07-27,2017-07-27
5168567213070678859,5168567213070678859,,TUR,1,270.0,2015-10-06,2015-10-06
5169392528052200179,5169392528052200179,,PRT,1,42.0,2016-05-19,2016-05-19
5175366807059132892,5175366807059132892,,PRT,1,318.14,2016-09-14,2016-09-14
5177367030861107802,5177367030861107802,,FRA,1,108.0,2017-03-23,2017-03-23
5179892742395424416,5179892742395424416,,IND,1,156.60000000000002,2016-03-21,2016-03-21
5180446723528289982,5180446723528289982,,PRT,7,4017.0,2017-03-30,2017-04-05
5184489271397207437,5184489271397207437,,ITA,83,28686.09,2015-09-02,2017-08-30
5185896367622652877,5185896367622652877,,USA,1,315.99,2017-04-15,2017-04-15
5186694076424442288,5186694076424442288,,BRA,1,441.0,2016-07-19,2016-07-19
5187658959216085940,5187658959216085940,,DEU,3,3171.58,2015-07-15,2016-04-09
5188959787264811354,5188959787264811354,,PRT,1,195.0,2015-09-28,2015-09-28
5191594102507180571,5191594102507180571,,DNK,5,2259.0,2016-04-24,2017-08-15
5191984359382718130,5191984359382718130,,PRT,1,330.6,2015-12-31,2015-12-31
5193544734394511553,5193544734394511553,,ARG,2,266.4,2016-05-02,2016-05-02
5199238015162902780,5199238015162902780,,ESP,1,162.0,2016-12-16,2016-12-16
5199406615779178417,5199406615779178417,,FIN,1,150.0,2016-11-21,2016-11-21
5199803848646733041,5199803848646733041,,PRT,6,0.0,2016-02-12,2016-10-15
5201256383972850768,5201256383972850768,,LUX,1,255.0,2016-03-15,2016-03-15
5201905049933799529,5201905049933799529,,PRT,2,120.0,2017-03-20,2017-03-20
5202580916901551655,5202580916901551655,,SVN,1,130.0,2016-11-28,2016-11-28
5205744325178733919,5205744325178733919,,PRT,2,180.0,2017-05-09,2017-05-10
5206221969810414906,5206221969810414906,,PRT,2,65.0,2015-12-17,2016-01-11
5207328078005208244,5207328078005208244,,SYR,1,548.0,2017-04-29,2017-04-29
5208146653591324809,5208146653591324809,,PRT,1,45.0,2017-05-07,2017-05-07
5208416947368822372,5208416947368822372,,PRT,8,1092.0,2015-11-22,2017-02-04
5210255142500707934,5210255142500707934,,PRT,3,500.0,2015-07-15,2016-01-02
5211008363728417712,5211008363728417712,,ROU,1,190.0,2016-06-24,2016-06-24
5211212513268428852,5211212513268428852,,MAR,1,100.0,2017-06-27,2017-06-27
5212150967206165220,5212150967206165220,,ESP,1,81.0,2016-01-28,2016-01-28
5214678538300421035,5214678538300421035,,SVN,2,2401.55,2015-08-23,2015-08-23
5214722587229228156,5214722587229228156,,ESP,2,644.2,2016-04-25,2016-05-09
5215982356392375956,5215982356392375956,,PRT,4,741.99,2017-06-08,2017-08-08
5217108443910860340,5217108443910860340,,GBR,4,1406.3000000000002,2015-10-22,2017-05-18
5218383739869860117,5218383739869860117,,IRL,3,296.79999999999995,2016-12-02,2016-12-02
5220039645470151583,5220039645470151583,,ESP,4,1020.0,2016-03-03,2016-03-04
5222422146033289562,5222422146033289562,,FRA,4,1563.1999999999998,2016-08-28,2017-06-12
5222475873007570220,5222475873007570220,,ESP,1,0.0,2016-05-17,2016-05-17
5223120562261891993,5223120562261891993,,PRT,1,164.0,2015-10-11,2015-10-11
5225800888587652149,5225800888587652149,,ESP,1,105.0,2016-10-26,2016-10-26
5227210202956287967,5227210202956287967,,ITA,2,896.9999999999999,2017-07-25,2017-08-15
5230852914496911454,5230852914496911454,,ESP,12,1275.0,2017-01-16,2017-01-18
5233446272798190838,5233446272798190838,,PRT,1,100.8,2016-04-06,2016-04-06
5233455019550333399,5233455019550333399,,KAZ,10,4188.3,2016-03-19,2017-07-11
5237322917801750917,5237322917801750917,,SWE,1,1300.5,2015-09-12,2015-09-12
5245141101189857476,5245141101189857476,,CHN,2,1601.2800000000002,2016-06-12,2016-08-24
5246083524048482841,5246083524048482841,,NGA,1,659.12,2016-09-01,2016-09-01
5248585363375240179,5248585363375240179,,EST,3,1445.76,2016-11-07,2016-11-07
5250848878122760925,5250848878122760925,,VEN,3,1255.4,2015-11-16,2017-04-06
5252865347751847208,5252865347751847208,,DZA,1,115.0,2017-07-05,2017-07-05
5253244500618920709,5253244500618920709,,PRT,3,743.0,2017-01-07,2017-01-08
5253774977380540091,5253774977380540091,,ESP,11,1186.88,2016-03-21,2017-08-30
5254972254402689945,5254972254402689945,,HUN,7,2274.46,2016-04-10,2017-07-06
5255929992740381242,5255929992740381242,,PRT,8,3992.6,2015-08-11,2015-08-17
5256301260384636391,5256301260384636391,,PRT,1,24.0,2015-08-05,2015-08-05
5258629952160414493,5258629952160414493,,DNK,2,967.55,2016-05-02,2016-07-25
5260551647705571187,5260551647705571187,,GBR,1,160.0,2016-12-24,2016-12-24
5261057466761424381,5261057466761424381,,BEL,1,8.0,2017-06-12,2017-06-12
5261415745090269293,5261415745090269293,,NOR,1,80.0,2016-07-21,2016-07-21
5263244226835640235,5263244226835640235,,ESP,1,96.0,2016-01-02,2016-01-02
5266313522615874429,5266313522615874429,,BLR,3,2557.77,2015-09-29,2016-12-23
5267511446389159341,5267511446389159341,,CHL,1,74.69,2015-11-15,2015-11-15
5271796551208694380,5271796551208694380,,TWN,4,1276.0,2017-07-09,2017-07-09
5271969241489004971,5271969241489004971,,CHN,1,70.0,2016-04-19,2016-04-19
5272176774104497195,5272176774104497195,,NLD,1,207.0,2016-02-19,2016-02-19
5274754914642620956,5274754914642620956,,CHN,1,433.5,2016-07-31,2016-07-31
5275014009916876281,5275014009916876281,,KOR,3,554.0,2016-03-03,2016-07-05
5279640503144117070,5279640503144117070,,PRT,2,86.0,2017-02-09,2017-02-09
5280559471998751449,5280559471998751449,,GBR,2,385.0,2016-02-10,2017-01-29
5282725540040172290,5282725540040172290,,ESP,3,162.0,2016-03-08,2016-03-09
5283432473738889651,5283432473738889651,,ESP,1,125.0,2016-09-01,2016-09-01
5284019791491206938,5284019791491206938,,PRT,1,67.24,2017-04-12,2017-04-12
5287187132551870320,5287187132551870320,,OMN,1,288.0,2016-05-08,2016-05-08
5289404954140043175,5289404954140043175,,CHL,2,1105.0,2015-11-10,2016-09-13
5290422550415928359,5290422550415928359,,MYS,1,256.5,2015-10-05,2015-10-05
5290686359096678141,5290686359096678141,,ESP,7,2172.0,2015-11-18,2015-11-18
5290740978461243883,5290740978461243883,,FRA,640,336909.98,2015-07-05,2017-08-28
5295216911384121830,5295216911384121830,,ESP,1,81.0,2016-02-19,2016-02-19
5297027378516878960,5297027378516878960,,ITA,1,178.0,2015-10-15,2015-10-15
5299274491102005433,5299274491102005433,,BEL,1,95.0,2016-04-07,2016-04-07
5300143505217839204,5300143505217839204,,ROU,1,390.0,2017-05-08,2017-05-08
5300205918880236010,5300205918880236010,,LUX,1,194.39999999999998,2016-07-11,2016-07-11
5302289217519023067,5302289217519023067,,IND,1,155.52,2016-11-03,2016-11-03
5303068549190497166,5303068549190497166,,ESP,1,220.0,2017-05-22,2017-05-22
5304113709135813360,5304113709135813360,,PRT,1,0.0,2016-04-19,2016-04-19
5305262114454366543,5305262114454366543,,PRT,2,177.75,2016-12-13,2016-12-20
5305687351946310620,5305687351946310620,,CHE,6,1421.0,2017-02-26,2017-05-07
5306807095554635577,5306807095554635577,,IRL,1,120.0,2017-03-18,2017-03-18
5307307314200937387,5307307314200937387,,IRL,3,1303.02,2015-10-03,2015-10-11
5307449163775340813,5307449163775340813,,GRC,8,3339.0,2016-06-21,2017-05-29
5309358994240820271,5309358994240820271,,FRA,5,378.0,2016-02-09,2016-02-09
5310210815031113659,5310210815031113659,,GBR,1,262.01,2016-04-09,2016-04-09
5312781331954840751,5312781331954840751,,PRT,1,95.0,2017-05-22,2017-05-22
5316238432511549341,5316238432511549341,,PRT,3,635.2,2016-09-16,2017-05-05
5318031484129259904,5318031484129259904,,BRA,1,1975.9599999999998,2017-06-10,2017-06-10
5321576366835277126,5321576366835277126,,IRL,1,551.97,2017-03-26,2017-03-26
5323178981245866160,5323178981245866160,,RUS,4,268.0,2016-10-18,2016-10-18
5326926970003558415,5326926970003558415,,PRT,3,530.0,2016-09-14,2016-09-15
5328814975526291302,5328814975526291302,,BEL,15,6181.55,2016-05-11,2017-07-31
5334124039675763205,5334124039675763205,,ESP,3,956.0,2016-02-28,2016-12-03
5335417182382207535,5335417182382207535,,SVK,1,608.4,2016-11-06,2016-11-06
5337000289612884707,5337000289612884707,,PRT,2,320.0,2017-04-09,2017-04-09
5338028252333420943,5338028252333420943,,PRT,1,190.0,2015-12-02,2015-12-02
5338288873716628526,5338288873716628526,,ROU,4,714.0,2015-10-11,2016-10-24
5338294803072477557,5338294803072477557,,FRA,4,540.0,2016-05-12,2016-05-12
5341510653655861453,5341510653655861453,,POL,4,1031.98,2015-09-28,2017-08-07
5343386672969266944,5343386672969266944,,PRT,3,827.4000000000001,2015-09-15,2015-09-15
5343459761819084215,5343459761819084215,,PRT,1,442.8,2015-07-08,2015-07-08
5346614370034568387,5346614370034568387,,CYM,1,162.0,2015-10-22,2015-10-22
5347641304390282350,5347641304390282350,,ITA,1,285.0,2017-05-30,2017-05-30
5348828976090567221,5348828976090567221,,TUR,2,672.0,2016-04-08,2017-08-21
5349430855351595237,5349430855351595237,,ROU,14,10752.619999999999,2015-07-02,2017-07-08
5349491323670623742,5349491323670623742,,PRT,1,95.0,2017-06-28,2017-06-28
5356227676686589265,5356227676686589265,,PRT,1,333.0,2015-10-28,2015-10-28
5356297129202784354,5356297129202784354,,UNK,2,77.0,2016-05-19,2017-03-28
5360716032086796744,5360716032086796744,,ESP,1,360.0,2017-05-02,2017-05-02
5362729512969581893,5362729512969581893,,ESP,1,114.0,2015-10-27,2015-10-27
5363314143968414692,5363314143968414692,,DEU,18,5571.9,2015-08-05,2017-06-13
5363508069707517851,5363508069707517851,,USA,156,65390.05,2015-07-01,2017-08-31
5364855698633031096,5364855698633031096,,MAR,1,180.0,2015-11-09,2015-11-09
5368475273672977869,5368475273672977869,,CRI,2,291.0,2015-11-01,2016-04-14
5371266331854024370,5371266331854024370,,ISL,1,150.0,2016-11-21,2016-11-21
5374584845544522418,5374584845544522418,,NLD,1,485.59000000000003,2017-04-23,2017-04-23
5375075388566542182,5375075388566542182,,SWE,1,170.0,2015-09-27,2015-09-27
5375542943614687240,5375542943614687240,,COL,36,12252.24,2016-02-12,2017-07-21
5375641700343469563,5375641700343469563,,ESP,1,190.0,2016-10-17,2016-10-17
5377528439044665673,5377528439044665673,,USA,1,390.0,2016-03-28,2016-03-28
5378234126585752063,5378234126585752063,,PRT,5,1262.0,2015-10-07,2016-12-27
5381969167596561801,5381969167596561801,,PRT,5,2188.75,2016-05-03,2016-09-12
5384188464788496036,5384188464788496036,,GBR,3,540.0,2017-06-07,2017-07-15
5386421059950496735,5386421059950496735,,ITA,1,622.65,2015-07-03,2015-07-03
5388149271648925838,5388149271648925838,,UKR,3,469.0,2015-08-23,2015-12-27
5390265857027781356,5390265857027781356,,ZAF,1,360.0,2017-06-25,2017-06-25
5395690586488888486,5395690586488888486,,PRT,2,280.0,2017-01-23,2017-03-27
5395818748649886743,5395818748649886743,,GBR,3,950.0,2017-08-20,2017-08-22
5397517931055601577,5397517931055601577,,PRT,2,280.0,2017-06-21,2017-06-25
5398137110135691475,5398137110135691475,,PRT,1,0.0,2017-04-20,2017-04-20
5398644581178553955,5398644581178553955,,PRT,1,41.0,2016-01-25,2016-01-25
5399013716473337375,5399013716473337375,,USA,1,90.4,2015-11-01,2015-11-01
5399156808835723379,5399156808835723379,,VNM,1,318.0,2016-07-08,2016-07-08
5399633905807183487,5399633905807183487,,NLD,1,336.0,2015-10-10,2015-10-10
5408367885259070013,5408367885259070013,,DEU,1,127.8,2016-04-29,2016-04-29
5408729594960893874,5408729594960893874,,POL,123,55659.45,2015-07-10,2017-08-24
5411115669135172618,5411115669135172618,,USA,5,1199.48,2017-01-12,2017-06-16
5411778896480197901,5411778896480197901,,PRT,1,300.0,2017-04-04,2017-04-04
5415730882625349402,5415730882625349402,,IRL,2,1095.5,2016-05-31,2016-05-31
5416002177430691384,5416002177430691384,,PRT,9,782.0,2016-04-26,2016-05-17
5416160972034742701,5416160972034742701,,PRT,12,443.0,2015-08-04,2016-06-15
5416580457699292230,5416580457699292230,,NLD,1,170.0,2015-09-29,2015-09-29
5418376122262908938,5418376122262908938,,CHE,3,1253.0,2015-07-21,2016-10-15
5418976568459510996,5418976568459510996,,LUX,1,68.0,2016-11-30,2016-11-30
5419528067926631813,5419528067926631813,,ALB,2,694.2,2016-04-25,2017-02-08
5423639724119553047,5423639724119553047,,CHL,1,330.0,2017-05-14,2017-05-14
5426389799190662622,5426389799190662622,,GBR,1,100.0,2017-06-08,2017-06-08
5426401627812436000,5426401627812436000,,CHN,11,3431.3,2015-08-18,2015-12-28
5429675668819792804,5429675668819792804,,ESP,16,2642.2,2015-10-19,2017-05-09
5431744247158028031,5431744247158028031,,HKG,19,4742.0,2016-04-14,2017-07-10
5431884562344233671,5431884562344233671,,PRT,5,197.0,2016-05-11,2017-05-25
5432324564947018660,5432324564947018660,,PRT,1,300.0,2016-04-10,2016-04-10
5433357493136032812,5433357493136032812,,NLD,15,14716.7,2015-08-03,2017-08-26
5434268365484621178,5434268365484621178,,TUR,3,736.64,2016-12-16,2017-08-18
5435710009694556443,5435710009694556443,,LUX,5,2743.0,2015-07-31,2016-08-01
5438412276199593187,5438412276199593187,,PRT,10,611.17,2015-11-24,2017-07-14
5440435861359557072,5440435861359557072,,ESP,10,1937.79,2015-12-26,2017-06-17
5440981701392832547,5440981701392832547,,DEU,3,665.2,2016-05-14,2017-08-07
5442680590234956043,5442680590234956043,,PRT,1,40.0,2017-02-18,2017-02-18
5445393222771062525,5445393222771062525,,UNK,1,30.0,2016-02-02,2016-02-02
5446774119084631680,5446774119084631680,,ESP,1,100.0,2017-06-27,2017-06-27
5456420079220943342,5456420079220943342,,PRT,2,190.0,2017-04-27,2017-06-22
5456972662156533981,5456972662156533981,,GBR,1,162.0,2016-02-04,2016-02-04
5457045259230446798,5457045259230446798,,IND,3,211.0,2016-01-29,2017-05-20
5457982365173543915,5457982365173543915,,PHL,6,2876.6,2015-12-31,2017-05-08
5462020000627642653,5462020000627642653,,PRT,1,0.0,2017-04-21,2017-04-21
5464030135092398236,5464030135092398236,,NLD,24,12844.91,2015-07-20,2017-07-18
5464868086266156699,5464868086266156699,,FRA,1,467.59999999999997,2016-04-27,2016-04-27
5465441701475004418,5465441701475004418,,BLR,1,289.0,2017-08-11,2017-08-11
5469833679571504823,5469833679571504823,,BGR,1,154.0,2016-03-09,2016-03-09
5471003669664893679,5471003669664893679,,IRQ,1,324.0,2017-05-02,2017-05-02
5471628688379950753,5471628688379950753,,FRA,2,942.1,2015-09-13,2015-09-21
5473580440309857470,5473580440309857470,,POL,2,180.0,2016-11-28,2016-11-28
5476633789148275891,5476633789148275891,,PRT,1,90.0,2017-06-06,2017-06-06
5477933368185145799,5477933368185145799,,CHE,12,4774.59,2016-02-21,2017-07-15
5478140296243715199,5478140296243715199,,CHE,1,46.0,2016-05-19,2016-05-19
5478647299675855456,5478647299675855456,,UNK,6,4049.41,2015-07-09,2016-12-23
5479495006684056697,5479495006684056697,,PRT,4,490.45000000000005,2016-09-19,2016-09-19
5480869435348011627,5480869435348011627,,GBR,1,14.0,2016-12-02,2016-12-02
5481092304918000674,5481092304918000674,,UKR,33,16193.02,2015-09-25,2017-07-31
5483526534050141630,5483526534050141630,,CHE,5,2138.4,2016-07-16,2017-08-01
5486770528828450570,5486770528828450570,,PRT,1,70.0,2017-02-21,2017-02-21
5489511936049955037,5489511936049955037,,DEU,6,443.54,2016-06-09,2017-05-12
5490029248367152161,5490029248367152161,,CMR,3,1427.7199999999998,2016-10-24,2017-07-22
5491631956356852854,5491631956356852854,,CHN,1,120.0,2015-12-29,2015-12-29
5493915714097151682,5493915714097151682,,AGO,2,750.0,2017-03-06,2017-03-28
5495687798261328722,5495687798261328722,,FRA,43,9254.05,2015-09-24,2016-10-07
5498702352739292475,5498702352739292475,,PRT,50,39584.53,2016-03-16,2017-08-28
5499530684407589435,5499530684407589435,,PRT,48,2100.7,2015-11-27,2017-08-27
5500358546859724704,5500358546859724704,,NZL,2,676.02,2017-05-31,2017-07-12
5500955245189460401,5500955245189460401,,ESP,1,312.0,2017-02-15,2017-02-15
5503230855600058028,5503230855600058028,,COL,1,446.4,2017-05-11,2017-05-11
5503581083392329058,5503581083392329058,,PRT,1,79.0,2016-06-30,2016-06-30
5508601195742791160,5508601195742791160,,FRA,1,238.0,2016-09-19,2016-09-19
5508813816281508674,5508813816281508674,,ITA,1,650.65,2017-05-01,2017-05-01
5509246872887157143,5509246872887157143,,CHE,1,615.0,2016-04-11,2016-04-11
5509707438049713794,5509707438049713794,,CHN,71,31894.77,2015-07-06,2017-04-24
5512542239926086683,5512542239926086683,,GBR,52,21803.05,2015-07-24,2017-08-01
5513573002036255732,5513573002036255732,,GBR,67,19753.25,2015-10-17,2017-08-31
5515930408143316873,5515930408143316873,,UNK,1,60.0,2016-03-07,2016-03-07
5517280447086899704,5517280447086899704,,USA,7,1338.5,2015-10-22,2017-07-08
5517508810517995012,5517508810517995012,,PRT,16,3946.63,2015-08-28,2017-04-14
5520116980650825095,5520116980650825095,,DEU,2,746.1,2017-01-06,2017-05-06
5522155395329218133,5522155395329218133,,DEU,1,238.0,2017-03-19,2017-03-19
5523419754633546479,5523419754633546479,,PRT,3,324.0,2016-02-08,2016-02-09
5526661743849392906,5526661743849392906,,GBR,1,316.8,2017-03-12,2017-03-12
5530025741039815945,5530025741039815945,,FRA,6,3110.0,2016-09-06,2016-09-08
5530497673857393908,5530497673857393908,,FRA,4034,1803184.52,2015-07-29,2017-08-31
5530510723405196461,5530510723405196461,,PRT,3,579.9,2015-08-05,2015-08-16
5531137655159327706,5531137655159327706,,NLD,1,300.0,2017-04-05,2017-04-05
5533905902382364470,5533905902382364470,,PRT,8,482.4,2015-10-14,2017-03-22
5534503048227811349,5534503048227811349,,ESP,1,39.0,2016-04-14,2016-04-14
5535993623824740645,5535993623824740645,,NZL,2,1441.8600000000001,2015-08-10,2015-10-18
5536647297561148376,5536647297561148376,,HUN,2,547.2,2016-10-05,2017-03-02
5538974128542150878,5538974128542150878,,SVK,1,652.0,2015-09-27,2015-09-27
5539037947329582830,5539037947329582830,,AUS,10,2199.0,2015-09-28,2017-03-24
5539656199023077106,5539656199023077106,,UNK,2,88.0,2016-01-27,2016-12-11
5539773061265413136,5539773061265413136,,ROU,1,180.0,2016-05-26,2016-05-26
5540958379208642241,5540958379208642241,,CHN,1,117.9,2015-07-07,2015-07-07
5543670013166040427,5543670013166040427,,CHN,1,75.0,2016-12-29,2016-12-29
5544809629842731832,5544809629842731832,,GBR,50,13883.05,2015-11-02,2017-08-09
5545500302749140720,5545500302749140720,,AUT,10,3144.19,2015-08-26,2016-07-03
5546204884661208257,5546204884661208257,,JPN,3,1270.9499999999998,2016-05-02,2017-06-06
5546652272471315745,5546652272471315745,,ESP,2,768.0,2015-11-03,2015-11-03
5549014785833883396,5549014785833883396,,PRT,563,191729.55,2015-08-06,2016-11-20
5549442761397002793,5549442761397002793,,PRT,4,78.0,2015-12-17,2016-01-12
5550858744321643441,5550858744321643441,,GRC,50,24036.88,2015-10-19,2017-08-31
5552610903886405935,5552610903886405935,,PRT,51,11983.0,2016-03-03,2017-04-22
5555305165191606706,5555305165191606706,,PRT,16,9918.75,2015-07-01,2015-10-26
5558436988537318412,5558436988537318412,,GBR,1,256.0,2016-02-25,2016-02-25
5558703210431802738,5558703210431802738,,IRL,32,10448.8,2015-10-19,2017-08-17
5562004493790980408,5562004493790980408,,PRT,3,0.0,2016-01-18,2017-01-11
5562551298630032884,5562551298630032884,,POL,1,85.0,2016-05-23,2016-05-23
5562996113198455567,5562996113198455567,,BRA,180,62849.659999999996,2015-07-29,2017-08-24
5563843294537166158,5563843294537166158,,AZE,10,3789.91,2016-03-08,2017-08-13
5564775872704814861,5564775872704814861,,ROU,2,424.56000000000006,2016-03-03,2016-08-26
5569310270661475457,5569310270661475457,,ESP,1,143.0,2016-07-06,2016-07-06
5571882769745647462,5571882769745647462,,FRA,3,620.0,2017-04-25,2017-06-27
5573674386999415773,5573674386999415773,,PRT,12,2288.4,2015-12-09,2017-05-03
5577317754724025677,5577317754724025677,,PRT,3,674.25,2015-08-05,2016-07-13
5577677997130449284,5577677997130449284,,POL,1,49.1,2017-01-22,2017-01-22
5579837580947926729,5579837580947926729,,SVK,2,652.72,2016-04-18,2016-09-05
5581541766194336919,5581541766194336919,,PRT,3,240.0,2015-09-15,2016-03-16
5581655184529866079,5581655184529866079,,BGR,1,243.0,2016-11-25,2016-11-25
5588661757708163360,5588661757708163360,,PRT,9,1462.0,2016-03-14,2017-04-03
5589972130800929218,5589972130800929218,,CHE,1,129.0,2016-04-13,2016-04-13
5591395588342633424,5591395588342633424,,LBN,1,111.6,2015-10-02,2015-10-02
5591907950738499412,5591907950738499412,,CHE,22,23488.7,2015-08-01,2017-08-27
5593866747206053854,5593866747206053854,,BRA,3,1352.05,2017-02-10,2017-07-23
5597304732593581383,5597304732593581383,,DZA,2,1949.9499999999998,2015-08-08,2015-09-28
5610173451032849968,5610173451032849968,,ITA,1,300.24,2016-10-28,2016-10-28
5613396497099059350,5613396497099059350,,PRT,1,25.0,2016-01-12,2016-01-12
5613492763271575151,5613492763271575151,,PRT,1,42.0,2016-11-03,2016-11-03
5614368545648039661,5614368545648039661,,DEU,39,17165.54,2015-09-03,2017-08-19
5614879695861158413,5614879695861158413,,GBR,8,2338.6400000000003,2016-02-04,2016-12-20
5615270661723344951,5615270661723344951,,NZL,1,352.8,2017-05-06,2017-05-06
5619639200856461471,5619639200856461471,,FRA,1,95.0,2017-03-14,2017-03-14
5620079430748455666,5620079430748455666,,PRT,2,64.0,2016-04-14,2016-12-23
5623075460862905795,5623075460862905795,,ITA,1,149.01,2017-01-29,2017-01-29
5624102683170147427,5624102683170147427,,NLD,1,0.0,2017-06-28,2017-06-28
5624977064312992921,5624977064312992921,,IRL,1,1773.24,2017-07-26,2017-07-26
5627658078896997806,5627658078896997806,,NLD,8,1281.6,2016-09-25,2017-03-17
5630790942848145483,5630790942848145483,,PRT,4,520.0,2015-07-27,2015-08-04
5630829296114729471,5630829296114729471,,PRT,4,720.0,2015-10-07,2015-10-09
5634322433641922711,5634322433641922711,,PRT,1,80.0,2017-02-21,2017-02-21
5634521932391670893,5634521932391670893,,PRT,1,63.0,2016-05-23,2016-05-23
5637115249299496191,5637115249299496191,,PRT,8,888.5,2015-07-17,2017-07-25
5640963591203726295,5640963591203726295,,ITA,1,85.0,2015-12-10,2015-12-10
5641692387933515313,5641692387933515313,,NZL,3,549.0,2015-09-16,2015-09-16
5642522268617500583,5642522268617500583,,FRA,264,75087.99,2015-07-06,2017-08-27
5642634170443506369,5642634170443506369,,ALB,2,588.6,2017-01-09,2017-01-09
5642674419268059855,5642674419268059855,,ITA,1,624.0,2015-11-03,2015-11-03
5644671696890481857,5644671696890481857,,PRT,3,436.0,2016-11-14,2017-04-10
5647540635056175838,5647540635056175838,,PRT,4219,2080617.77,2015-07-01,2017-08-30
5649614945009904974,5649614945009904974,,PRT,3,1128.0,2015-11-04,2015-11-11
5650466432030513191,5650466432030513191,,PRT,2,175.0,2017-01-30,2017-04-11
5650665813597867564,5650665813597867564,,ITA,1,115.0,2017-04-28,2017-04-28
5652876795646890436,5652876795646890436,,IRL,30,18306.12,2016-04-08,2017-08-28
5657842120974140133,5657842120974140133,,ESP,9,1424.4,2017-05-16,2017-07-27
5661286288136728557,5661286288136728557,,PRT,3,2162.88,2015-08-07,2016-11-04
5661539156899260416,5661539156899260416,,PRT,1,0.0,2016-04-11,2016-04-11
5662918846731780845,5662918846731780845,,GBR,4,2284.3999999999996,2017-04-10,2017-07-29
5662948104395721609,5662948104395721609,,USA,2,459.0,2017-05-07,2017-05-07
5666831257128750044,5666831257128750044,,PRT,10,1625.0,2016-03-17,2016-09-27
5667583145411861894,5667583145411861894,,PRT,1,255.0,2015-10-09,2015-10-09
5667949710038404352,5667949710038404352,,PRT,1,0.0,2016-10-18,2016-10-18
5669713413577363597,5669713413577363597,,GBR,1,200.0,2016-10-05,2016-10-05
5670725332357875010,5670725332357875010,,BRA,1,441.0,2016-07-19,2016-07-19
5671506580768640561,5671506580768640561,,CHN,1,210.09,2016-10-29,2016-10-29
5671561392918631976,5671561392918631976,,PRT,2,78.0,2016-12-14,2016-12-14
5671706542879897621,5671706542879897621,,BRA,7,1400.0,2016-01-24,2016-01-25
5672879880218393713,5672879880218393713,,KNA,1,228.8,2017-07-04,2017-07-04
5673192352153790647,5673192352153790647,,GBR,1,168.0,2017-02-22,2017-02-22
5674398061394711443,5674398061394711443,,ESP,4,108.0,2016-02-27,2016-12-08
5674559058841791965,5674559058841791965,,PRT,2,0.0,2016-12-08,2016-12-08
5678293106118245723,5678293106118245723,,GBR,1,575.0,2017-08-20,2017-08-20
5684603016078192799,5684603016078192799,,FRA,22,7192.49,2015-12-27,2017-08-17
5685274901944048964,5685274901944048964,,PRT,1,61.0,2016-02-22,2016-02-22
5685566448359218722,5685566448359218722,,USA,1,136.0,2017-02-17,2017-02-17
5692705481890703707,5692705481890703707,,PRT,1,360.0,2017-04-14,2017-04-14
5694800026484131933,5694800026484131933,,USA,1,300.0,2016-02-05,2016-02-05
5695558846464555472,5695558846464555472,,DNK,13,6572.1,2016-03-19,2017-08-10
5696985634731520811,5696985634731520811,,GBR,9,4457.82,2017-01-01,2017-07-05
5699488174836957585,5699488174836957585,,PRT,1,35.0,2017-03-28,2017-03-28
5703814026364851865,5703814026364851865,,MOZ,1,95.0,2016-11-24,2016-11-24
5704189138041937733,5704189138041937733,,ISL,1,411.03000000000003,2017-02-02,2017-02-02
5707921774889116117,5707921774889116117,,PRT,1,43.0,2016-11-28,2016-11-28
5709267969307981221,5709267969307981221,,PRT,1,43.0,2016-11-30,2016-11-30
5710152579609078851,5710152579609078851,,PRT,2,130.0,2016-09-28,2016-09-28
5710505409636795864,5710505409636795864,,JPN,7,1284.02,2015-12-27,2016-06-05
5711105071861621578,5711105071861621578,,PAN,7,3428.7,2015-11-03,2017-05-28
5713328032937412900,5713328032937412900,,ESP,1,504.0,2016-07-02,2016-07-02
5713669325069928578,5713669325069928578,,NLD,49,11666.02,2015-07-07,2017-08-29
5714326255652417798,5714326255652417798,,PRT,9,1053.0,2016-01-21,2017-04-04
5718149912059971008,5718149912059971008,,USA,1,85.0,2017-03-12,2017-03-12
5719447642899625032,5719447642899625032,,EGY,3,630.0,2015-11-23,2015-11-23
5719599384027434651,5719599384027434651,,PRT,3,271.0,2017-03-14,2017-07-19
5722997090762279271,5722997090762279271,,PRT,1,80.0,2016-03-08,2016-03-08
5723220971157530338,5723220971157530338,,PRT,1,0.0,2017-02-04,2017-02-04
5723989001480225310,5723989001480225310,,PRT,1,70.0,2017-01-24,2017-01-24
5725271882048415144,5725271882048415144,,CHE,17,5564.6900000000005,2015-08-04,2016-03-25
5726112865779303949,5726112865779303949,,DEU,3,1020.0,2015-07-05,2017-07-01
5729583269652682520,5729583269652682520,,MEX,1,175.2,2016-02-19,2016-02-19
5730155011555381163,5730155011555381163,,GBR,27,9673.35,2016-02-11,2017-08-12
5730640701325040765,5730640701325040765,,BRA,1,75.0,2017-01-18,2017-01-18
5732985189051711276,5732985189051711276,,IRL,1,2689.4,2017-07-18,2017-07-18
5733987903642386723,5733987903642386723,,PRT,1,75.0,2017-01-13,2017-01-13
5734050289593514744,5734050289593514744,,GRC,2,1161.0,2016-04-28,2016-04-28
5735315007946491856,5735315007946491856,,PRT,1,70.0,2017-02-20,2017-02-20
5739470596929315561,5739470596929315561,,JPN,24,7068.36,2015-09-08,2017-08-30
5739484846685962726,5739484846685962726,,USA,2,480.0,2015-09-19,2015-09-19
5741833185362806934,5741833185362806934,,LUX,3,1825.5,2017-07-28,2017-07-28
5742870431197674027,5742870431197674027,,PRT,1,92.8,2015-10-04,2015-10-04
5747580223037729545,5747580223037729545,,ROU,1,210.0,2015-11-23,2015-11-23
5749346688897819439,5749346688897819439,,BEL,1,585.0,2016-11-07,2016-11-07
5754221616439722292,5754221616439722292,,ROU,1,293.85999999999996,2015-10-12,2015-10-12
5756220621186131498,5756220621186131498,,PRT,8,893.0,2016-10-20,2017-07-14
5759418786585504785,5759418786585504785,,DEU,7,2096.2,2016-09-22,2017-05-10
5759477784903218879,5759477784903218879,,DNK,1,104.0,2016-03-20,2016-03-20
5760049558465631412,5760049558465631412,,ESP,1,130.0,2017-08-24,2017-08-24
5761013034787811226,5761013034787811226,,DEU,2,679.6,2015-09-20,2015-09-20
5761056121199932358,5761056121199932358,,IND,2,478.92,2016-04-26,2016-05-22
5762714237081052039,5762714237081052039,,PRT,2,256.79999999999995,2016-06-28,2016-06-28
5763591215757169526,5763591215757169526,,IRL,42,23061.34,2015-07-01,2015-09-23
5765323196987594730,5765323196987594730,,FIN,3,1124.8,2016-11-07,2016-12-19
5765396710395694938,5765396710395694938,,GBR,1,134.0,2015-09-11,2015-09-11
5766969598504497834,5766969598504497834,,PRT,2,472.0,2016-09-21,2016-09-21
5768676869321194473,5768676869321194473,,AUT,29,13085.97,2015-08-13,2017-07-12
5770177833409464348,5770177833409464348,,LUX,1,350.0,2016-10-14,2016-10-14
5772467931586771586,5772467931586771586,,IRL,3,1319.8000000000002,2016-05-17,2017-06-03
5772555956098216477,5772555956098216477,,PRT,3,300.0,2017-02-01,2017-04-26
5772632468054459899,5772632468054459899,,SWE,6,2200.0,2016-12-29,2016-12-29
5772808259318100228,5772808259318100228,,IRL,38,21243.31,2015-07-02,2016-09-09
5774887209781399962,5774887209781399962,,PRT,1,438.0,2015-11-18,2015-11-18
5780869385112615816,5780869385112615816,,GBR,1,85.0,2016-05-23,2016-05-23
5782090379772382339,5782090379772382339,,FIN,1,812.0,2017-04-22,2017-04-22
5782356353650821950,5782356353650821950,,UNK,2,793.0,2016-07-15,2016-08-05
5783326849484501485,5783326849484501485,,DEU,2,507.5999999999999,2017-06-30,2017-06-30
5785398611092921376,5785398611092921376,,CPV,14,13262.68,2015-09-13,2017-01-27
5788007205863628559,5788007205863628559,,PRT,3,504.0,2015-10-22,2015-10-23
5788023172602061759,5788023172602061759,,HUN,1,213.0,2016-04-23,2016-04-23
5788169974288691384,5788169974288691384,,PRT,14,2556.7,2015-08-27,2017-08-12
5788741213640463441,5788741213640463441,,IRL,17,14277.21,2015-07-31,2017-08-21
5788952797416144608,5788952797416144608,,PRT,1,1771.0,2016-07-31,2016-07-31
5789180309674854511,5789180309674854511,,ESP,1,125.0,2016-10-06,2016-10-06
5790250929248115360,5790250929248115360,,CHE,1,285.0,2016-09-19,2016-09-19
5792142373673384325,5792142373673384325,,USA,1,128.0,2017-06-21,2017-06-21
5794195048758753843,5794195048758753843,,LBN,3,1360.0,2016-06-13,2017-08-28
5795768916767365600,5795768916767365600,,PRT,6,333.0,2016-02-01,2016-12-27
5796556834831111718,5796556834831111718,,PRT,2,184.0,2017-05-24,2017-07-04
5796636638221831455,5796636638221831455,,PRT,2,84.0,2016-10-18,2016-10-20
5797584857613172892,5797584857613172892,,PRT,1,35.0,2017-02-01,2017-02-01
5799011750339152150,5799011750339152150,,COL,1,582.0,2016-03-06,2016-03-06
5799343787664057245,5799343787664057245,,GBR,3,2360.0,2017-03-11,2017-03-11
5799442582949032380,5799442582949032380,,FIN,6,3274.3199999999997,2016-03-22,2017-05-28
5800997327080448329,5800997327080448329,,ITA,4,635.0,2016-11-27,2016-11-28
5803718177736807136,5803718177736807136,,PRT,69,16439.58,2015-08-30,2017-06-23
5804448155237567246,5804448155237567246,,PRT,7,1228.78,2015-10-10,2016-01-11
5805272507666722307,5805272507666722307,,PRT,1,0.0,2017-02-07,2017-02-07
5805498649699990045,5805498649699990045,,UNK,12,818.0,2015-11-25,2016-10-24
5805545702343054301,5805545702343054301,,BEL,1,176.0,2017-03-02,2017-03-02
5811726452529988827,5811726452529988827,,CHN,3,600.0,2016-08-22,2016-08-22
5818240254383187645,5818240254383187645,,USA,1,135.0,2016-03-26,2016-03-26
5820294854053931950,5820294854053931950,,NLD,2,135.45,2017-01-01,2017-03-09
5823496313639742732,5823496313639742732,,PRT,2,373.0,2016-12-29,2017-04-07
5825620342519086959,5825620342519086959,,DZA,1,552.5,2015-10-05,2015-10-05
5826214128053026536,5826214128053026536,,ESP,1,630.0,2016-03-20,2016-03-20
5826228336935680556,5826228336935680556,,PRT,20,1611.0,2015-11-09,2017-08-01
5826771210263643193,5826771210263643193,,PRT,3,240.0,2016-02-01,2017-04-26
5829786835628638835,5829786835628638835,,KWT,1,125.0,2016-12-30,2016-12-30
5831405519056787642,5831405519056787642,,BRA,1,85.0,2017-03-12,2017-03-12
5834158192404691584,5834158192404691584,,USA,1,519.75,2015-08-23,2015-08-23
5835866912105232740,5835866912105232740,,PRT,3,305.0,2016-05-28,2017-03-21
5836316541573672224,5836316541573672224,,EST,17,7551.59,2015-07-10,2017-07-24
5837181039905744393,5837181039905744393,,THA,1,493.2,2015-12-25,2015-12-25
5837758148206922528,5837758148206922528,,ITA,1,79.0,2016-02-13,2016-02-13
5839303610101246611,5839303610101246611,,MYS,2,124.8,2016-12-23,2016-12-23
5842592861072444291,5842592861072444291,,CHN,1,303.0,2016-02-28,2016-02-28
5843987357460624411,5843987357460624411,,PRT,19,1806.0,2015-07-20,2017-08-17
5846875620755395615,5846875620755395615,,PRT,3,1206.0,2016-04-26,2016-06-27
5847374440135145248,5847374440135145248,,URY,3,640.0,2016-05-24,2016-05-24
5850789387895494770,5850789387895494770,,PRT,2,360.0,2016-05-15,2016-05-15
5851210810495851875,5851210810495851875,,AUT,1,240.29999999999998,2017-08-02,2017-08-02
5854455265319372251,5854455265319372251,,PRT,77,6577.2,2015-07-14,2017-04-24
5856027557501330360,5856027557501330360,,FRA,3,1268.97,2016-04-14,2017-08-15
5859061982331483640,5859061982331483640,,PRT,1,42.0,2016-03-22,2016-03-22
5859425507545244656,5859425507545244656,,PRT,2,354.0,2016-03-09,2016-03-09
5861318761201857617,5861318761201857617,,HUN,2,353.29999999999995,2016-03-15,2017-03-20
5861334647994710000,5861334647994710000,,PRT,1,70.0,2017-02-20,2017-02-20
5861389269472248582,5861389269472248582,,PRT,2,259.0,2017-03-15,2017-05-14
5865154427730091199,5865154427730091199,,FRA,116,80964.06999999999,2015-07-17,2017-08-14
5869235057273194458,5869235057273194458,,SVK,1,413.12,2016-03-28,2016-03-28
5869348872723016301,5869348872723016301,,FRA,2,807.8,2016-04-06,2017-02-19
5871874660146231550,5871874660146231550,,TUR,1,142.0,2016-01-19,2016-01-19
5873229404443655206,5873229404443655206,,PRT,3,325.0,2015-08-28,2015-10-27
5875512443029823554,5875512443029823554,,PRT,82,66966.55,2015-07-03,2017-08-29
5875647341817418556,5875647341817418556,,SUR,1,924.0,2017-05-16,2017-05-16
5877741609847354709,5877741609847354709,,PRT,1,169.0,2017-08-25,2017-08-25
5877803135454027367,5877803135454027367,,DNK,2,240.0,2016-10-11,2016-10-12
5879667165801408976,5879667165801408976,,CHE,2,1771.2,2015-09-22,2015-09-22
5879690344052219180,5879690344052219180,,PRT,2,148.0,2015-12-14,2016-10-24
5881021196675922710,5881021196675922710,,BHR,1,380.0,2017-08-30,2017-08-30
5882023242362382269,5882023242362382269,,CZE,2,300.0,2016-11-21,2016-11-21
5885025049515526597,5885025049515526597,,IRL,1,500.0,2017-08-05,2017-08-05
5889306555167734354,5889306555167734354,,GRC,2,2406.5,2015-09-25,2017-05-07
5889470564423302737,5889470564423302737,,GBR,16,8341.06,2016-10-31,2017-06-14
5890324857432004473,5890324857432004473,,PRT,23,7357.2,2015-10-05,2017-06-04
5894242055191119855,5894242055191119855,,GBR,8,2559.58,2015-07-24,2017-07-01
5899485816382082231,5899485816382082231,,NLD,1,60.0,2016-10-17,2016-10-17
5900714994813931111,5900714994813931111,,ESP,1,688.0,2016-09-02,2016-09-02
5904525343658952909,5904525343658952909,,EST,1,319.6,2016-12-13,2016-12-13
5905003318112274925,5905003318112274925,,PRT,12,5278.0,2016-03-17,2017-02-13
5905817734719364273,5905817734719364273,,ROU,1,938.6999999999999,2016-08-03,2016-08-03
5906067321349486816,5906067321349486816,,FRA,6,1157.4,2016-01-14,2017-01-30
5906500327603045428,5906500327603045428,,ITA,5,2283.0,2017-05-15,2017-05-15
5908955446957517729,5908955446957517729,,PRT,13,1830.0,2016-02-25,2017-05-22
5909068115523518923,5909068115523518923,,PRT,1,144.5,2017-08-06,2017-08-06
5910616432813144641,5910616432813144641,,NLD,1,156.0,2016-12-12,2016-12-12
5910882113583101024,5910882113583101024,,PRT,1,80.0,2016-02-19,2016-02-19
5911359954876376429,5911359954876376429,,CHN,3,1083.98,2017-04-14,2017-04-15
5911486020726720494,5911486020726720494,,POL,7,3432.1,2015-11-02,2016-08-26
5911616429890069088,5911616429890069088,,PRT,7,2015.0,2016-03-20,2016-10-17
5912866298466531074,5912866298466531074,,BRA,5,1574.01,2015-09-21,2017-01-03
5912988754922760139,5912988754922760139,,DNK,1,432.0,2015-10-12,2015-10-12
5914307911045908029,5914307911045908029,,IRL,1,481.17999999999995,2015-10-12,2015-10-12
5916224435233571930,5916224435233571930,,FRA,1,232.0,2016-06-08,2016-06-08
5917632030663238121,5917632030663238121,,IRL,11,1932.0,2016-04-20,2017-05-09
5920215497056497581,5920215497056497581,,ITA,1,150.0,2015-12-05,2015-12-05
5920893465443384323,5920893465443384323,,GBR,45,15856.03,2015-07-24,2017-07-08
5922373682396353938,5922373682396353938,,PRT,13,13120.279999999999,2016-06-27,2017-08-28
5925499240084656200,5925499240084656200,,GBR,60,21422.15,2015-08-29,2016-07-24
5926522212602968717,5926522212602968717,,PRT,5,898.0,2017-04-26,2017-05-24
5928876015205729006,5928876015205729006,,ESP,3,2777.2,2017-03-18,2017-08-19
5929949979104485956,5929949979104485956,,PRT,1,0.0,2017-07-04,2017-07-04
5931513238605784930,5931513238605784930,,IRN,1,78.0,2016-12-16,2016-12-16
5932521666472879983,5932521666472879983,,LVA,1,225.0,2016-11-21,2016-11-21
5935125713064610994,5935125713064610994,,USA,1,216.0,2017-01-03,2017-01-03
5937814586719652246,5937814586719652246,,PRT,5,1977.02,2016-07-18,2017-05-08
5938433778638642416,5938433778638642416,,ESP,2,1995.0,2017-04-07,2017-08-15
5944004437637341942,5944004437637341942,,BRA,2,519.0,2016-07-10,2016-09-25
5944611087317575742,5944611087317575742,,GBR,2,630.56,2015-10-23,2015-10-28
5947679756187740345,5947679756187740345,,PRT,3,245.9,2016-12-11,2017-05-23
5947944926687500130,5947944926687500130,,FRA,3,868.24,2017-01-08,2017-07-28
5951127866694034907,5951127866694034907,,PRT,3,530.0,2016-03-08,2016-03-08
5951681355705526496,5951681355705526496,,ITA,27,6670.5,2015-10-28,2017-08-15
5952219676865007576,5952219676865007576,,GBR,99,35404.22,2015-08-31,2017-08-27
5952269694445423599,5952269694445423599,,PRT,1,31.0,2016-03-02,2016-03-02
5956330578053855294,5956330578053855294,,PRT,1,246.0,2016-07-09,2016-07-09
5956898214060013418,5956898214060013418,,PRT,1,101.0,2016-02-06,2016-02-06
5966333489113454318,5966333489113454318,,PRT,2,89.4,2016-12-19,2016-12-27
5968281670456846245,5968281670456846245,,CHE,1,86.0,2016-02-06,2016-02-06
5969864651642735951,5969864651642735951,,BRA,1,169.0,2016-05-21,2016-05-21
5971769445136928898,5971769445136928898,,LIE,2,745.4,2016-09-25,2017-02-22
5973253104127829624,5973253104127829624,,USA,1,102.6,2016-10-13,2016-10-13
5981063482674118655,5981063482674118655,,POL,1,0.0,2016-02-02,2016-02-02
5982229231770512573,5982229231770512573,,ARM,1,128.0,2016-01-25,2016-01-25
5984303610631327274,5984303610631327274,,ITA,2,158.0,2015-11-14,2016-02-13
5984623770711255991,5984623770711255991,,SVN,1,0.0,2016-03-12,2016-03-12
5989807043024723042,5989807043024723042,,FRA,3,972.0,2016-09-13,2016-09-14
5989963222607226008,5989963222607226008,,PRT,15,4715.15,2015-08-27,2017-08-20
5990370353686281854,5990370353686281854,,DNK,5,2802.4199999999996,2015-07-08,2016-12-24
5990872317234798192,5990872317234798192,,ITA,1,520.0,2015-11-03,2015-11-03
5992914917090942739,5992914917090942739,,FRA,3,1729.2,2017-06-05,2017-07-22
5993069233457134484,5993069233457134484,,PRT,18,5622.2300000000005,2016-04-18,2017-01-05
5994876071567489699,5994876071567489699,,ECU,1,39.0,2016-12-12,2016-12-12
5996069908832130295,5996069908832130295,,ESP,3,384.0,2016-02-27,2016-02-27
6005828803148422476,6005828803148422476,,LTU,5,4435.91,2015-12-22,2017-07-02
6006557751562951832,6006557751562951832,,PRT,12,1281.8,2016-05-07,2016-05-09
6007364520587130929,6007364520587130929,,CHE,41,11647.4,2015-09-08,2016-10-10
6014275526080182806,6014275526080182806,,USA,1,237.0,2015-11-09,2015-11-09
6019160481055891516,6019160481055891516,,ESP,1,160.0,2017-03-06,2017-03-06
6023298756073550289,6023298756073550289,,PRT,1,353.8,2016-06-10,2016-06-10
6023475863807988855,6023475863807988855,,PER,1,470.0,2017-05-22,2017-05-22
6024790202881861901,6024790202881861901,,PRT,1,35.1,2015-10-26,2015-10-26
6025419760563712528,6025419760563712528,,PRT,3,1177.25,2016-06-19,2016-08-08
6028352448417118579,6028352448417118579,,CHN,2,851.6999999999999,2015-08-18,2016-01-31
6028876104040387421,6028876104040387421,,DEU,2,1354.5,2016-06-06,2016-09-18
6030266261156532426,6030266261156532426,,PRT,1,78.0,2016-04-07,2016-04-07
6031186928703212677,6031186928703212677,,AZE,1,2349.6,2017-07-24,2017-07-24
6032034162159071795,6032034162159071795,,ESP,1,140.0,2017-01-18,2017-01-18
6033130610796981978,6033130610796981978,,FRA,12,1980.0,2015-09-19,2016-04-20
6033688048221991143,6033688048221991143,,BEL,2,908.0,2016-02-14,2016-07-04
6033859358733268093,6033859358733268093,,ESP,17,6975.9,2015-07-05,2016-08-18
6036256859029670369,6036256859029670369,,IRL,2,669.3599999999999,2016-04-02,2016-09-20
6036336571352298145,6036336571352298145,,IRL,2,390.0,2016-03-25,2016-03-25
6036476104773252523,6036476104773252523,,RUS,1,209.6,2016-12-08,2016-12-08
6036682104544493569,6036682104544493569,,BEL,4,1348.4,2015-09-21,2015-09-21
6036906395972026824,6036906395972026824,,IRN,10,9425.05,2016-03-30,2017-08-27
6037043442418535523,6037043442418535523,,ESP,8,2189.2400000000002,2016-03-20,2017-03-22
6037491627535000694,6037491627535000694,,IRL,2,1221.5700000000002,2016-07-04,2016-07-04
6038021741941203379,6038021741941203379,,ESP,1,359.4,2016-12-07,2016-12-07
6043093578453202991,6043093578453202991,,CHE,9,7833.5599999999995,2015-07-25,2016-09-27
6043935795702186376,6043935795702186376,,ITA,5,1290.0,2016-04-22,2016-04-22
6044482290641450082,6044482290641450082,,SWE,8,2385.0,2015-11-23,2016-10-06
6047944382027044041,6047944382027044041,,BEL,1,200.0,2016-09-14,2016-09-14
6048671680713972309,6048671680713972309,,HRV,1,756.0,2017-06-19,2017-06-19
6052575187234981709,6052575187234981709,,DEU,2,459.9,2016-03-02,2016-11-09
6055245241718740254,6055245241718740254,,MEX,30,9003.8,2015-09-03,2017-08-27
6057485704380618719,6057485704380618719,,NOR,35,14084.789999999999,2016-01-19,2017-08-01
6059123314963054410,6059123314963054410,,ESP,5,1694.5,2015-07-18,2016-02-26
6062909268156812430,6062909268156812430,,GIB,2,564.0,2016-06-11,2016-06-11
6063723990206766780,6063723990206766780,,GBR,1,260.0,2015-12-08,2015-12-08
6064980031409095551,6064980031409095551,,PRT,1,170.0,2015-09-29,2015-09-29
6068191904200738153,6068191904200738153,,AUT,3,1771.0,2016-02-15,2017-06-15
6069958524487254781,6069958524487254781,,DNK,1,310.5,2017-07-09,2017-07-09
6070342470338161128,6070342470338161128,,ESP,1,0.0,2015-12-24,2015-12-24
6073939566965271290,6073939566965271290,,PRT,2,0.0,2015-07-16,2016-07-06
6074873667631433993,6074873667631433993,,DEU,4,940.0,2017-05-09,2017-06-23
6075193605136800284,6075193605136800284,,ESP,8,1356.0,2015-09-22,2017-07-28
6078233368802652906,6078233368802652906,,GBR,1,575.96,2016-10-22,2016-10-22
6079148999348172454,6079148999348172454,,ARG,1,315.0,2017-05-24,2017-05-24
6079333845219574604,6079333845219574604,,POL,1,255.0,2016-08-28,2016-08-28
6079732328348476573,6079732328348476573,,PRT,1,25.0,2016-02-17,2016-02-17
6079993675524662239,6079993675524662239,,PRT,1124,704036.01,2015-07-01,2017-08-31
6080819402732366959,6080819402732366959,,PRT,2,460.0,2015-10-29,2016-10-12
6080884549390348921,6080884549390348921,,FRA,1,220.0,2016-06-08,2016-06-08
6087379044165345973,6087379044165345973,,ESP,1,330.0,2017-05-14,2017-05-14
6088319510292600867,6088319510292600867,,IRL,22,8504.8,2015-09-02,2017-05-10
6088554982676453871,6088554982676453871,,PRT,1,87.0,2016-01-06,2016-01-06
6091782764780682257,6091782764780682257,,PRT,2,440.0,2017-03-15,2017-03-15
6094879219631107485,6094879219631107485,,PRT,1,285.0,2015-10-21,2015-10-21
6097361726689056196,6097361726689056196,,PRT,1,855.0,2017-08-18,2017-08-18
6100935912386229770,6100935912386229770,,ESP,1,285.0,2017-05-30,2017-05-30
6104223898873614067,6104223898873614067,,AUS,1,75.2,2015-10-27,2015-10-27
6111962857496812060,6111962857496812060,,DEU,154,31891.68,2015-08-14,2017-08-25
6113603864756774773,6113603864756774773,,SWE,2,1637.51,2016-04-30,2016-04-30
6117763608453177187,6117763608453177187,,BEL,3,1520.7600000000002,2016-10-05,2017-08-22
6122057426981902048,6122057426981902048,,CHE,3,845.88,2015-10-24,2016-03-21
6123576462762905814,6123576462762905814,,IRN,1,210.0,2015-11-23,2015-11-23
6126121597181105056,6126121597181105056,,PRT,1,70.0,2017-03-13,2017-03-13
6127212206447875291,6127212206447875291,,TUR,1,193.8,2016-08-22,2016-08-22
6128005672178229607,6128005672178229607,,ITA,60,14772.5,2015-07-11,2015-08-29
6128389740021431875,6128389740021431875,,ITA,1,160.0,2016-01-26,2016-01-26
6128920774225073047,6128920774225073047,,ESP,3,3239.0,2015-07-20,2015-09-07
6129205859268840924,6129205859268840924,,ROU,1,509.76,2016-09-05,2016-09-05
6132255268974931179,6132255268974931179,,IRL,68,35231.0,2015-09-03,2017-08-23
6132322828521609224,6132322828521609224,,GBR,1,859.36,2017-08-07,2017-08-07
6136264243858873694,6136264243858873694,,ITA,1,88.2,2017-03-23,2017-03-23
6136808125779690533,6136808125779690533,,IRQ,3,978.0,2015-10-15,2017-02-19
6140582162402436244,6140582162402436244,,GBR,1,983.6400000000001,2017-06-08,2017-06-08
6142244394899768368,6142244394899768368,,KOR,1,129.35999999999999,2017-02-02,2017-02-02
6142471663919594732,6142471663919594732,,SWE,101,62103.86,2015-07-10,2017-08-29
6146949486940765777,6146949486940765777,,BEL,3,2185.0,2016-06-17,2016-09-19
6147615224858919403,6147615224858919403,,PRT,2,158.0,2016-07-07,2016-07-07
6151845060009400727,6151845060009400727,,PRT,3,263.0,2016-04-09,2016-05-15
6156601029237627296,6156601029237627296,,AND,4,4487.99,2016-07-04,2017-08-29
6157845992816003168,6157845992816003168,,DJI,1,273.0,2017-07-18,2017-07-18
6157881541707851032,6157881541707851032,,MAR,1,195.0,2017-01-18,2017-01-18
6158297655444110142,6158297655444110142,,CHN,4,1442.03,2017-05-17,2017-07-26
6161623325791504054,6161623325791504054,,RWA,1,664.5,2016-02-29,2016-02-29
6163647323336802785,6163647323336802785,,CHN,1,160.0,2016-08-19,2016-08-19
6165967562884527312,6165967562884527312,,ITA,1,598.5,2015-10-04,2015-10-04
6166864856562651589,6166864856562651589,,MYS,1,204.0,2016-02-12,2016-02-12
6167198129924965294,6167198129924965294,,PRT,1,38.0,2016-01-07,2016-01-07
6168196818081707913,6168196818081707913,,URY,1,176.8,2016-07-14,2016-07-14
6169445529157155444,6169445529157155444,,GBR,2,778.0,2016-02-25,2016-07-21
6169477658645895435,6169477658645895435,,GEO,1,210.0,2015-11-23,2015-11-23
6170807290168695092,6170807290168695092,,HUN,1,338.01,2017-06-14,2017-06-14
6171076019599160817,6171076019599160817,,USA,2,661.9200000000001,2017-03-19,2017-06-16
6171664626606457699,6171664626606457699,,FRA,2,313.2,2015-09-17,2015-09-17
6171947235109924865,6171947235109924865,,GBR,14,6133.31,2016-02-25,2017-07-03
6179058565040425740,6179058565040425740,,CHN,1,344.4,2017-06-04,2017-06-04
6180507163344257497,6180507163344257497,,PRT,6,535.0,2015-11-26,2017-07-04
6182401840495154194,6182401840495154194,,PRT,1,902.4,2017-08-23,2017-08-23
6182929116317373477,6182929116317373477,,POL,1,267.0,2016-01-22,2016-01-22
6184769711788913625,6184769711788913625,,GBR,1,515.6,2017-07-28,2017-07-28
6185183842633612808,6185183842633612808,,ISR,1,96.0,2017-01-12,2017-01-12
6187495230004747296,6187495230004747296,,TUR,2,352.65,2016-03-09,2016-06-08
6187559487847851620,6187559487847851620,,CHL,10,3176.9700000000003,2015-09-16,2017-08-26
6187737141769146435,6187737141769146435,,BLR,2,716.0,2015-09-15,2015-11-15
6191134323592709014,6191134323592709014,,ESP,17,9834.06,2015-07-02,2017-08-27
6194035489765111526,6194035489765111526,,DNK,1,360.0,2017-05-02,2017-05-02
6196875061465724252,6196875061465724252,,RUS,1,12.0,2015-10-19,2015-10-19
6200270334930094574,6200270334930094574,,IRN,2,1480.0,2017-08-14,2017-08-14
6200627561668135522,6200627561668135522,,AUS,1,260.0,2016-05-17,2016-05-17
6202089575595247340,6202089575595247340,,DEU,1,231.0,2016-08-01,2016-08-01
6203160841460550360,6203160841460550360,,AUS,1,62.0,2017-04-17,2017-04-17
6203842649860451858,6203842649860451858,,ESP,9,4434.8,2016-05-03,2017-08-03
6206325699559025139,6206325699559025139,,IRL,2,1045.5,2017-06-16,2017-06-19
6207199782798664779,6207199782798664779,,PRT,1,125.0,2017-05-04,2017-05-04
6207504604361366558,6207504604361366558,,BIH,1,736.75,2016-04-22,2016-04-22
6207944868842647253,6207944868842647253,,GBR,3,943.51,2017-03-13,2017-03-13
6211355137343959864,6211355137343959864,,GBR,3,990.0,2016-06-06,2016-06-06
6212055691888923796,6212055691888923796,,PRT,4,540.0,2017-03-20,2017-04-25
6212397775232837244,6212397775232837244,,IRL,1,471.59000000000003,2017-04-23,2017-04-23
6215141953346142383,6215141953346142383,,RUS,2,38.0,2015-12-01,2015-12-11
6215170480842866523,6215170480842866523,,DEU,2,1091.02,2015-09-23,2015-09-23
6215810464369020337,6215810464369020337,,USA,3,1553.97,2017-07-15,2017-08-12
6217219639017371451,6217219639017371451,,PRT,1,288.99,2015-11-18,2015-11-18
6219323715981229706,6219323715981229706,,MEX,1,117.0,2017-05-09,2017-05-09
6220027835676897466,6220027835676897466,,USA,2,205.2,2016-10-13,2016-10-13
6221040523671727580,6221040523671727580,,GBR,8,3945.33,2015-07-12,2016-09-10
6221486372983039723,6221486372983039723,,GBR,2,1178.56,2016-06-03,2017-07-21
6223583066838106269,6223583066838106269,,FRA,8,1548.0,2015-11-23,2016-06-03
6224043937817529581,6224043937817529581,,ESP,10,5599.0,2016-11-10,2017-08-28
6226369493575677847,6226369493575677847,,GBR,2,410.0,2016-02-10,2017-07-29
6228728728618612982,6228728728618612982,,CZE,2,320.0,2015-10-19,2015-10-19
6229908589469257433,6229908589469257433,,AGO,171,204177.72,2015-08-09,2017-08-25
6234312362089269876,6234312362089269876,,ESP,1,642.0,2015-08-16,2015-08-16
6237347260499552798,6237347260499552798,,ESP,1,372.0,2016-09-13,2016-09-13
6240390036373514544,6240390036373514544,,ITA,1,79.0,2016-07-20,2016-07-20
6241551060386848345,6241551060386848345,,PRT,2,216.0,2016-05-11,2016-05-18
6241896723001554257,6241896723001554257,,FRA,1,150.0,2016-11-21,2016-11-21
6244324826747683998,6244324826747683998,,GBR,2,1306.0,2016-08-25,2016-08-25
6246563164729038970,6246563164729038970,,ITA,3,696.0,2015-09-04,2015-09-04
6246642083604015384,6246642083604015384,,ESP,5,4194.5,2015-08-03,2015-09-06
6251166521049589730,6251166521049589730,,ITA,3,1271.54,2016-03-07,2016-12-24
6252026517608751049,6252026517608751049,,NOR,4,1896.2999999999997,2016-03-12,2016-07-12
6252836670872315484,6252836670872315484,,AUT,1,260.0,2017-05-15,2017-05-15
6253411252858198500,6253411252858198500,,RUS,1,87.0,2016-02-22,2016-02-22
6258074924959460521,6258074924959460521,,FRA,1,1421.0,2017-02-20,2017-02-20
6259168050814888330,6259168050814888330,,FRA,3,1037.8899999999999,2016-07-07,2016-07-13
6259309015967747705,6259309015967747705,,GBR,2,406.65,2016-03-09,2016-03-09
6261836160635357993,6261836160635357993,,USA,1,460.0,2017-08-20,2017-08-20
6262482264596975839,6262482264596975839,,NOR,4,795.0,2016-08-17,2017-05-28
6262519120534714765,6262519120534714765,,JAM,1,412.20000000000005,2016-06-03,2016-06-03
6264828314356253646,6264828314356253646,,ITA,5,2320.0,2016-05-26,2017-06-17
6267223713737497898,6267223713737497898,,BEL,21,5598.31,2015-10-07,2017-07-12
6267414904293106021,6267414904293106021,,GBR,8,1921.0,2015-10-18,2016-03-13
6272095194188009866,6272095194188009866,,ARE,1,0.0,2016-10-15,2016-10-15
6272747237331569643,6272747237331569643,,PRT,2,219.3,2016-10-13,2016-10-13
6273338283861702228,6273338283861702228,,PRT,1,78.0,2016-12-20,2016-12-20
6274344882176073414,6274344882176073414,,POL,1,496.0,2017-04-19,2017-04-19
6275348726658707009,6275348726658707009,,IRQ,1,510.0,2016-09-05,2016-09-05
6276195853922082148,6276195853922082148,,LUX,2,917.0,2016-03-28,2016-03-28
6276988605727522861,6276988605727522861,,PRT,15,2370.0,2017-05-20,2017-08-01
6280263228068545228,6280263228068545228,,UNK,2,132.0,2015-10-13,2016-03-30
6281032351157986081,6281032351157986081,,GBR,1,65.0,2017-06-04,2017-06-04
6281964006462689661,6281964006462689661,,FRA,30,9034.05,2015-09-13,2016-10-21
6282921831878436379,6282921831878436379,,PRT,1,300.0,2016-03-07,2016-03-07
6283072435047645860,6283072435047645860,,BEL,1,143.01,2017-02-01,2017-02-01
6284089295960875582,6284089295960875582,,DEU,3,3110.05,2017-05-15,2017-08-08
6284855023351024181,6284855023351024181,,JPN,4,2390.0,2015-09-25,2015-11-06
6286554368595368866,6286554368595368866,,DEU,1,122.4,2016-10-06,2016-10-06
6286723735348851150,6286723735348851150,,SEN,1,180.0,2015-11-06,2015-11-06
6288089377505065113,6288089377505065113,,PRT,19,6198.0,2015-12-30,2015-12-30
6295707551201345860,6295707551201345860,,ITA,1,727.16,2016-09-19,2016-09-19
6297891308268418760,6297891308268418760,,ESP,1,110.0,2017-06-27,2017-06-27
6299303070774439093,6299303070774439093,,PRT,2,280.0,2017-05-29,2017-07-06
6299950501828902828,6299950501828902828,,PRT,7,111.99,2015-07-07,2017-03-17
6300630711307251570,6300630711307251570,,NLD,1,690.0,2015-11-30,2015-11-30
6301360987369222848,6301360987369222848,,BRA,15,6146.68,2016-03-17,2017-08-03
6302586920881927358,6302586920881927358,,ESP,2,76.0,2017-02-18,2017-02-27
6302803322868447400,6302803322868447400,,AUT,3,750.0,2016-10-06,2017-03-07
6303963873092708921,6303963873092708921,,PRT,1,127.0,2017-05-15,2017-05-15
6305556025044164056,6305556025044164056,,IRL,698,276081.82,2015-09-30,2017-08-31
6307497835521068633,6307497835521068633,,USA,1,360.0,2016-10-10,2016-10-10
6310163435783439729,6310163435783439729,,ITA,1,140.0,2017-01-10,2017-01-10
6310341380425260720,6310341380425260720,,GBR,9,1947.4,2016-02-03,2017-06-14
6310901880038439571,6310901880038439571,,PRT,1,45.0,2017-05-29,2017-05-29
6311026026932643733,6311026026932643733,,KOR,1,187.10999999999999,2016-01-29,2016-01-29
6311468708619212245,6311468708619212245,,PRT,3,663.0,2016-04-22,2016-04-22
6315680669920684088,6315680669920684088,,PRT,2,72.0,2016-03-17,2016-03-17
6317178785039102047,6317178785039102047,,PRT,1,156.0,2016-02-01,2016-02-01
6321306550311113875,6321306550311113875,,ARE,1,1035.0,2016-07-27,2016-07-27
6324614790362310058,6324614790362310058,,USA,169,45130.37,2015-09-03,2017-08-27
6324692382825838977,6324692382825838977,,PRT,20,1402.8,2015-09-23,2017-06-30
6324966453332389066,6324966453332389066,,GBR,1,609.91,2017-06-06,2017-06-06
6328186093778094027,6328186093778094027,,PRT,1,126.0,2017-06-07,2017-06-07
6330018752651765050,6330018752651765050,,PRT,1,160.0,2016-01-04,2016-01-04
6330328648219845681,6330328648219845681,,PRT,9,3782.6400000000003,2016-09-29,2017-08-22
6331157415285104474,6331157415285104474,,PRT,2,125.0,2017-03-07,2017-04-06
6331197386287244097,6331197386287244097,,CHN,15,6109.46,2015-07-27,2017-07-09
6331265918903272906,6331265918903272906,,FRA,4,910.0,2017-05-17,2017-05-17
6332375300298919131,6332375300298919131,,PRT,121,31581.53,2015-09-23,2017-08-28
6336964172324062425,6336964172324062425,,CHE,1,98.0,2016-03-05,2016-03-05
6338292089245001340,6338292089245001340,,ZAF,2,869.5799999999999,2016-01-07,2017-01-05
6341199109843755630,6341199109843755630,,PRT,13,3539.3,2016-03-17,2017-06-10
6342391607938149582,6342391607938149582,,GBR,1,98.0,2017-03-24,2017-03-24
6343172976048476269,6343172976048476269,,POL,14,5472.34,2015-10-19,2017-06-29
6343482632168980993,6343482632168980993,,MOZ,26,16997.48,2015-08-11,2017-08-28
6344215420976151559,6344215420976151559,,BRA,2,301.0,2016-01-04,2016-01-04
6344605610172408035,6344605610172408035,,SAU,1,351.0,2015-10-05,2015-10-05
6344795618735831819,6344795618735831819,,ARG,1,96.0,2017-04-18,2017-04-18
6348145187747177665,6348145187747177665,,NOR,5,325.0,2016-05-25,2017-06-10
6348214874065212020,6348214874065212020,,AUS,1,312.8,2016-11-12,2016-11-12
6349095803860367087,6349095803860367087,,DEU,8,633.0,2016-05-06,2017-07-15
6352210994705398154,6352210994705398154,,PRT,3,369.0,2016-12-19,2017-05-08
6352331271281649793,6352331271281649793,,POL,2,520.0,2017-05-09,2017-05-09
6353824271830007859,6353824271830007859,,GBR,1,280.0,2015-11-23,2015-11-23
6357209567988384563,6357209567988384563,,ESP,2,432.0,2015-11-10,2015-11-10
6357282449526208129,6357282449526208129,,FRA,1,172.2,2015-09-28,2015-09-28
6361994459306688589,6361994459306688589,,PRT,1,163.18,2016-05-18,2016-05-18
6362570678119235400,6362570678119235400,,PRT,18,6487.3,2016-04-07,2017-07-28
6362799195999448629,6362799195999448629,,UNK,2,207.0,2016-10-17,2016-10-18
6364964414790029775,6364964414790029775,,ITA,1,116.4,2015-11-13,2015-11-13
6367594319212262928,6367594319212262928,,PRT,2,401.4,2015-09-30,2015-09-30
6367612022585151568,6367612022585151568,,ESP,25,7855.09,2015-09-03,2017-07-24
6367890939901945855,6367890939901945855,,PRT,4,1050.0,2017-04-29,2017-06-15
6368667539827508049,6368667539827508049,,IRL,13,9889.24,2015-07-29,2017-05-16
6370162532149991838,6370162532149991838,,PRT,2,221.0,2017-04-02,2017-04-03
6371529270361358868,6371529270361358868,,CHL,1,182.0,2016-03-07,2016-03-07
6373949463997317789,6373949463997317789,,PRT,12,921.47,2015-09-30,2017-03-17
6374408344738539793,6374408344738539793,,DEU,89,19213.0,2016-04-04,2017-04-23
6375477944161015961,6375477944161015961,,ECU,1,421.2,2015-12-24,2015-12-24
6376957788514421154,6376957788514421154,,BEL,2,355.0,2016-01-19,2016-01-19
6377635965393562138,6377635965393562138,,PRT,1,79.0,2016-07-20,2016-07-20
6378147243230718341,6378147243230718341,,FRA,390,142405.42,2015-08-10,2017-08-28
6379423204772221813,6379423204772221813,,CHE,1,127.84,2017-01-27,2017-01-27
6380398432749101987,6380398432749101987,,RUS,1,440.34000000000003,2017-05-03,2017-05-03
6382434690666405712,6382434690666405712,,BRA,1,65.0,2017-01-01,2017-01-01
6386304473064724714,6386304473064724714,,GBR,1,211.67999999999998,2016-12-19,2016-12-19
6389764800635118002,6389764800635118002,,PRT,7,2640.0,2017-06-08,2017-06-08
6389851839537740481,6389851839537740481,,DZA,1,152.0,2016-02-29,2016-02-29
6390753392873961482,6390753392873961482,,HKG,4,2649.0,2016-06-26,2017-07-18
6392997517187734462,6392997517187734462,,USA,1,70.4,2016-11-26,2016-11-26
6396165531725822266,6396165531725822266,,POL,22,11006.26,2015-12-24,2017-07-25
6397136062717087972,6397136062717087972,,SVN,1,403.75,2016-07-25,2016-07-25
6398601303450609305,6398601303450609305,,BLR,1,128.0,2016-12-23,2016-12-23
6398727496852797514,6398727496852797514,,DEU,1,220.0,2017-06-25,2017-06-25
6400116519925558736,6400116519925558736,,GBR,7,5090.82,2015-10-05,2016-10-11
6403029107741534052,6403029107741534052,,AUT,2,660.0,2015-11-20,2015-11-23
6404051274989909476,6404051274989909476,,FRA,1,138.0,2016-05-12,2016-05-12
6409697902757663093,6409697902757663093,,PHL,1,442.0,2016-04-25,2016-04-25
6414703545008217083,6414703545008217083,,BEL,2,483.0,2016-10-12,2017-03-02
6415120450609017357,6415120450609017357,,FRA,4,639.0,2016-01-19,2016-01-19
6417858157530810860,6417858157530810860,,BGR,1,210.0,2015-11-23,2015-11-23
6418791940588727902,6418791940588727902,,PHL,1,418.5,2017-07-17,2017-07-17
6422549954434536493,6422549954434536493,,PRT,9,1501.0,2016-11-21,2016-11-22
6424679916954820406,6424679916954820406,,NLD,2,756.16,2017-01-06,2017-01-06
6431643981402496194,6431643981402496194,,MEX,2,270.0,2017-08-24,2017-08-24
6432090097358083243,6432090097358083243,,BRA,1,181.20000000000002,2016-12-10,2016-12-10
6436731546900485427,6436731546900485427,,PRT,2,96.0,2017-04-05,2017-04-05
6442835038674064779,6442835038674064779,,OMN,1,867.36,2017-08-07,2017-08-07
6443590440665390815,6443590440665390815,,GBR,1,75.0,2017-06-07,2017-06-07
6444216444172574073,6444216444172574073,,FRA,7,1182.0,2015-09-11,2016-04-18
6444717223077575451,6444717223077575451,,IND,1,100.0,2017-06-27,2017-06-27
6444791407584021734,6444791407584021734,,GBR,2,662.0,2016-11-08,2016-11-08
6445961907713085889,6445961907713085889,,UNK,1,40.0,2016-02-15,2016-02-15
6447080888091642536,6447080888091642536,,PRT,8,376.0,2016-02-25,2017-04-17
6448506272010547759,6448506272010547759,,PRT,2,150.0,2016-12-14,2017-04-11
6454047521687356120,6454047521687356120,,PRT,1,40.0,2017-01-30,2017-01-30
6455937662217202580,6455937662217202580,,PRT,2,846.0,2017-08-30,2017-08-30
6457174025240481764,6457174025240481764,,PRT,1,145.0,2016-04-29,2016-04-29
6459684408785453131,6459684408785453131,,PRT,4,636.0,2016-06-02,2016-06-03
6459776074326840551,6459776074326840551,,PRT,1,48.0,2015-10-28,2015-10-28
6460315444057233948,6460315444057233948,,FRA,1,100.0,2016-09-15,2016-09-15
6460447749516579154,6460447749516579154,,BRA,12,5655.11,2016-11-05,2017-08-26
6462108539776502697,6462108539776502697,,PRT,93,37215.03,2015-07-14,2017-07-25
6462140434572684568,6462140434572684568,,BEL,5,1714.0,2016-09-21,2016-09-21
6462868366321505585,6462868366321505585,,PRT,1,66.0,2016-10-30,2016-10-30
6462900228830898271,6462900228830898271,,BRA,1,360.0,2016-10-10,2016-10-10
6463548950170415223,6463548950170415223,,PRT,11,3540.04,2016-10-05,2017-05-06
6464729328229435701,6464729328229435701,,ESP,4,684.0,2016-04-07,2016-04-07
6466444155111600705,6466444155111600705,,DEU,1,48.0,2015-10-28,2015-10-28
6466765772013249862,6466765772013249862,,PRT,10,3445.0,2016-09-02,2016-12-16
6468315337388453854,6468315337388453854,,PRT,5,765.0,2016-12-02,2016-12-03
6468855107360170259,6468855107360170259,,PRT,2,732.0,2016-09-19,2016-09-19
6473987136398197051,6473987136398197051,,PRT,15,4337.3,2015-09-11,2017-06-30
6475733056843487621,6475733056843487621,,PRT,1,150.0,2017-06-12,2017-06-12
6477179786551261944,6477179786551261944,,POL,32,25938.84,2016-05-02,2017-05-15
6477832508926835439,6477832508926835439,,PRT,3,438.0,2016-09-15,2017-03-30
6478324130877684323,6478324130877684323,,PRT,2,78.0,2016-01-18,2016-02-16
6480536566672761968,6480536566672761968,,UNK,1,0.0,2016-12-14,2016-12-14
6486303999097590617,6486303999097590617,,FIN,1,144.5,2015-10-30,2015-10-30
6488839791564574748,6488839791564574748,,KOR,8,3524.78,2015-11-14,2017-08-20
6490570712635019752,6490570712635019752,,PRT,1,72.0,2016-01-02,2016-01-02
6493306850802138146,6493306850802138146,,DEU,4,294.0,2015-12-01,2015-12-03
6494757889911323243,6494757889911323243,,IRL,5,4754.45,2015-08-17,2017-07-28
6494921100791455327,6494921100791455327,,LUX,3,501.0,2015-11-16,2017-02-28
6498664715560097850,6498664715560097850,,PRT,15,830.0,2015-09-16,2017-06-01
6503050273088647406,6503050273088647406,,FRA,5,1018.1999999999999,2016-10-19,2017-08-11
6504775996511948813,6504775996511948813,,PRT,3,105.0,2017-01-23,2017-02-20
6509702346192677249,6509702346192677249,,PRT,2,396.0,2016-04-07,2016-04-07
6509960779701264223,6509960779701264223,,FIN,1,172.8,2016-04-14,2016-04-14
6511381786545007896,6511381786545007896,,UNK,1,25.0,2015-11-25,2015-11-25
6511833629849981254,6511833629849981254,,PRT,1,457.38,2017-02-02,2017-02-02
6514052867038783609,6514052867038783609,,PRT,1,0.0,2016-09-30,2016-09-30
6515131743169665318,6515131743169665318,,PRT,11,3130.5,2016-09-26,2017-06-22
6517700265782244788,6517700265782244788,,GBR,2,900.0300000000001,2016-12-29,2017-06-08
6517806330630549584,6517806330630549584,,MAR,3,503.0,2016-01-27,2017-08-12
6517963247268882827,6517963247268882827,,PRT,2,510.0,2015-10-06,2015-10-06
6519678424254127896,6519678424254127896,,POL,1,627.2,2016-06-26,2016-06-26
6522333460385579667,6522333460385579667,,BEL,1,95.0,2016-05-23,2016-05-23
6522757388910524526,6522757388910524526,,PRT,2,131.1,2015-10-29,2015-11-30
6523653065414748604,6523653065414748604,,PRT,1,64.0,2016-12-03,2016-12-03
6524487046630443650,6524487046630443650,,IRL,1,196.0,2017-02-07,2017-02-07
6527442404437614355,6527442404437614355,,BRA,1,412.65000000000003,2015-07-03,2015-07-03
6528707685461367259,6528707685461367259,,ZAF,1,178.0,2017-05-02,2017-05-02
6529364260676805508,6529364260676805508,,PRT,1,95.0,2017-06-15,2017-06-15
6529406161318077094,6529406161318077094,,USA,5,770.0,2017-06-24,2017-06-24
6531312677438070772,6531312677438070772,,GBR,1,0.0,2016-01-19,2016-01-19
6531824422834681229,6531824422834681229,,PRT,1,30.0,2016-01-28,2016-01-28
6533238897995631928,6533238897995631928,,USA,2,1047.1,2015-09-14,2015-09-21
6533623957671638500,6533623957671638500,,DZA,9,3126.9300000000003,2016-07-10,2017-05-08
6540516065612273758,6540516065612273758,,ITA,5,1455.01,2015-12-18,2017-08-29
6540608954796756487,6540608954796756487,,FRA,6,2819.22,2015-08-04,2016-10-23
6541343391133429322,6541343391133429322,,POL,1,245.0,2016-11-24,2016-11-24
6545845789034002884,6545845789034002884,,DNK,1,301.0,2017-07-15,2017-07-15
6548617534875911504,6548617534875911504,,ROU,1,898.5,2015-09-16,2015-09-16
6549119324926479753,6549119324926479753,,NLD,1,399.0,2016-03-05,2016-03-05
6549923593340486771,6549923593340486771,,PRT,3,329.9,2016-10-24,2017-07-05
6551010172793148945,6551010172793148945,,BRA,2,1936.46,2016-05-15,2016-09-29
6556297564908970145,6556297564908970145,,SWE,3,424.4,2017-05-13,2017-08-18
6557490431646539878,6557490431646539878,,AUT,1,367.08,2017-06-11,2017-06-11
6558590861672384260,6558590861672384260,,USA,1,445.0,2016-08-02,2016-08-02
6561574256843530394,6561574256843530394,,NOR,1,448.20000000000005,2016-03-20,2016-03-20
6561857802151914121,6561857802151914121,,FIN,1,403.8,2017-02-26,2017-02-26
6562986317176308102,6562986317176308102,,PRT,2,275.0,2015-08-09,2015-08-13
6564540912318615083,6564540912318615083,,CHN,2,376.0,2016-08-08,2016-12-22
6565682963310974698,6565682963310974698,,USA,1,624.0,2015-11-03,2015-11-03
6566688505959982741,6566688505959982741,,PRT,1,138.0,2016-08-23,2016-08-23
6569452460910590602,6569452460910590602,,BRA,1,1805.0,2015-10-04,2015-10-04
6570577316363143490,6570577316363143490,,URY,1,170.0,2017-05-28,2017-05-28
6572282425960401813,6572282425960401813,,PRT,2,313.5,2016-03-14,2016-04-04
6572986871305024914,6572986871305024914,,PRT,1,103.5,2017-04-27,2017-04-27
6574847500275305227,6574847500275305227,,BRA,9,1197.0,2015-07-25,2015-09-02
6574852143643643096,6574852143643643096,,ZAF,1,178.2,2017-08-30,2017-08-30
6575726192605277328,6575726192605277328,,RUS,1,115.0,2017-04-13,2017-04-13
6580544200069526999,6580544200069526999,,BRA,2,185.0,2016-05-30,2017-01-01
6580678489362356332,6580678489362356332,,PRT,8,1231.01,2017-02-21,2017-07-24
6581374932047691882,6581374932047691882,,FRA,19,7038.03,2015-12-31,2016-12-30
6583534187038901983,6583534187038901983,,FRA,2,408.01,2016-06-07,2017-01-19
6583800129125894585,6583800129125894585,,CHE,2,541.98,2015-08-13,2016-03-25
6584986214744669551,6584986214744669551,,CHE,2,78.0,2015-10-31,2015-10-31
6585196488641964302,6585196488641964302,,IND,1,270.0,2016-04-13,2016-04-13
6587725076251646691,6587725076251646691,,POL,2,842.3999999999999,2016-11-14,2017-03-10
6587748766082245289,6587748766082245289,,PRT,7,681.0,2016-09-20,2017-05-30
6591610530178212848,6591610530178212848,,IRL,23,9616.59,2015-07-19,2016-05-19
6593174911432741587,6593174911432741587,,PRT,31,7702.29,2015-12-31,2016-10-20
6595475111700427047,6595475111700427047,,GBR,2,907.48,2016-11-05,2016-12-24
6601503145960074435,6601503145960074435,,UNK,2,288.0,2016-03-07,2016-05-02
6602459254367723424,6602459254367723424,,ARG,1,396.0,2016-09-22,2016-09-22
6604559476333861756,6604559476333861756,,PRT,2,420.0,2015-12-03,2015-12-03
6607926571239108189,6607926571239108189,,ESP,1,40.0,2015-10-08,2015-10-08
6608249361302471027,6608249361302471027,,SWE,5,532.0,2015-11-12,2016-11-10
6610295728940140500,6610295728940140500,,GBR,3,554.0,2016-05-04,2016-09-07
6616063139670530777,6616063139670530777,,GBR,1,435.0,2017-07-09,2017-07-09
6618367715768714578,6618367715768714578,,LKA,1,99.89999999999999,2015-12-24,2015-12-24
6622562824072994920,6622562824072994920,,AUT,2,122.0,2016-11-08,2017-04-12
6623304059846482471,6623304059846482471,,IRL,1,203.0,2016-02-03,2016-02-03
6623308524736756386,6623308524736756386,,PRT,1,264.6,2015-09-03,2015-09-03
6623399839532921786,6623399839532921786,,FRA,779,220961.5,2015-09-20,2017-08-16
6624329163890772015,6624329163890772015,,SAU,1,210.0,2015-11-23,2015-11-23
6625029322418507173,6625029322418507173,,TUR,6,930.3,2016-03-09,2016-06-08
6625508141102113670,6625508141102113670,,KOR,1,330.0,2017-05-14,2017-05-14
6625830124753646526,6625830124753646526,,PRT,231,71479.98,2015-07-01,2017-08-31
6630357200565498906,6630357200565498906,,PRT,1,100.0,2016-10-18,2016-10-18
6631345443825628086,6631345443825628086,,IRL,9,3209.81,2015-10-05,2017-07-03
6631908017085983939,6631908017085983939,,PRT,1,0.0,2017-08-30,2017-08-30
6633171205947388367,6633171205947388367,,USA,4,1211.25,2016-05-12,2016-05-12
6633886664491124167,6633886664491124167,,UNK,1,39.0,2016-04-06,2016-04-06
6640588733629952718,6640588733629952718,,GRC,6,1525.8,2015-07-06,2017-07-01
6640646141098366818,6640646141098366818,,PRT,7,748.0,2016-04-26,2017-07-11
6642960337752806427,6642960337752806427,,ITA,1,285.0,2017-05-09,2017-05-09
6645034555930309357,6645034555930309357,,PRT,1,0.0,2015-08-10,2015-08-10
6651259289149639248,6651259289149639248,,PRT,8,3209.0,2016-04-26,2017-04-15
6652834548507645688,6652834548507645688,,USA,2,990.0,2016-06-06,2016-06-06
6655126330891300994,6655126330891300994,,DEU,34,11387.67,2016-02-03,2017-08-22
6656927190078337883,6656927190078337883,,ARG,1,107.44,2016-03-11,2016-03-11
6657269635501978874,6657269635501978874,,PRT,1,30.0,2016-01-20,2016-01-20
6657380235268381544,6657380235268381544,,DEU,14,2733.0,2016-10-14,2017-08-25
6657465174743954514,6657465174743954514,,MRT,1,585.9000000000001,2017-04-14,2017-04-14
6658864477847468984,6658864477847468984,,SGP,5,1607.68,2015-10-16,2017-04-08
6660292796101858132,6660292796101858132,,IRL,1,481.5,2015-07-26,2015-07-26
6662027653600478759,6662027653600478759,,CMR,1,133.06,2015-10-06,2015-10-06
6665147267327069750,6665147267327069750,,PRT,3,1360.0,2017-06-21,2017-06-21
6666253765754742267,6666253765754742267,,PRT,2,144.0,2016-11-09,2016-11-22
6667969880687195748,6667969880687195748,,PRT,1,360.0,2017-04-24,2017-04-24
6668359157136350336,6668359157136350336,,PRT,102,10424.65,2016-03-17,2017-08-30
6671876695072754716,6671876695072754716,,FRA,1,240.0,2017-03-10,2017-03-10
6677201646650361138,6677201646650361138,,PRT,6,264.0,2015-11-05,2017-06-07
6678013279135319766,6678013279135319766,,CHN,3,1014.03,2017-06-03,2017-07-01
6680125711988050083,6680125711988050083,,ROU,1,390.0,2017-01-07,2017-01-07
6681422220540084209,6681422220540084209,,SWE,23,16652.92,2017-04-20,2017-04-22
6684852972186110057,6684852972186110057,,ITA,1,517.44,2016-10-30,2016-10-30
6686834969258849340,6686834969258849340,,DEU,4,398.0,2016-01-29,2016-08-26
6691037834455313219,6691037834455313219,,DZA,1,269.28,2016-03-21,2016-03-21
6692394388978233818,6692394388978233818,,PRT,3,534.65,2016-05-29,2016-07-11
6692682965602635479,6692682965602635479,,PRT,3,583.0,2015-12-01,2016-11-09
6692876859322934031,6692876859322934031,,GBR,13,3945.9700000000003,2016-02-11,2017-07-15
6693327226064536457,6693327226064536457,,ISR,6,1838.0,2015-09-26,2017-08-19
6694820400711834533,6694820400711834533,,PRT,5,238.0,2016-10-18,2016-11-03
6695466299851646946,6695466299851646946,,KWT,1,636.3000000000001,2017-07-29,2017-07-29
6697702785081934150,6697702785081934150,,MAR,8,3761.6,2016-05-05,2017-04-30
6698105895665542600,6698105895665542600,,DEU,2,505.0,2015-12-26,2016-01-17
6698854713891110570,6698854713891110570,,DEU,2,770.0,2017-05-13,2017-05-14
6701447795462978862,6701447795462978862,,IRL,1,443.8,2015-10-08,2015-10-08
6704412744089194770,6704412744089194770,,AUT,9,2023.0,2016-04-14,2017-06-20
6710700938130880145,6710700938130880145,,RUS,1,232.56,2016-08-03,2016-08-03
6710701118323178170,6710701118323178170,,DEU,3,1300.0,2017-05-14,2017-05-15
6711570670312126907,6711570670312126907,,PRT,45,26544.89,2015-07-13,2017-08-27
6711792644892323734,6711792644892323734,,SWE,39,15558.3,2015-11-01,2017-08-30
6712873913189545671,6712873913189545671,,AUT,1,260.0,2016-05-17,2016-05-17
6713186623012973239,6713186623012973239,,ISR,4,1045.0,2015-10-12,2016-11-07
6714446875621500207,6714446875621500207,,ITA,1,693.4,2016-04-08,2016-04-08
6715780894876029409,6715780894876029409,,ITA,8,4981.9400000000005,2015-10-01,2017-08-02
6720708955481811735,6720708955481811735,,ITA,4,615.55,2016-10-21,2017-08-19
6721605320675476017,6721605320675476017,,KEN,3,2181.44,2016-12-25,2017-06-22
6722056190535310808,6722056190535310808,,CHN,1,89.0,2016-01-20,2016-01-20
6722271811921269252,6722271811921269252,,UNK,1,0.0,2016-11-21,2016-11-21
6723545464087341815,6723545464087341815,,PRT,22,4360.5,2016-03-30,2016-09-15
6724846166532924476,6724846166532924476,,PRT,20,1260.0,2015-07-11,2017-07-27
6726420506233339878,6726420506233339878,,IND,1,93.6,2016-12-09,2016-12-09
6729123619296227077,6729123619296227077,,KAZ,1,484.4,2017-07-11,2017-07-11
6732980261705862547,6732980261705862547,,UNK,1,75.0,2016-12-30,2016-12-30
6733379598148204625,6733379598148204625,,PRT,1,75.0,2017-06-07,2017-06-07
6735111514863853734,6735111514863853734,,ZAF,1,260.0,2016-05-17,2016-05-17
6740988906967032444,6740988906967032444,,AUS,5,2656.4,2016-07-19,2017-06-04
6741009573891542447,6741009573891542447,,PRT,1,60.0,2017-05-22,2017-05-22
6743671875250667814,6743671875250667814,,PRT,2,138.0,2016-04-12,2016-04-13
6747954284133512637,6747954284133512637,,LVA,2,980.0,2016-09-18,2017-06-04
6748379685055083548,6748379685055083548,,PRT,9,3375.7,2015-12-27,2017-07-15
6748798942804767014,6748798942804767014,,PRT,34,9612.05,2017-02-26,2017-08-28
6749467540267539801,6749467540267539801,,AGO,1,54.31,2015-11-28,2015-11-28
6749970736510995495,6749970736510995495,,FIN,38,15308.85,2015-11-30,2017-08-03
6754735812689662770,6754735812689662770,,PRT,245,37815.73,2015-07-10,2017-06-01
6755796202695935332,6755796202695935332,,LTU,1,149.0,2016-05-23,2016-05-23
6756978953064898150,6756978953064898150,,PRT,1,802.4,2015-08-24,2015-08-24
6758155073143990412,6758155073143990412,,BEL,2,540.0,2015-11-07,2015-11-08
6759269877675186992,6759269877675186992,,ROU,2,423.0,2016-01-19,2016-01-19
6761197824205766396,6761197824205766396,,PRT,1,60.0,2017-02-01,2017-02-01
6762227073099806005,6762227073099806005,,PRT,1,931.0,2015-08-17,2015-08-17
6762446791213746042,6762446791213746042,,PRT,1,896.0,2016-08-30,2016-08-30
6765938453282127964,6765938453282127964,,ITA,1,154.0,2017-06-24,2017-06-24
6766930832985589312,6766930832985589312,,NOR,1,172.0,2016-02-05,2016-02-05
6772039727808467935,6772039727808467935,,JPN,8,4876.400000000001,2015-10-04,2017-02-09
6772807948525993534,6772807948525993534,,FIN,1,330.0,2017-05-14,2017-05-14
6773752111454109599,6773752111454109599,,AUT,24,9033.45,2015-10-08,2016-05-26
6775675557952688641,6775675557952688641,,ITA,6,2848.97,2016-11-29,2017-08-22
6776854968346680126,6776854968346680126,,IND,55,24549.34,2015-09-21,2017-08-09
6777949380721025351,6777949380721025351,,PRT,1,80.0,2016-11-02,2016-11-02
6779584069067685074,6779584069067685074,,PRT,1,210.0,2015-08-10,2015-08-10
6780376511835653554,6780376511835653554,,GBR,18,22213.38,2017-06-21,2017-07-29
6782235979034299846,6782235979034299846,,ESP,3,813.5999999999999,2015-12-14,2016-03-19
6782435200346704272,6782435200346704272,,KOR,1,89.0,2017-08-02,2017-08-02
6782687827875566765,6782687827875566765,,GRC,1,129.0,2016-01-18,2016-01-18
6787191174612662462,6787191174612662462,,GAB,1,112.0,2016-10-25,2016-10-25
6789877888652213686,6789877888652213686,,ESP,13,5595.65,2015-12-01,2017-08-06
6791250761630529588,6791250761630529588,,UNK,2,60.0,2016-11-15,2017-02-20
6791487908645851896,6791487908645851896,,FIN,1,172.0,2016-02-05,2016-02-05
6795033389841904596,6795033389841904596,,PRT,151,85103.63,2016-03-27,2017-08-26
6799556626800839004,6799556626800839004,,NOR,232,118987.05,2015-08-04,2017-08-29
6802469315588612988,6802469315588612988,,TUN,1,189.63,2016-02-12,2016-02-12
6802772843283793546,6802772843283793546,,HUN,2,325.0,2016-11-27,2016-11-28
6804460260714216157,6804460260714216157,,JOR,4,1160.0,2015-11-23,2015-11-23
6804590081977785909,6804590081977785909,,LUX,1,294.6,2016-07-12,2016-07-12
6805832007837752140,6805832007837752140,,PRT,2,109.0,2016-04-28,2017-01-25
6808174674354390655,6808174674354390655,,PER,1,252.99,2016-03-11,2016-03-11
6809814519206233562,6809814519206233562,,TUR,1,110.0,2016-10-31,2016-10-31
6810894524497964124,6810894524497964124,,POL,1,619.65,2016-05-11,2016-05-11
6812454752660571207,6812454752660571207,,DNK,2,471.28,2016-02-15,2016-02-15
6814625115289766537,6814625115289766537,,PRT,1,140.0,2015-10-20,2015-10-20
6814808006621459673,6814808006621459673,,PRT,3,325.0,2016-12-14,2017-06-12
6815073769529940779,6815073769529940779,,PRT,2,338.8,2016-02-12,2016-02-27
6815344963996600675,6815344963996600675,,PRT,1,190.0,2016-06-24,2016-06-24
6817597917733822180,6817597917733822180,,DEU,1,260.0,2016-05-17,2016-05-17
6820171080339636453,6820171080339636453,,PRT,4,892.0,2017-03-13,2017-05-04
6820421596247018332,6820421596247018332,,CZE,1,599.4000000000001,2017-07-21,2017-07-21
6823138686409637897,6823138686409637897,,GBR,4,0.0,2015-11-16,2017-04-18
6823170557158812454,6823170557158812454,,GBR,2,108.41,2016-10-11,2016-10-23
6823228956990103767,6823228956990103767,,BRA,1,180.0,2016-03-31,2016-03-31
6824642749076986657,6824642749076986657,,CHE,1,260.0,2016-06-15,2016-06-15
6825035616583065153,6825035616583065153,,ZAF,1,63.980000000000004,2017-07-18,2017-07-18
6825179514911508081,6825179514911508081,,DNK,1,71.1,2017-08-01,2017-08-01
6825230800532580177,6825230800532580177,,PRT,6,1098.0,2017-01-10,2017-02-24
6826069110843439794,6826069110843439794,,CMR,1,513.0,2016-05-17,2016-05-17
6828453548342215584,6828453548342215584,,BRA,1,298.5,2015-09-07,2015-09-07
6828547992533917716,6828547992533917716,,UKR,6,182.4,2016-11-03,2016-11-03
6829559181178533116,6829559181178533116,,PRT,1,42.0,2016-10-25,2016-10-25
6830213794532159899,6830213794532159899,,ITA,1,220.0,2017-04-05,2017-04-05
6833725885985719086,6833725885985719086,,CHE,10,2994.5299999999997,2015-12-27,2017-07-17
6833818175908945584,6833818175908945584,,SRB,1,89.0,2017-04-12,2017-04-12
6835936616970661010,6835936616970661010,,CUB,2,330.5,2016-12-24,2017-05-31
6836211724465355591,6836211724465355591,,ROU,1,260.0,2017-05-17,2017-05-17
6837187710193212386,6837187710193212386,,NLD,6,1664.0,2016-03-31,2016-03-31
6839808867793106334,6839808867793106334,,ESP,3,326.5,2016-01-29,2016-05-24
6841896982179391893,6841896982179391893,,DNK,2,420.0,2015-11-23,2015-11-23
6843726817394132478,6843726817394132478,,JPN,1,58.31,2017-01-22,2017-01-22
6845053757110479206,6845053757110479206,,UNK,7,610.4,2016-03-10,2017-02-14
6847276287922220778,6847276287922220778,,GBR,1,0.0,2016-10-15,2016-10-15
6848552858976929525,6848552858976929525,,PRT,2,0.0,2017-05-03,2017-06-19
6852380369951599591,6852380369951599591,,GBR,6,943.5,2016-11-18,2016-11-18
6853075384188826238,6853075384188826238,,GBR,1,170.0,2017-04-27,2017-04-27
6853160203919420671,6853160203919420671,,IRL,63,29669.85,2015-07-17,2017-08-25
6854098108725154582,6854098108725154582,,DEU,1,195.0,2017-01-23,2017-01-23
6855065434426391061,6855065434426391061,,GBR,1,102.7,2016-08-02,2016-08-02
6857154310423627836,6857154310423627836,,NLD,1,299.2,2016-04-30,2016-04-30
6857591607078492598,6857591607078492598,,ISR,2,395.0,2016-09-18,2016-10-09
6858566345881957187,6858566345881957187,,ESP,5,938.0,2016-08-31,2017-08-10
6860628143919439167,6860628143919439167,,ITA,1,124.8,2017-01-20,2017-01-20
6863329492130385087,6863329492130385087,,PRT,1,405.0,2017-08-08,2017-08-08
6863516604874664558,6863516604874664558,,IRL,1,694.75,2017-06-05,2017-06-05
6863720389601524015,6863720389601524015,,RUS,7,1026.0,2015-08-05,2015-08-05
6863777572537296784,6863777572537296784,,IRN,4,1328.0,2016-09-05,2017-03-01
6865416272823217121,6865416272823217121,,PRT,1,90.0,2017-02-14,2017-02-14
6867686150167595965,6867686150167595965,,PRT,1,395.0,2016-11-06,2016-11-06
6868165074451387175,6868165074451387175,,DZA,1,150.0,2017-06-01,2017-06-01
6872677182231771653,6872677182231771653,,AND,1,1710.0,2017-07-22,2017-07-22
6874264157209789416,6874264157209789416,,LUX,2,610.64,2016-03-29,2016-08-01
6876885951549186562,6876885951549186562,,FRA,5,1433.13,2015-09-02,2016-04-21
6884737214935924426,6884737214935924426,,UNK,2,1435.16,2016-03-18,2016-08-24
6886914313150341091,6886914313150341091,,PRT,3,120.0,2016-03-14,2016-03-16
6891814643942351382,6891814643942351382,,PRT,30,10035.74,2015-08-12,2017-08-12
6894200309884329678,6894200309884329678,,GBR,1,96.0,2016-10-09,2016-10-09
6896832589696123442,6896832589696123442,,NLD,2,1141.62,2015-08-27,2015-12-03
6897387378999359051,6897387378999359051,,ITA,1,85.0,2015-09-29,2015-09-29
6898133199330918436,6898133199330918436,,PRT,1,170.0,2016-11-09,2016-11-09
6899009376281518228,6899009376281518228,,GBR,1,312.48,2016-11-26,2016-11-26
6899132485336163778,6899132485336163778,,DZA,4,1755.0,2015-10-05,2017-04-30
6899909714707201055,6899909714707201055,,ZAF,1,75.0,2017-02-09,2017-02-09
6901118040905450612,6901118040905450612,,CZE,1,292.0,2015-10-01,2015-10-01
6901255556053165391,6901255556053165391,,GBR,13,4981.88,2016-09-11,2017-08-24
6905676555286865217,6905676555286865217,,PRT,2,0.0,2016-10-10,2017-01-17
6905795554365583303,6905795554365583303,,DNK,1,680.0,2015-09-26,2015-09-26
6906872304519224708,6906872304519224708,,CHN,6,1350.0,2017-02-25,2017-02-26
6908383439971089362,6908383439971089362,,AZE,1,648.0,2016-07-13,2016-07-13
6908430942685603310,6908430942685603310,,BRA,4,656.1,2017-01-02,2017-07-10
6908762923219885072,6908762923219885072,,GBR,2,712.8,2017-05-07,2017-05-07
6909342635828550263,6909342635828550263,,BEL,13,6114.0,2016-05-09,2017-06-10
6912972432693995041,6912972432693995041,,ITA,2,389.0,2016-09-19,2016-11-24
6914745774906235114,6914745774906235114,,NLD,1,438.0,2016-09-29,2016-09-29
6915640817934834251,6915640817934834251,,GBR,455,209677.02,2015-07-01,2017-08-31
6915921819660710186,6915921819660710186,,ARG,16,4230.43,2016-03-20,2017-06-07
6918406699476615174,6918406699476615174,,PRT,1,50.0,2016-04-20,2016-04-20
6919714025067677130,6919714025067677130,,UNK,3,1180.0,2016-12-30,2017-01-16
6920977739840272237,6920977739840272237,,RUS,1,268.0,2016-11-06,2016-11-06
6923112910402445547,6923112910402445547,,SWE,1,195.99,2017-05-07,2017-05-07
6924657864734201145,6924657864734201145,,PRT,1,0.0,2016-09-20,2016-09-20
6932790634081666494,6932790634081666494,,GRC,5,3515.0,2015-09-25,2015-09-25
6938364163556576301,6938364163556576301,,USA,51,15105.94,2015-09-30,2017-08-23
6938629820359964435,6938629820359964435,,PRT,46,8723.8,2015-09-11,2017-08-08
6941787191629053287,6941787191629053287,,PRT,14,1092.0,2015-10-12,2017-05-31
6943153170196766164,6943153170196766164,,POL,1,142.0,2016-01-19,2016-01-19
6943361752091910204,6943361752091910204,,IRN,5,3270.0,2015-09-26,2015-09-26
6943392324484701086,6943392324484701086,,USA,3,335.0,2017-01-06,2017-01-12
6943480944309591628,6943480944309591628,,FRA,15,8703.0,2016-04-08,2017-05-17
6947861395236428691,6947861395236428691,,ABW,1,297.0,2017-05-05,2017-05-05
6948366668043082161,6948366668043082161,,DNK,185,99228.19,2015-10-01,2017-08-31
6953855596850874371,6953855596850874371,,MAR,7,6340.0,2016-07-15,2017-08-07
6955265445922862633,6955265445922862633,,PRT,1,156.4,2016-07-28,2016-07-28
6960015786123359753,6960015786123359753,,BEL,2,1989.6000000000001,2016-02-07,2017-07-03
6960310205981181024,6960310205981181024,,ITA,5,469.0,2015-09-04,2015-09-04
6961753907803183990,6961753907803183990,,IRL,4,971.6999999999999,2016-03-23,2017-05-15
6965653306591412700,6965653306591412700,,BRA,1,435.0,2016-05-08,2016-05-08
6965724420913762321,6965724420913762321,,BEL,2,416.16,2016-05-15,2017-02-27
6967182945794611254,6967182945794611254,,ITA,1,169.0,2016-09-15,2016-09-15
6967873096403421584,6967873096403421584,,DEU,5,793.8,2016-01-29,2017-08-28
6967982072807080703,6967982072807080703,,AUT,424,184854.91,2015-08-01,2017-08-29
6969974200080770385,6969974200080770385,,PRT,20,5904.63,2015-07-20,2017-05-30
6970105908173044343,6970105908173044343,,DEU,4,1719.8999999999999,2015-09-09,2015-09-12
6973343623096097905,6973343623096097905,,SWE,2,1200.0,2016-11-12,2017-07-17
6975853509630272508,6975853509630272508,,JPN,2,432.0,2017-02-19,2017-02-19
6977622542225123492,6977622542225123492,,PRT,1,148.0,2015-11-20,2015-11-20
6978330470099533726,6978330470099533726,,PRT,20,1801.0,2015-07-15,2016-12-16
6979998655100420763,6979998655100420763,,JPN,1,184.5,2017-07-29,2017-07-29
6981441201496477198,6981441201496477198,,POL,6,4060.54,2015-10-18,2017-07-05
6982474200876718439,6982474200876718439,,GBR,1,288.0,2016-04-09,2016-04-09
6982864429823933130,6982864429823933130,,GBR,1,403.75,2016-10-02,2016-10-02
6983181006513434641,6983181006513434641,,PRT,1,161.6,2017-01-02,2017-01-02
6983783500192851406,6983783500192851406,,FRA,1,0.0,2017-03-23,2017-03-23
6985623472888391966,6985623472888391966,,PRT,2,390.0,2017-03-14,2017-03-15
6991804856240160900,6991804856240160900,,ITA,9,3033.45,2016-01-30,2017-08-27
6991828884140882402,6991828884140882402,,AND,2,380.0,2016-01-17,2017-04-07
6991995315759632375,6991995315759632375,,KOR,1,252.0,2015-10-12,2015-10-12
6993377064140252309,6993377064140252309,,GIB,5,1872.21,2016-03-22,2017-08-15
6994420463849903002,6994420463849903002,,NLD,1,369.0,2015-10-18,2015-10-18
6995524845892772461,6995524845892772461,,DEU,2,558.21,2017-03-13,2017-06-06
6996244487349180446,6996244487349180446,,AGO,2,828.3399999999999,2017-04-02,2017-06-26
6997762918652607648,6997762918652607648,,PRT,1,28.0,2017-07-28,2017-07-28
6999756145681610058,6999756145681610058,,PRT,13,868.0,2015-07-14,2017-05-03
7000583255512987814,7000583255512987814,,CZE,2,466.56000000000006,2017-03-10,2017-03-10
7002825613117222558,7002825613117222558,,MAR,105,55057.81,2015-08-16,2017-08-21
7006466973279376881,7006466973279376881,,ESP,22,3752.37,2015-11-20,2016-12-08
7006740833417023066,7006740833417023066,,SWE,2,563.3,2016-06-20,2017-07-30
7008104256129939826,7008104256129939826,,BRA,24,6381.2,2016-01-03,2017-07-04
7009577593557555409,7009577593557555409,,CZE,1,0.0,2016-08-25,2016-08-25
7010216200997488829,7010216200997488829,,GBR,1,452.0,2017-01-16,2017-01-16
7010608067998018493,7010608067998018493,,PRT,16,2695.25,2015-10-21,2017-06-01
7012764031211734411,7012764031211734411,,GBR,1,65.0,2017-01-31,2017-01-31
7013552938464650019,7013552938464650019,,JPN,1,125.0,2016-09-20,2016-09-20
7014297000482271870,7014297000482271870,,HUN,1,330.0,2017-06-18,2017-06-18
7014790249369347869,7014790249369347869,,PRT,15,0.0,2015-10-31,2017-06-03
7015575402485936503,7015575402485936503,,ESP,3,1165.0,2015-10-29,2017-08-20
7026301355429730120,7026301355429730120,,CHL,1,107.0,2015-11-14,2015-11-14
7027057142604840880,7027057142604840880,,IND,1,126.1,2016-10-04,2016-10-04
7027144111959443575,7027144111959443575,,PRT,1,1364.04,2017-06-22,2017-06-22
7030173888811267987,7030173888811267987,,NOR,1,210.0,2017-03-19,2017-03-19
7030270823252913366,7030270823252913366,,UNK,1,91.2,2017-01-23,2017-01-23
7030636076325478477,7030636076325478477,,SYC,1,89.25,2016-06-17,2016-06-17
7032519973674554914,7032519973674554914,,FRA,1,260.0,2017-06-07,2017-06-07
7033378852592048201,7033378852592048201,,PRT,12,1216.0,2016-05-12,2016-05-12
7034659385373811935,7034659385373811935,,SAU,1,414.0,2017-06-27,2017-06-27
7034793755687512864,7034793755687512864,,PRT,1,66.0,2016-11-28,2016-11-28
7035249717713242023,7035249717713242023,,ARG,1,1734.0,2015-08-18,2015-08-18
7036243375122977953,7036243375122977953,,AUS,2,88.8,2016-04-01,2016-04-01
7039634872116937083,7039634872116937083,,GBR,1,0.0,2017-04-22,2017-04-22
7041297132574042450,7041297132574042450,,FRA,1,168.48,2016-12-17,2016-12-17
7043932148957044167,7043932148957044167,,ROU,1,1336.79,2017-08-01,2017-08-01
7046014935422083163,7046014935422083163,,CHN,1,466.0,2017-07-16,2017-07-16
7047412232816894597,7047412232816894597,,USA,7,3990.0,2017-08-18,2017-08-23
7050007068244648743,7050007068244648743,,PRT,2,770.0,2016-09-19,2016-09-20
7050441514131604083,7050441514131604083,,MLT,1,245.0,2016-11-05,2016-11-05
7055233600167456051,7055233600167456051,,PRT,2,0.0,2015-08-13,2015-08-26
7057390181687446360,7057390181687446360,,FRA,33,16043.11,2016-09-18,2017-07-27
7058040184021805242,7058040184021805242,,PRT,1,43.0,2016-01-14,2016-01-14
7059753562559761750,7059753562559761750,,PRT,13,3027.0,2017-05-14,2017-05-16
7068652828879070065,7068652828879070065,,USA,2,696.0,2016-08-29,2016-08-29
7068837333268120204,7068837333268120204,,PAK,2,195.0,2017-06-27,2017-06-27
7069013245876729225,7069013245876729225,,HUN,2,880.39,2016-12-19,2017-05-13
7076642206707631375,7076642206707631375,,GBR,1,189.0,2016-07-04,2016-07-04
7083219061902812056,7083219061902812056,,LUX,2,708.24,2016-05-16,2017-08-11
7083415277359899159,7083415277359899159,,PRT,23,1273.6,2016-04-28,2017-06-22
7084902056114860205,7084902056114860205,,HUN,1,190.0,2016-06-24,2016-06-24
7086075887030395589,7086075887030395589,,DEU,6,2947.02,2016-04-26,2016-10-04
7087898835765417368,7087898835765417368,,PRT,6,2208.0,2016-04-23,2016-04-29
7088985020339529444,7088985020339529444,,PRT,2,68.0,2015-09-19,2015-09-19
7090774956481023330,7090774956481023330,,IRL,23,8735.4,2016-01-02,2017-08-23
7093783555967297141,7093783555967297141,,CHN,2,652.0,2016-10-22,2016-10-22
7094583307921295346,7094583307921295346,,FIN,3,1268.1200000000001,2016-04-08,2016-04-15
7097301854161712461,7097301854161712461,,ESP,1,264.6,2015-09-03,2015-09-03
7099854283669341447,7099854283669341447,,GBR,1,180.4,2016-05-22,2016-05-22
7100585892776818278,7100585892776818278,,IDN,1,623.6999999999999,2017-06-11,2017-06-11
7102256416864406020,7102256416864406020,,NLD,1,156.62,2017-03-22,2017-03-22
7103039546974422629,7103039546974422629,,RUS,1,248.0,2015-09-19,2015-09-19
7105832920523241011,7105832920523241011,,DEU,13,4425.11,2015-08-05,2017-06-02
7106608576949262096,7106608576949262096,,FRA,7,936.0,2016-11-02,2017-03-20
7106997268916535750,7106997268916535750,,PRT,9,2148.0,2016-06-10,2016-06-10
7107218687092142145,7107218687092142145,,NLD,2,380.0,2016-09-19,2017-05-29
7108007250452479306,7108007250452479306,,PRT,1,125.5,2016-04-13,2016-04-13
7109451035769090136,7109451035769090136,,USA,4,1394.0,2016-06-08,2016-09-28
7110980837441377396,7110980837441377396,,UKR,2,559.88,2016-02-09,2016-11-08
7111266120135347936,7111266120135347936,,PRT,1,0.0,2017-03-07,2017-03-07
7112954010477222951,7112954010477222951,,TGO,1,416.5,2017-02-09,2017-02-09
7115589080891964128,7115589080891964128,,SWE,3,460.02,2015-09-14,2015-09-14
7117157900029858400,7117157900029858400,,ROU,1,653.52,2016-12-27,2016-12-27
7118202883943814875,7118202883943814875,,PRT,1,30.0,2015-12-28,2015-12-28
7124134435035670484,7124134435035670484,,KOR,3,635.0,2016-01-06,2017-01-10
7124459215073156303,7124459215073156303,,IRL,1,517.44,2017-06-24,2017-06-24
7127059875584608976,7127059875584608976,,GBR,1,65.0,2016-03-02,2016-03-02
7128464736173391573,7128464736173391573,,CYP,1,95.0,2016-09-20,2016-09-20
7130992989746162748,7130992989746162748,,PRT,1,94.5,2016-05-20,2016-05-20
7133921468949552800,7133921468949552800,,ESP,1,0.0,2016-09-01,2016-09-01
7134910295406927618,7134910295406927618,,FRA,1,98.0,2016-04-26,2016-04-26
7134948727429241953,7134948727429241953,,AUS,1,145.0,2016-11-01,2016-11-01
7135705024898646763,7135705024898646763,,CHE,203,156907.16,2015-07-04,2017-08-29
7140145713808243769,7140145713808243769,,GBR,1,1358.98,2017-05-27,2017-05-27
7141223458604798720,7141223458604798720,,USA,1,206.0,2017-06-02,2017-06-02
7141571886303476076,7141571886303476076,,ESP,8,873.5,2016-10-03,2017-05-17
7141729864531900187,7141729864531900187,,ITA,2,360.0,2016-11-16,2016-11-16
7149105914568912878,7149105914568912878,,FRA,2,504.0,2017-05-22,2017-05-22
7150653444758153157,7150653444758153157,,BEL,25,24683.38,2017-04-30,2017-08-29
7151124521839312684,7151124521839312684,,ESP,6,1501.12,2015-10-07,2015-12-05
7153022772776402154,7153022772776402154,,PRT,1,62.0,2017-05-04,2017-05-04
7154928320954316062,7154928320954316062,,MDG,1,44.0,2017-01-08,2017-01-08
7156183590659719914,7156183590659719914,,CZE,2,846.6,2015-11-06,2017-02-19
7156309363735034039,7156309363735034039,,SWE,3,1231.02,2016-03-07,2017-08-03
7157384885907485076,7157384885907485076,,CHN,2,980.83,2015-09-26,2016-08-07
7157733334099676589,7157733334099676589,,FRA,5,1767.0,2016-12-21,2017-05-05
7160145947987510626,7160145947987510626,,PRT,2,155.0,2015-10-30,2015-12-14
7160278795651109151,7160278795651109151,,PRT,3,600.0,2015-10-10,2017-05-20
7163142030564499615,7163142030564499615,,FRA,4,1050.0,2017-05-06,2017-05-06
7163216759800737591,7163216759800737591,,SGP,1,67.15,2017-01-16,2017-01-16
7163291990466027331,7163291990466027331,,MLT,1,510.0,2016-11-19,2016-11-19
7163396891201523500,7163396891201523500,,ESP,1,216.0,2016-03-03,2016-03-03
7165098127224604501,7165098127224604501,,PRT,2385,665645.72,2015-07-01,2017-08-31
7168132447229562498,7168132447229562498,,PRT,4,262.0,2015-07-23,2017-01-24
7168188957017785044,7168188957017785044,,GBR,1,45.0,2017-01-29,2017-01-29
7171261896291441971,7171261896291441971,,QAT,1,208.0,2017-02-11,2017-02-11
7179160339808112038,7179160339808112038,,NLD,2,1348.2,2015-08-11,2015-08-11
7179984579794973317,7179984579794973317,,SWE,1,416.09999999999997,2016-11-07,2016-11-07
7181641016269256512,7181641016269256512,,KOR,1,356.0,2017-06-08,2017-06-08
7182710126832256724,7182710126832256724,,LBN,1,85.0,2015-09-24,2015-09-24
7185964369741965798,7185964369741965798,,LUX,5,1859.8,2016-05-16,2016-10-18
7186387780343066854,7186387780343066854,,PRT,10,1765.2600000000002,2015-10-10,2016-12-08
7189669465235362979,7189669465235362979,,FRA,1,338.01,2017-08-09,2017-08-09
7191440425563954089,7191440425563954089,,PRT,1,340.2,2016-06-27,2016-06-27
7191489812158677072,7191489812158677072,,CHN,1,214.4,2017-07-24,2017-07-24
7192506277343222808,7192506277343222808,,GBR,7,1974.0,2016-07-03,2016-10-13
7194112623398063462,7194112623398063462,,PRT,10,4410.8,2016-04-15,2017-08-06
7196271217405929825,7196271217405929825,,DEU,1,96.0,2015-11-16,2015-11-16
7201419594220334964,7201419594220334964,,DEU,10,2489.2,2017-04-17,2017-08-31
7201645264709892183,7201645264709892183,,IRL,5,4032.78,2016-07-22,2016-10-27
7201791869177357733,7201791869177357733,,PRT,2,202.0,2016-01-16,2016-01-16
7205157795860187406,7205157795860187406,,GBR,2,99.0,2016-01-16,2017-05-19
7205326488812860291,7205326488812860291,,PRT,26,16418.67,2015-07-04,2015-11-19
7209256554710773188,7209256554710773188,,CHN,1,534.0,2015-10-04,2015-10-04
7209731523068475192,7209731523068475192,,IND,3,1176.75,2016-01-07,2017-04-26
7213756445353731974,7213756445353731974,,NOR,2,320.0,2016-11-21,2016-11-21
7214853312938749516,7214853312938749516,,ROU,2,1310.67,2017-06-26,2017-07-01
7215425233112564876,7215425233112564876,,POL,2,960.0,2016-04-22,2016-04-22
7216093726308465536,7216093726308465536,,PRT,12,9425.210000000001,2017-06-12,2017-08-28
7216166264618875833,7216166264618875833,,PRT,1,0.0,2017-06-04,2017-06-04
7218162924783704486,7218162924783704486,,LTU,1,225.0,2016-11-21,2016-11-21
7221776743765759355,7221776743765759355,,CZE,1,42.0,2016-11-08,2016-11-08
7222925739416306878,7222925739416306878,,ITA,13,6851.42,2016-05-08,2017-08-20
7223827850189748078,7223827850189748078,,BGR,1,85.5,2016-04-29,2016-04-29
7224214975387375212,7224214975387375212,,PRT,1,484.0,2016-05-30,2016-05-30
7226000654493115654,7226000654493115654,,NLD,2,327.2,2016-12-03,2017-08-22
7226142594353239815,7226142594353239815,,NGA,13,6308.68,2016-03-03,2017-05-20
7229913291772539146,7229913291772539146,,GBR,9,2629.96,2016-03-28,2016-09-12
7235119139490682631,7235119139490682631,,OMN,3,917.0,2016-01-15,2016-01-15
7235867078337740336,7235867078337740336,,IRN,3,713.54,2016-03-30,2016-09-20
7237547115582063025,7237547115582063025,,PRT,1,1488.2,2016-09-05,2016-09-05
7240769040028834837,7240769040028834837,,BEL,1,363.6,2015-09-24,2015-09-24
7240916006541827414,7240916006541827414,,SVK,1,288.9,2015-11-27,2015-11-27
7241339566829285738,7241339566829285738,,PRT,6,825.0,2016-01-26,2016-11-29
7243530114036715234,7243530114036715234,,ESP,21,3924.75,2015-12-06,2017-04-13
7245327766239546115,7245327766239546115,,PRT,1,640.0799999999999,2016-02-22,2016-02-22
7248234934826793136,7248234934826793136,,RUS,2,850.0,2017-04-19,2017-04-19
7248755493239509581,7248755493239509581,,GBR,2,3601.99,2017-05-26,2017-05-28
7248792305020895600,7248792305020895600,,PRT,1,150.0,2015-08-22,2015-08-22
7248983184557714538,7248983184557714538,,FRA,2,595.0,2016-04-25,2016-05-02
7249293619235046614,7249293619235046614,,PRT,1,0.0,2015-08-27,2015-08-27
7254766374093641099,7254766374093641099,,PRT,1,62.0,2015-12-29,2015-12-29
7255448695159666849,7255448695159666849,,ZAF,3,783.8199999999999,2016-04-04,2017-06-22
7256144261997111736,7256144261997111736,,NLD,1,108.0,2017-06-28,2017-06-28
7256302502122507100,7256302502122507100,,MYS,1,225.0,2016-04-24,2016-04-24
7257496284659468764,7257496284659468764,,GBR,69,48187.47,2015-07-06,2016-10-21
7260690940537714535,7260690940537714535,,MEX,1,441.99,2015-11-06,2015-11-06
7262045135188433630,7262045135188433630,,FIN,19,4933.8099999999995,2015-10-21,2017-06-18
7264785849031399005,7264785849031399005,,POL,4,1037.0,2015-12-17,2017-04-24
7266008630811617301,7266008630811617301,,ITA,1,230.0,2016-06-06,2016-06-06
7271457598248496867,7271457598248496867,,PRT,7,3126.82,2015-07-13,2015-11-04
7273139603683010351,7273139603683010351,,TUR,7,2450.0,2016-06-06,2016-06-07
7273444120040001476,7273444120040001476,,BEL,3,665.0,2016-04-04,2016-11-10
7274017022939608792,7274017022939608792,,ESP,6,3239.4,2015-07-20,2015-09-14
7274828684650383703,7274828684650383703,,PRT,3,335.01,2016-02-23,2017-06-01
7275181967830611437,7275181967830611437,,NGA,4,2567.0,2017-01-06,2017-07-08
7275726923824949239,7275726923824949239,,PRT,4,492.7,2017-03-28,2017-04-28
7275905075573873647,7275905075573873647,,ITA,3,1155.0,2015-09-19,2015-10-18
7276288609885229690,7276288609885229690,,ESP,2,335.0,2015-12-02,2016-04-15
7276615721859046931,7276615721859046931,,LUX,1,360.0,2017-05-04,2017-05-04
7278114396394945627,7278114396394945627,,PRT,1,35.0,2015-12-08,2015-12-08
7278127227874830283,7278127227874830283,,ISR,1,98.8,2017-05-07,2017-05-07
7278637894087261829,7278637894087261829,,AGO,1,360.0,2016-06-02,2016-06-02
7279127070315757215,7279127070315757215,,FRA,4,838.0,2015-09-28,2015-11-11
7279239981801589766,7279239981801589766,,DEU,5,2122.56,2017-01-11,2017-07-28
7279494672630976440,7279494672630976440,,MDV,4,1839.3000000000002,2016-05-22,2017-06-23
7280899503743210826,7280899503743210826,,TGO,1,1368.0,2017-06-19,2017-06-19
7281491551333871123,7281491551333871123,,PRT,2,1120.0,2017-04-16,2017-04-16
7282698075326744882,7282698075326744882,,MYS,1,308.0,2016-11-30,2016-11-30
7283390045031875398,7283390045031875398,,PRT,1,135.0,2016-03-21,2016-03-21
7283746889290865150,7283746889290865150,,POL,1,375.0,2017-05-22,2017-05-22
7283943144255337899,7283943144255337899,,AGO,1,180.0,2016-09-14,2016-09-14
7283961843028923158,7283961843028923158,,BEL,2,650.0,2016-05-17,2016-05-17
7285358593107513836,7285358593107513836,,CHE,99,33077.2,2015-10-15,2017-08-25
7286132630925355185,7286132630925355185,,FIN,1,323.0,2016-06-20,2016-06-20
7286522846308951572,7286522846308951572,,PRT,1,490.0,2015-12-27,2015-12-27
7292443788041934094,7292443788041934094,,CHN,4,899.1,2017-03-26,2017-04-01
7295192575370078465,7295192575370078465,,LTU,1,262.0,2016-06-27,2016-06-27
7295695745424047776,7295695745424047776,,IRQ,2,400.0,2015-10-15,2015-10-15
7296796166994155704,7296796166994155704,,PRT,17,9477.06,2015-07-16,2017-07-28
7299270279156853204,7299270279156853204,,UNK,1,45.0,2016-04-01,2016-04-01
7299651430767673633,7299651430767673633,,MMR,1,290.0,2015-10-10,2015-10-10
7300123973367543608,7300123973367543608,,PRT,1,43.0,2016-01-08,2016-01-08
7307880639164832909,7307880639164832909,,GEO,1,360.0,2016-08-23,2016-08-23
7308345263756824272,7308345263756824272,,AGO,1,1266.02,2017-01-14,2017-01-14
7311350659292553102,7311350659292553102,,PRT,1,0.0,2016-04-20,2016-04-20
7311680710656112084,7311680710656112084,,KOR,1,284.0,2015-10-19,2015-10-19
7314863072168723152,7314863072168723152,,ESP,2,68.0,2016-11-23,2017-01-21
7318627468978501780,7318627468978501780,,ISR,41,8013.0599999999995,2015-08-30,2017-06-23
7319727855536691883,7319727855536691883,,GBR,7,5529.4,2016-06-13,2017-07-09
7323328242742309841,7323328242742309841,,BRA,2,752.0,2016-02-03,2016-02-03
7327265805661419548,7327265805661419548,,PRT,1,0.0,2016-11-21,2016-11-21
7330560877920424422,7330560877920424422,,CZE,1,111.0,2017-03-02,2017-03-02
7332190182808385414,7332190182808385414,,IRN,7,3046.56,2016-09-05,2016-09-20
7332409752626320239,7332409752626320239,,CHE,1,206.0,2016-03-04,2016-03-04
7332697752856268635,7332697752856268635,,PRT,1,255.99,2016-04-27,2016-04-27
7339463206490433387,7339463206490433387,,RUS,1,176.0,2017-02-12,2017-02-12
7339580696166011324,7339580696166011324,,ITA,1,48.0,2016-01-03,2016-01-03
7341337890179741233,7341337890179741233,,PRT,2,568.0,2017-04-15,2017-04-15
7341362516321124947,7341362516321124947,,CHE,2,615.0,2016-04-17,2016-10-16
7346477409330707398,7346477409330707398,,PRT,4,370.0,2016-09-20,2016-09-20
7347183978129692379,7347183978129692379,,PRT,21,940.9,2015-10-31,2017-04-15
7350574182985059232,7350574182985059232,,NOR,1,147.6,2017-07-15,2017-07-15
7351474949110620810,7351474949110620810,,GBR,6,4328.6,2016-05-12,2016-10-03
7355154724564719868,7355154724564719868,,PRT,1,668.8,2016-09-09,2016-09-09
7355664576402622683,7355664576402622683,,BEL,1,297.0,2017-05-02,2017-05-02
7358214829373948197,7358214829373948197,,CUB,1,25.0,2016-03-11,2016-03-11
7360011788975101577,7360011788975101577,,SWE,19,6349.0,2016-10-16,2016-10-24
7363043310561600090,7363043310561600090,,CYP,3,600.0,2016-11-21,2016-11-21
7363934740378500711,7363934740378500711,,TWN,1,225.0,2015-11-01,2015-11-01
7364305063867796788,7364305063867796788,,POL,2,405.0,2017-04-26,2017-06-26
7365147854821132763,7365147854821132763,,ARG,1,248.0,2015-07-09,2015-07-09
7365232672575324159,7365232672575324159,,PRT,1,196.35000000000002,2015-10-08,2015-10-08
7366898823652635916,7366898823652635916,,SVN,1,340.0,2017-04-20,2017-04-20
7369585087889192599,7369585087889192599,,BEL,1,190.4,2015-11-03,2015-11-03
7375805043981911641,7375805043981911641,,PRT,5,1362.6,2016-03-14,2017-07-15
7379075362699692532,7379075362699692532,,FRA,2,390.0,2017-05-09,2017-05-10
7380929300660109823,7380929300660109823,,DEU,1,83.0,2016-05-10,2016-05-10
7386249831718391896,7386249831718391896,,ESP,12,1533.0,2015-09-14,2017-02-23
7386363217895417756,7386363217895417756,,PRT,3,275.0,2015-11-09,2015-11-24
7386405338809829200,7386405338809829200,,SRB,2,355.0,2016-01-19,2016-01-19
7387916873933592578,7387916873933592578,,KNA,1,140.0,2015-11-23,2015-11-23
7389009470513724792,7389009470513724792,,AGO,46,70568.93000000001,2016-01-12,2017-06-19
7389795221892845008,7389795221892845008,,SGP,1,360.0,2016-10-10,2016-10-10
7391483894007664962,7391483894007664962,,TUN,1,210.32999999999998,2017-07-02,2017-07-02
7394240091344558269,7394240091344558269,,DEU,121,50958.67,2015-09-01,2017-08-31
7398544637636001682,7398544637636001682,,PRT,3,380.0,2015-09-20,2015-09-20
7398700297045740711,7398700297045740711,,PRT,20,10822.789999999999,2015-08-20,2016-12-26
7399841906438612560,7399841906438612560,,PRT,6,992.0,2017-02-22,2017-03-06
7401939470377720565,7401939470377720565,,BEL,5,945.0,2017-01-17,2017-06-22
7403294374882500038,7403294374882500038,,PRT,2,140.0,2015-11-25,2016-03-04
7406023583986976109,7406023583986976109,,ITA,1,6.0,2016-03-25,2016-03-25
7407149817719039787,7407149817719039787,,IND,1,378.0,2016-11-05,2016-11-05
7408244151981335221,7408244151981335221,,PRT,13,2475.0,2015-09-09,2015-10-17
7410178867483528463,7410178867483528463,,ESP,3,133.0,2016-03-11,2016-03-11
7410646666265946289,7410646666265946289,,NZL,1,246.5,2016-02-04,2016-02-04
7411382050218379254,7411382050218379254,,USA,1,142.0,2016-01-19,2016-01-19
7412284752378398587,7412284752378398587,,DNK,14,7050.74,2015-07-16,2017-07-10
7413543310450606783,7413543310450606783,,PRT,2,100.0,2017-05-22,2017-05-22
7417236913984008824,7417236913984008824,,UNK,4,269.0,2015-07-29,2017-01-27
7418794932499733271,7418794932499733271,,BEL,2,633.6,2015-10-04,2016-03-16
7422599589061971775,7422599589061971775,,PRT,1,192.0,2015-12-08,2015-12-08
7423096390654353544,7423096390654353544,,PRT,3,97.0,2015-11-23,2015-11-23
7425962640777754868,7425962640777754868,,AUT,5,2694.5,2017-04-12,2017-08-23
7428101668887701841,7428101668887701841,,BEL,1,452.16,2016-04-11,2016-04-11
7429804130492710031,7429804130492710031,,FRA,1,380.0,2016-06-20,2016-06-20
7430211636883893777,7430211636883893777,,USA,1,126.0,2017-05-22,2017-05-22
7430967922596323145,7430967922596323145,,ITA,1,338.76,2016-09-21,2016-09-21
7440268105478086230,7440268105478086230,,ESP,1,240.0,2016-06-10,2016-06-10
7442082375856213724,7442082375856213724,,PRT,1,389.76,2015-07-05,2015-07-05
7442584577659323483,7442584577659323483,,POL,2,631.28,2016-01-09,2016-06-17
7442878236058837890,7442878236058837890,,PRT,330,213695.42,2015-07-03,2017-08-28
7444833300616901366,7444833300616901366,,SWE,1,225.0,2017-03-04,2017-03-04
7447555109152933982,7447555109152933982,,PRT,14,499.0,2016-03-10,2016-03-12
7447937297138532105,7447937297138532105,,USA,1,406.0,2016-04-21,2016-04-21
7448629772444474199,7448629772444474199,,CHN,1,71.4,2015-09-30,2015-09-30
7450109098332238412,7450109098332238412,,DEU,1,257.01,2015-11-24,2015-11-24
7450320789420373010,7450320789420373010,,PRT,1,132.0,2016-07-12,2016-07-12
7456582328475987024,7456582328475987024,,PRT,5,574.0,2016-10-05,2016-10-09
7457526160154421059,7457526160154421059,,DEU,11,2320.63,2015-09-06,2017-05-13
7457648248203993227,7457648248203993227,,GBR,1,85.0,2017-01-26,2017-01-26
7458351480895221628,7458351480895221628,,PRT,4,352.8,2016-05-17,2016-10-26
7460264597050265015,7460264597050265015,,EGY,2,456.0,2016-02-28,2016-02-29
7461812410121012057,7461812410121012057,,PRT,1,0.0,2016-12-19,2016-12-19
7462326265311122104,7462326265311122104,,FRA,1,269.21999999999997,2016-03-15,2016-03-15
7462713425669599594,7462713425669599594,,BEL,46,12017.0,2015-11-01,2017-08-30
7462941580737204285,7462941580737204285,,PRT,21,4540.0,2016-10-09,2016-10-13
7464554573835583848,7464554573835583848,,SRB,2,1544.1200000000001,2015-10-08,2015-10-12
7465094286155395962,7465094286155395962,,USA,2,1045.0,2016-05-08,2016-05-15
7468366139138809968,7468366139138809968,,PRT,1,57.0,2016-05-31,2016-05-31
7474834643804220895,7474834643804220895,,VEN,11,3899.1,2015-10-19,2017-07-10
7476427503143664475,7476427503143664475,,FRA,2,176.29999999999998,2016-11-15,2017-08-15
7480646558217532401,7480646558217532401,,FRA,3,444.0,2015-09-26,2015-09-26
7481789065824886628,7481789065824886628,,PRT,9,1610.8600000000001,2016-11-26,2017-07-24
7481937423058036995,7481937423058036995,,BRA,2,57.0,2015-11-27,2015-11-27
7484038058738966065,7484038058738966065,,BRA,1,89.2,2015-10-16,2015-10-16
7487504770695517711,7487504770695517711,,PRT,1,30.5,2015-12-18,2015-12-18
7488778469880749117,7488778469880749117,,PRT,4,120.0,2016-11-21,2016-12-05
7489267305170785365,7489267305170785365,,PRT,4,985.0,2015-12-09,2016-10-16
7491036275452119240,7491036275452119240,,PRT,1,30.0,2016-02-10,2016-02-10
7493683835342762302,7493683835342762302,,ESP,6,2313.9700000000003,2016-07-15,2017-07-11
7493953463816961051,7493953463816961051,,PRT,18,4820.0,2015-12-08,2017-06-08
7494179977332860924,7494179977332860924,,NLD,7,1705.0,2016-11-06,2017-08-01
7496884234216075454,7496884234216075454,,BEL,4,3447.0,2017-06-01,2017-08-30
7500860612883603099,7500860612883603099,,IRL,21,22325.239999999998,2015-07-16,2017-08-30
7503265039449993619,7503265039449993619,,PRT,2,968.4,2016-12-04,2017-06-14
7504998897553549727,7504998897553549727,,CHN,1,226.0,2015-10-19,2015-10-19
7506367772510357481,7506367772510357481,,PRT,1,35.0,2017-03-08,2017-03-08
7507030328753434914,7507030328753434914,,TUR,5,1505.6,2016-03-14,2017-06-03
7508578822815868520,7508578822815868520,,PRT,1,123.3,2015-09-22,2015-09-22
7512785504925860621,7512785504925860621,,ITA,1,70.0,2016-11-11,2016-11-11
7515927845538752097,7515927845538752097,,ROU,14,8429.38,2015-07-16,2017-08-19
7516622531775739892,7516622531775739892,,DEU,7,2335.0,2017-08-20,2017-08-24
7520753818682497903,7520753818682497903,,UNK,1,45.0,2016-10-17,2016-10-17
7521557637366511518,7521557637366511518,,USA,3,348.29999999999995,2016-09-29,2016-09-29
7522878941548118492,7522878941548118492,,DEU,3,602.36,2016-12-01,2016-12-02
7524630646819249752,7524630646819249752,,ESP,2,540.0,2016-05-17,2016-05-17
7526126236940790935,7526126236940790935,,BRA,1,36.0,2017-02-06,2017-02-06
7526858551445936195,7526858551445936195,,BRA,2,1496.0,2016-09-22,2016-09-22
7529536744043752073,7529536744043752073,,PRT,1,466.19999999999993,2016-09-21,2016-09-21
7532054155705302289,7532054155705302289,,DEU,1,1059.3000000000002,2016-08-23,2016-08-23
7532190447796578645,7532190447796578645,,IRL,1,260.8,2017-03-23,2017-03-23
7534274555986942107,7534274555986942107,,CHE,18,8513.09,2015-09-20,2017-06-04
7537410886518705592,7537410886518705592,,DEU,1,300.0,2015-11-22,2015-11-22
7547439279613368278,7547439279613368278,,USA,24,9528.14,2015-07-02,2017-08-13
7547586127875767504,7547586127875767504,,CHN,4,682.0,2016-01-15,2017-08-12
7548093572005921110,7548093572005921110,,DEU,7,1698.8,2015-10-05,2017-08-28
7552069719150179020,7552069719150179020,,ITA,1,420.0,2017-08-19,2017-08-19
7553853952790769954,7553853952790769954,,HUN,1,109.0,2016-04-30,2016-04-30
7554815045947296315,7554815045947296315,,RUS,1,0.0,2015-08-31,2015-08-31
7558072520246538646,7558072520246538646,,PRT,1,145.34,2015-12-29,2015-12-29
7560220150314717375,7560220150314717375,,FRA,1,370.20000000000005,2017-04-22,2017-04-22
7560530481049510703,7560530481049510703,,PRT,1,75.0,2017-06-13,2017-06-13
7560791895581969991,7560791895581969991,,CHE,1,520.0,2015-11-03,2015-11-03
7561167580292150640,7561167580292150640,,NZL,1,496.0,2017-04-19,2017-04-19
7561343990437971477,7561343990437971477,,DEU,1,256.5,2017-05-24,2017-05-24
7564922887105637149,7564922887105637149,,MLT,1,211.2,2016-11-08,2016-11-08
7564947821807369856,7564947821807369856,,PRT,30,1923.0,2015-07-01,2017-06-07
7565343878884497945,7565343878884497945,,PRT,3,3360.0,2017-04-09,2017-04-09
7566373720339833158,7566373720339833158,,NLD,87,34296.35,2015-08-15,2017-08-18
7566852327481064919,7566852327481064919,,SVN,2,410.0,2016-05-19,2017-05-21
7567776696549704784,7567776696549704784,,PRT,4,1521.6,2016-02-06,2016-06-24
7567851805887254733,7567851805887254733,,LUX,1,300.0,2015-11-18,2015-11-18
7569171123738051331,7569171123738051331,,IND,1,228.0,2016-03-08,2016-03-08
7569218597693520310,7569218597693520310,,FIN,1,637.0,2016-05-14,2016-05-14
7571619708046614924,7571619708046614924,,PRT,3,318.0,2017-04-05,2017-04-06
7574873660079217225,7574873660079217225,,AGO,3,1151.28,2016-01-10,2016-10-07
7577609708562192940,7577609708562192940,,NOR,1,62.03,2017-08-27,2017-08-27
7585004511147687549,7585004511147687549,,PRT,6,1580.8,2016-12-09,2017-08-19
7585823610331916633,7585823610331916633,,IRL,5,1543.75,2016-06-12,2017-06-06
7585856844845408961,7585856844845408961,,GBR,3,508.0,2016-05-16,2017-03-21
7586617072894702313,7586617072894702313,,FRA,10,1350.0,2016-02-16,2017-08-19
7589030830563446866,7589030830563446866,,PRT,1,88.0,2016-03-02,2016-03-02
7589060660719668720,7589060660719668720,,DEU,204,92023.47,2015-08-06,2017-08-31
7591436576042032428,7591436576042032428,,BRA,1,80.0,2016-03-08,2016-03-08
7594886921959080007,7594886921959080007,,NLD,5,1563.4,2016-04-22,2017-08-15
7594896372261724942,7594896372261724942,,PRT,5,405.0,2016-03-29,2017-05-08
7595672367965687748,7595672367965687748,,CHN,36,9609.09,2016-01-12,2017-08-03
7598895091669639731,7598895091669639731,,SVK,1,63.28,2016-11-13,2016-11-13
7599485357337537175,7599485357337537175,,AUT,4,257.0,2015-11-17,2015-11-17
7599503125084676168,7599503125084676168,,PRT,6,290.0,2016-01-12,2017-05-16
7600545327496525131,7600545327496525131,,DEU,1,230.0,2017-07-05,2017-07-05
7600839888491109195,7600839888491109195,,COL,1,320.0,2017-07-08,2017-07-08
7603612382955282868,7603612382955282868,,POL,2,104.4,2016-02-15,2016-02-15
7603942717278168053,7603942717278168053,,ISR,2,765.36,2015-07-16,2016-05-25
7604574205084910191,7604574205084910191,,CZE,1,163.0,2016-09-15,2016-09-15
7607233621139799922,7607233621139799922,,PRT,4,1879.5,2017-05-15,2017-05-15
7607849760924128087,7607849760924128087,,IRL,2,1182.09,2017-05-02,2017-05-13
7611840805392654314,7611840805392654314,,PRT,1,0.0,2016-11-08,2016-11-08
7614780440947969988,7614780440947969988,,PRT,10,727.15,2015-11-21,2016-03-19
7615118123216573298,7615118123216573298,,PRT,1,33.0,2016-11-15,2016-11-15
7615186292667697999,7615186292667697999,,GBR,1,0.0,2017-04-22,2017-04-22
7615296213978422044,7615296213978422044,,CZE,1,204.0,2016-03-01,2016-03-01
7617346971273790227,7617346971273790227,,ISR,2,440.0,2016-06-06,2016-06-06
7620103638695145425,7620103638695145425,,PRT,1,66.0,2016-10-30,2016-10-30
7620744273697869460,7620744273697869460,,UGA,1,129.0,2016-03-06,2016-03-06
7621938209939737710,7621938209939737710,,AUT,8,536.0,2016-03-16,2017-07-02
7622544708166495821,7622544708166495821,,ITA,2,792.0,2016-09-14,2016-09-14
7626997709932628186,7626997709932628186,,IRL,54,17070.89,2015-09-29,2017-08-19
7629882544259394450,7629882544259394450,,HUN,1,150.0,2015-11-03,2015-11-03
7629970928861436827,7629970928861436827,,UNK,1,1104.0,2016-08-13,2016-08-13
7630480629059694635,7630480629059694635,,PRT,8,404.0,2017-01-14,2017-01-14
7632472145493860655,7632472145493860655,,PRT,2,216.0,2016-10-18,2016-10-18
7632885692631425848,7632885692631425848,,SEN,1,2850.0,2017-07-14,2017-07-14
7633630085218419080,7633630085218419080,,IRL,1,220.0,2017-04-05,2017-04-05
7633693894119651867,7633693894119651867,,ARG,1,240.0,2017-05-22,2017-05-22
7634543363691098392,7634543363691098392,,PRT,1,240.0,2017-02-06,2017-02-06
7634654652887726217,7634654652887726217,,PRT,7,813.0,2017-01-17,2017-08-29
7635380088972058743,7635380088972058743,,CRI,2,145.04,2015-12-27,2015-12-27
7636304669652584530,7636304669652584530,,TMP,2,767.4000000000001,2016-06-27,2016-12-12
7638368799611601735,7638368799611601735,,PRT,1,0.0,2016-02-25,2016-02-25
7638762565299127160,7638762565299127160,,PRT,1,38.0,2015-12-14,2015-12-14
7639133286974086865,7639133286974086865,,DOM,3,1674.0,2015-10-13,2017-05-15
7642979995158518323,7642979995158518323,,PRT,15,3358.0299999999997,2016-03-20,2016-12-30
7642986938799655295,7642986938799655295,,ITA,1,574.88,2017-01-10,2017-01-10
7644135114903055190,7644135114903055190,,GBR,21,11824.619999999999,2016-07-20,2017-08-17
7644592253075570282,7644592253075570282,,DEU,7,2152.0,2016-09-30,2016-10-16
7647034280607083468,7647034280607083468,,BRA,1,861.0,2015-08-15,2015-08-15
7647613759562745145,7647613759562745145,,DEU,2,875.3000000000001,2016-03-20,2017-04-10
7649776559630933649,7649776559630933649,,PRT,1,40.0,2016-11-16,2016-11-16
7655112325212623102,7655112325212623102,,USA,4,886.0,2015-09-16,2016-09-12
7655554682525364681,7655554682525364681,,IRL,2,790.26,2016-05-31,2016-05-31
7657061314682250735,7657061314682250735,,PRT,5,424.0,2016-01-25,2016-01-26
7664158729776154486,7664158729776154486,,LKA,1,1547.0,2017-04-16,2017-04-16
7664874983415697241,7664874983415697241,,URY,7,5084.22,2016-06-01,2017-06-19
7667100161504459053,7667100161504459053,,PRT,3,205.79999999999998,2016-03-14,2017-06-06
7667417708366913514,7667417708366913514,,PRT,2,330.0,2016-09-30,2016-10-01
7669130105106609801,7669130105106609801,,UKR,1,260.0,2017-01-22,2017-01-22
7669588494553388996,7669588494553388996,,GBR,3,1572.0,2017-04-11,2017-06-30
7675006141178280792,7675006141178280792,,ITA,1,45.0,2017-01-29,2017-01-29
7675176599496712686,7675176599496712686,,GHA,2,1402.0,2017-01-09,2017-07-29
7675443230018380259,7675443230018380259,,ESP,2,268.5,2016-08-30,2017-05-10
7679654818551933317,7679654818551933317,,SWE,3,510.0,2017-04-26,2017-06-26
7680731612479957133,7680731612479957133,,FIN,1,824.64,2015-10-09,2015-10-09
7693014172163591243,7693014172163591243,,USA,1,96.0,2015-08-10,2015-08-10
7693104853328750873,7693104853328750873,,PRT,6,898.1,2017-08-03,2017-08-03
7698731222529661364,7698731222529661364,,PRT,2,212.0,2016-03-08,2017-05-09
7699488201940114037,7699488201940114037,,NOR,2,1053.22,2015-07-02,2015-07-02
7700591524580852161,7700591524580852161,,PRT,1,546.0,2015-12-30,2015-12-30
7702075641592929523,7702075641592929523,,CHN,1,344.0,2016-02-03,2016-02-03
7703386716035836732,7703386716035836732,,PRT,20,3174.01,2016-01-27,2017-06-28
7706549925671043622,7706549925671043622,,ISR,5,2473.9,2015-09-15,2015-10-12
7707194100850726986,7707194100850726986,,FRA,4,1774.45,2015-10-14,2016-07-13
7707424932538557772,7707424932538557772,,AUT,3,530.0,2017-01-18,2017-03-23
7707529760055422764,7707529760055422764,,PRT,5,983.97,2016-04-27,2016-04-27
7707597521256647493,7707597521256647493,,TUR,1,195.0,2017-01-22,2017-01-22
7709819398262307379,7709819398262307379,,PRT,2,720.0,2017-05-02,2017-05-02
7711005555335786776,7711005555335786776,,BEL,2,1027.1,2017-01-22,2017-07-20
7711006418633769191,7711006418633769191,,POL,1,258.56,2016-01-10,2016-01-10
7711342396615882897,7711342396615882897,,NOR,4,3815.11,2016-06-21,2017-07-06
7715439758446523241,7715439758446523241,,PRT,1,0.0,2015-12-10,2015-12-10
7715796697461125696,7715796697461125696,,FRA,53,12011.01,2015-09-17,2016-12-21
7719291173815431491,7719291173815431491,,FRA,1,120.0,2017-03-15,2017-03-15
7723186646816619739,7723186646816619739,,PRT,1,35.0,2017-03-08,2017-03-08
7724098019682644965,7724098019682644965,,UKR,7,2346.8,2015-09-01,2017-07-13
7725069772398002084,7725069772398002084,,PRT,1,65.0,2017-04-08,2017-04-08
7727648853299293426,7727648853299293426,,PRT,3,817.8,2015-10-09,2016-01-29
7728889044612821477,7728889044612821477,,PRT,1,0.0,2016-03-22,2016-03-22
7729499071537087553,7729499071537087553,,GRC,1,272.0,2016-12-04,2016-12-04
7730523277812153380,7730523277812153380,,FIN,1,195.0,2016-11-28,2016-11-28
7731308948422686167,7731308948422686167,,NLD,2,556.0,2015-09-17,2015-09-17
7732390899174999521,7732390899174999521,,GBR,6,675.0,2017-03-15,2017-03-18
7737822005793731497,7737822005793731497,,AUT,2,1272.01,2016-10-11,2016-10-15
7738520995584456922,7738520995584456922,,SWE,1,582.25,2016-06-16,2016-06-16
7739331965213838046,7739331965213838046,,PRT,1,352.0,2016-02-15,2016-02-15
7740141436143668884,7740141436143668884,,CHN,1,119.0,2016-09-19,2016-09-19
7740195581731468530,7740195581731468530,,POL,2,636.0,2016-04-08,2016-07-02
7741452259782857546,7741452259782857546,,AUS,2,1071.3000000000002,2016-09-20,2017-04-24
7743846101449745186,7743846101449745186,,KWT,1,400.72,2017-07-06,2017-07-06
7744690184309315124,7744690184309315124,,PRT,1,1113.0,2017-08-14,2017-08-14
7747331701082374014,7747331701082374014,,PRT,14,2171.2,2015-10-07,2015-11-11
7750223346722636859,7750223346722636859,,JEY,1,252.0,2017-05-20,2017-05-20
7750433322590972478,7750433322590972478,,SAU,35,25039.59,2016-01-03,2017-08-31
7751304298271816520,7751304298271816520,,PRT,5,1328.8,2016-05-14,2016-09-26
7751745797454369617,7751745797454369617,,JOR,6,1918.3,2016-04-05,2017-07-08
7753086371270843127,7753086371270843127,,GEO,1,385.2,2016-08-26,2016-08-26
7761360648335960092,7761360648335960092,,GRC,1,255.0,2016-11-21,2016-11-21
7761958922522695915,7761958922522695915,,FRA,1,120.0,2016-10-12,2016-10-12
7762730098202355341,7762730098202355341,,BRA,1,120.0,2017-03-15,2017-03-15
7763174901527467951,7763174901527467951,,PRT,1,119.7,2017-07-11,2017-07-11
7763971130448456259,7763971130448456259,,GNB,4,1380.04,2016-02-28,2016-03-04
7765547506511652548,7765547506511652548,,IRL,8,3729.93,2015-07-01,2015-10-25
7766670555543359417,7766670555543359417,,USA,72,38224.13,2015-07-10,2017-08-29
7766672077270639858,7766672077270639858,,NLD,1,0.0,2016-04-18,2016-04-18
7769606902921594977,7769606902921594977,,IMN,2,963.9,2016-05-05,2017-04-13
7770974922265370801,7770974922265370801,,FIN,2,576.0,2017-03-28,2017-03-28
7772884355064850446,7772884355064850446,,NOR,1,153.0,2015-08-26,2015-08-26
7773645671014660770,7773645671014660770,,UNK,1,35.0,2017-03-13,2017-03-13
7775687507911066374,7775687507911066374,,SVN,1,380.0,2016-05-02,2016-05-02
7775833429637449942,7775833429637449942,,CHN,3,450.0,2016-05-15,2016-05-15
7777595933059930734,7777595933059930734,,GBR,1,438.0,2016-09-29,2016-09-29
7777746796156203304,7777746796156203304,,AZE,1,108.0,2017-03-23,2017-03-23
7777878961456051667,7777878961456051667,,DEU,29,23009.86,2016-03-16,2017-08-31
7782516661933952017,7782516661933952017,,AGO,54,20703.02,2015-08-06,2017-05-19
7789285809197410130,7789285809197410130,,FRA,1,90.0,2015-11-11,2015-11-11
7790595402105224189,7790595402105224189,,POL,2,468.0,2016-03-13,2016-03-13
7792645372686396843,7792645372686396843,,AUT,7,1713.02,2015-12-29,2017-04-23
7792724304318369816,7792724304318369816,,UNK,2,82.4,2017-02-08,2017-03-13
7793660816612165163,7793660816612165163,,ITA,5,2988.0,2017-04-17,2017-04-19
7798330703401445066,7798330703401445066,,ESP,11,3280.0,2017-02-15,2017-02-15
7798413980466779424,7798413980466779424,,USA,4,1352.04,2017-06-14,2017-07-12
7798744557472336891,7798744557472336891,,MAR,3,853.92,2015-09-15,2017-01-12
7798814872302464214,7798814872302464214,,PRT,1,134.0,2015-09-09,2015-09-09
7799746602229580936,7799746602229580936,,PRT,4,1564.9899999999998,2016-12-02,2017-08-19
7800590179600280579,7800590179600280579,,GBR,3,469.52,2016-04-07,2017-01-26
7802300793507837552,7802300793507837552,,HUN,2,0.0,2017-02-13,2017-05-23
7802524865337168342,7802524865337168342,,SWE,10,9917.89,2015-07-23,2017-07-12
7803283096624403600,7803283096624403600,,BEL,169,96496.4,2015-07-03,2017-08-27
7803789175162916018,7803789175162916018,,POL,304,141741.32,2015-08-05,2017-08-27
7807079371866467672,7807079371866467672,,PRT,40,12452.199999999999,2016-04-21,2017-08-31
7807403172349971159,7807403172349971159,,PRT,7,1936.5,2017-03-26,2017-04-01
7808424516917563896,7808424516917563896,,DNK,1,213.0,2016-01-19,2016-01-19
7810769013338389125,7810769013338389125,,PRT,4,2319.2999999999997,2015-08-03,2016-05-14
7811337041333625035,7811337041333625035,,PRT,1,45.0,2016-11-29,2016-11-29
7812335503163162238,7812335503163162238,,ESP,2,3829.0,2017-08-10,2017-08-10
7817120130341068034,7817120130341068034,,PRT,2,490.0,2016-04-19,2016-06-15
7820036590357860993,7820036590357860993,,PRT,3,112.0,2016-01-13,2017-05-15
7820065617928048843,7820065617928048843,,ROU,5,2577.2,2015-07-11,2017-08-25
7820846397338770008,7820846397338770008,,LTU,3,909.0,2015-11-02,2016-03-17
7822378848753321202,7822378848753321202,,HRV,1,386.75,2017-05-29,2017-05-29
7826420060596312609,7826420060596312609,,SRB,1,483.28000000000003,2016-10-31,2016-10-31
7827548613317246490,7827548613317246490,,MOZ,1,396.0,2016-03-02,2016-03-02
7827984882954627894,7827984882954627894,,CHL,1,688.5,2017-08-19,2017-08-19
7828448884957861686,7828448884957861686,,JPN,2,614.04,2015-12-07,2017-06-30
7828807806429964987,7828807806429964987,,SWE,1,300.0,2017-04-05,2017-04-05
7829295897733728395,7829295897733728395,,PRT,1,930.0,2015-08-11,2015-08-11
7829686917119435141,7829686917119435141,,GBR,1,210.60000000000002,2017-05-29,2017-05-29
7829903215849628849,7829903215849628849,,PRT,8,2770.0,2016-05-16,2016-05-17
7831372280879999117,7831372280879999117,,ESP,55,39583.020000000004,2015-07-19,2017-08-28
7833482494622631162,7833482494622631162,,FRA,4,1465.1599999999999,2015-08-17,2015-09-30
7833612689235154978,7833612689235154978,,PRT,2,1690.0,2016-08-28,2016-08-28
7834760209003374338,7834760209003374338,,CHE,2,2257.85,2015-07-05,2016-07-14
7835053640392439273,7835053640392439273,,DEU,24,8770.75,2016-03-26,2017-08-24
7839779916547528224,7839779916547528224,,PRT,2,100.0,2017-01-12,2017-01-12
7843842061843345649,7843842061843345649,,LTU,1,496.0,2017-04-19,2017-04-19
7845240212950176829,7845240212950176829,,DEU,1,1370.3799999999999,2015-08-05,2015-08-05
7846162237489929254,7846162237489929254,,TUN,3,1332.56,2015-08-12,2017-08-24
7846588398103699732,7846588398103699732,,MNE,1,300.0,2016-11-28,2016-11-28
7849226376040603935,7849226376040603935,,PRT,1,0.0,2017-07-16,2017-07-16
7849763447613445703,7849763447613445703,,HUN,1,852.8499999999999,2017-08-09,2017-08-09
7850193479704318532,7850193479704318532,,PRT,1,130.0,2017-02-15,2017-02-15
7851237982116591160,7851237982116591160,,PRT,12,8323.35,2016-05-31,2017-07-15
7852209604091144392,7852209604091144392,,FIN,2,181.9,2016-08-25,2016-08-25
7852368819690030904,7852368819690030904,,USA,25,7149.96,2015-09-25,2016-07-22
7856229872955311801,7856229872955311801,,FRA,1,957.0,2016-08-04,2016-08-04
7857810123456265578,7857810123456265578,,ESP,3,361.9,2015-10-26,2015-11-20
7858303237084555725,7858303237084555725,,IRL,1,559.3000000000001,2016-09-03,2016-09-03
7859632842711375537,7859632842711375537,,BEL,1,404.36,2017-07-24,2017-07-24
7863252959975126849,7863252959975126849,,NLD,4,1133.1999999999998,2015-10-11,2017-06-29
7863420270948576679,7863420270948576679,,BRA,2,192.0,2017-04-18,2017-04-18
7865232820987847267,7865232820987847267,,DNK,8,5238.1,2016-04-23,2016-09-24
7865518088255217763,7865518088255217763,,NLD,2,597.6,2017-06-04,2017-08-31
7868285336952958308,7868285336952958308,,PRT,52,4454.0,2015-12-11,2017-08-23
7870078728045081463,7870078728045081463,,AGO,6,3828.46,2015-08-18,2015-11-23
7870761228176084430,7870761228176084430,,ESP,2161,845243.89,2015-08-05,2017-08-30
7870923006987765616,7870923006987765616,,GBR,1,61.0,2016-02-17,2016-02-17
7872153108321923090,7872153108321923090,,NCL,1,702.0,2017-05-15,2017-05-15
7873895648537525116,7873895648537525116,,ESP,1,143.2,2017-08-20,2017-08-20
7874220693503450434,7874220693503450434,,ISR,230,86033.69,2015-08-05,2017-08-27
7874636889314758637,7874636889314758637,,DEU,6,1193.0,2016-04-04,2017-04-08
7876421492252040193,7876421492252040193,,GBR,7,2342.61,2015-11-07,2015-11-08
7876747705294572960,7876747705294572960,,ISL,9,5010.21,2016-05-21,2017-06-12
7877867222405360568,7877867222405360568,,ITA,1,144.0,2017-05-01,2017-05-01
7882366699877797027,7882366699877797027,,CHE,2,375.0,2016-11-20,2016-11-21
7883262772603272006,7883262772603272006,,CHE,33,2146.5,2015-09-09,2017-06-20
7884232458076168365,7884232458076168365,,BEL,1,242.25,2016-05-17,2016-05-17
7885886628842018746,7885886628842018746,,MYT,2,1480.5,2017-06-25,2017-08-05
7886808455717337635,7886808455717337635,,AUT,2,681.0,2016-04-30,2017-03-05
7886887395786440045,7886887395786440045,,PRT,2,129.0,2016-01-13,2016-04-20
7888161775234878894,7888161775234878894,,PRT,1,160.0,2016-03-17,2016-03-17
7890552859700235283,7890552859700235283,,FRA,5,930.0,2017-03-10,2017-03-10
7892779094351655702,7892779094351655702,,CPV,1,109.65,2016-10-13,2016-10-13
7893396350298635786,7893396350298635786,,HUN,3,3056.18,2017-04-08,2017-07-30
7897372249992238112,7897372249992238112,,GBR,1345,751452.64,2015-07-01,2017-08-31
7899009430455649955,7899009430455649955,,GBR,1,145.0,2016-09-19,2016-09-19
7901858638546271380,7901858638546271380,,PRT,6,776.0,2016-02-11,2017-06-01
7904384754189955245,7904384754189955245,,ITA,218,129442.82,2015-07-18,2017-08-31
7908182500457826468,7908182500457826468,,FRA,1,242.0,2016-08-18,2016-08-18
7908809049380790386,7908809049380790386,,ESP,89,23858.96,2015-09-05,2017-08-30
7911021170739927386,7911021170739927386,,TUR,129,52545.64,2015-09-20,2017-08-21
7911210148850195134,7911210148850195134,,GBR,1,133.5,2015-10-15,2015-10-15
7917304642727910284,7917304642727910284,,ROU,1,1736.4,2015-07-23,2015-07-23
7920836144399088533,7920836144399088533,,PRT,1,0.0,2016-10-03,2016-10-03
7921238623918208596,7921238623918208596,,ESP,15,8100.34,2015-09-04,2017-08-31
7921472508297921405,7921472508297921405,,PRT,1,45.0,2017-04-18,2017-04-18
7923905070557058918,7923905070557058918,,ESP,1,436.0,2015-10-19,2015-10-19
7925409256474907624,7925409256474907624,,BIH,6,2398.2,2016-10-25,2017-04-01
7928045343996442453,7928045343996442453,,FRA,1,1305.18,2015-09-30,2015-09-30
7929860952012078010,7929860952012078010,,AUT,3,380.0,2016-10-10,2016-10-20
7930299116567429580,7930299116567429580,,PRI,1,39.0,2016-05-03,2016-05-03
7935284328822469484,7935284328822469484,,GBR,4,0.0,2016-06-08,2017-05-15
7936082454537132946,7936082454537132946,,STP,2,344.0,2015-08-20,2017-05-18
7937929846460822695,7937929846460822695,,FRA,1,580.0,2015-12-29,2015-12-29
7939092143775021406,7939092143775021406,,FRA,1,144.0,2015-09-12,2015-09-12
7939183877894328501,7939183877894328501,,IRL,1,71.1,2015-12-29,2015-12-29
7939519611551779111,7939519611551779111,,PRT,1,48.0,2015-11-09,2015-11-09
7940291393930213629,7940291393930213629,,PRT,2,84.0,2016-04-05,2016-04-05
7940977540809753888,7940977540809753888,,PRT,2,460.0,2017-06-26,2017-06-26
7941165580924631330,7941165580924631330,,PRT,48,12432.51,2015-07-13,2016-03-01
7942286689394856773,7942286689394856773,,FRA,2,799.0,2015-10-18,2016-05-13
7942564565570926318,7942564565570926318,,PRT,17,3616.9,2016-11-21,2017-08-29
7945097805236358766,7945097805236358766,,UNK,3,480.15999999999997,2016-04-11,2017-04-30
7945419259925547481,7945419259925547481,,IND,5,1699.74,2016-04-17,2017-05-25
7947673746711932016,7947673746711932016,,PRT,29,9831.89,2016-09-20,2017-08-25
7949771614974243250,7949771614974243250,,ALB,1,565.0,2016-06-05,2016-06-05
7950630300208785261,7950630300208785261,,ESP,33,10272.44,2016-08-04,2017-08-21
7952804569333169314,7952804569333169314,,ITA,2,190.0,2016-10-10,2017-03-15
7955904374625749172,7955904374625749172,,ESP,2,201.70999999999998,2015-07-05,2017-08-25
7955924300695922113,7955924300695922113,,IRL,1,540.54,2015-09-11,2015-09-11
7956306941362110450,7956306941362110450,,PRT,4,339.95000000000005,2015-09-23,2015-12-28
7956817253779489742,7956817253779489742,,PRT,1,441.0,2017-06-18,2017-06-18
7959059916914814176,7959059916914814176,,ESP,4,1711.6999999999998,2016-04-13,2016-12-30
7959641901579643518,7959641901579643518,,GBR,1,95.0,2017-06-08,2017-06-08
7961456096220271965,7961456096220271965,,ESP,2,128.0,2016-02-05,2016-02-12
7962538381814321401,7962538381814321401,,AUT,1,285.81,2016-03-12,2016-03-12
7964844255383843557,7964844255383843557,,IRL,13,7797.84,2015-07-08,2015-09-27
7967765245194493592,7967765245194493592,,FRA,2,462.24,2016-08-26,2016-11-14
7968107630982847120,7968107630982847120,,PRT,5,384.0,2015-10-21,2016-07-26
7969229847260890183,7969229847260890183,,FRA,7,566.0,2016-04-26,2016-05-17
7972535406470917832,7972535406470917832,,NLD,2,283.0,2016-03-01,2017-03-14
7975760455980540367,7975760455980540367,,PRT,2,80.0,2016-03-09,2016-03-09
7975874518013002812,7975874518013002812,,KOR,1,120.0,2016-10-16,2016-10-16
7977229685217103119,7977229685217103119,,PRT,13,2337.0,2015-11-20,2016-12-05
7977570550107012792,7977570550107012792,,PRT,5,279.0,2015-12-15,2017-04-18
7977870907790318531,7977870907790318531,,ESP,2,1180.0,2017-03-18,2017-07-14
7979117548128216943,7979117548128216943,,UNK,3,123.4,2016-01-13,2016-11-28
7981110741371566480,7981110741371566480,,FRA,3,755.0,2016-09-12,2016-10-18
7982518887152449197,7982518887152449197,,PRT,2,416.0,2017-05-27,2017-05-27
7983589834354658815,7983589834354658815,,PRT,2,225.0,2016-11-23,2016-11-23
7987451710268416955,7987451710268416955,,ITA,1,468.0,2016-09-17,2016-09-17
7988789056302063321,7988789056302063321,,USA,17,3851.87,2015-10-04,2016-12-22
7992032174589274321,7992032174589274321,,ESP,3,324.0,2015-11-20,2017-03-18
7994398905445516021,7994398905445516021,,PRT,1,34.2,2017-03-01,2017-03-01
7994885942723873100,7994885942723873100,,PRT,1,362.1,2016-06-29,2016-06-29
7999397194594998983,7999397194594998983,,FRA,2,240.0,2016-12-10,2016-12-11
8001362093342773295,8001362093342773295,,PRT,35,4340.0,2015-07-02,2015-10-29
8001623388283113823,8001623388283113823,,NZL,1,470.0,2016-11-06,2016-11-06
8002527691546845073,8002527691546845073,,UNK,2,0.0,2016-12-06,2017-04-10
8002666552491408119,8002666552491408119,,CHE,1,181.0,2016-05-19,2016-05-19
8003963822591645829,8003963822591645829,,GBR,1,270.0,2017-08-29,2017-08-29
8006254953570929007,8006254953570929007,,URY,14,5888.52,2016-04-27,2017-08-16
8008133178065714700,8008133178065714700,,ESP,4,429.0,2015-12-02,2017-08-09
8009150315091508423,8009150315091508423,,PRT,3,422.0,2015-10-04,2016-04-09
8011070437226264417,8011070437226264417,,PRT,1,93.0,2017-02-09,2017-02-09
8011381100058887724,8011381100058887724,,COM,1,71.61,2016-02-15,2016-02-15
8012043787292561841,8012043787292561841,,AUS,2,1677.04,2017-04-19,2017-04-19
8012189759981650785,8012189759981650785,,UNK,1,50.0,2016-02-03,2016-02-03
8013932776111613793,8013932776111613793,,FRA,8,1238.0,2015-09-14,2015-09-14
8015625042906876172,8015625042906876172,,AGO,9,4365.0,2016-02-24,2017-08-24
8017108536874490039,8017108536874490039,,CHN,2,280.0,2016-08-19,2016-08-19
8017661595320672321,8017661595320672321,,MEX,1,250.0,2017-07-27,2017-07-27
8019366853613845541,8019366853613845541,,FRA,1,91.0,2016-03-02,2016-03-02
8019721393697507962,8019721393697507962,,NLD,2,772.0,2017-03-29,2017-03-29
8020320008664145734,8020320008664145734,,PRT,1,222.0,2015-11-02,2015-11-02
8021260994889820185,8021260994889820185,,SGP,1,260.7,2016-12-24,2016-12-24
8023913046178078426,8023913046178078426,,PRT,1,35.0,2017-03-29,2017-03-29
8027895420526369219,8027895420526369219,,MCO,3,805.0,2016-02-27,2017-02-02
8029755552799609956,8029755552799609956,,CZE,1,531.3,2017-05-12,2017-05-12
8029913648964683811,8029913648964683811,,PRT,8,3204.1,2015-10-03,2017-05-20
8030193599681665928,8030193599681665928,,PRT,1,178.0,2016-03-16,2016-03-16
8031225976457348919,8031225976457348919,,USA,1,633.0,2016-05-23,2016-05-23
8031362607034961352,8031362607034961352,,PRT,73,8329.05,2015-10-24,2017-07-07
8036491213429962001,8036491213429962001,,PRT,37,14391.2,2016-04-20,2017-08-16
8041253565622410095,8041253565622410095,,MEX,3,2145.0,2016-07-08,2017-07-19
8041563793960236797,8041563793960236797,,ESP,7,872.0,2015-09-14,2017-02-23
8043504653964624105,8043504653964624105,,PRT,1,120.0,2015-11-27,2015-11-27
8044376180310812714,8044376180310812714,,ISR,3,1038.4,2016-09-11,2017-08-22
8049301204091453692,8049301204091453692,,URY,2,454.5,2017-05-07,2017-05-12
8053171124890039310,8053171124890039310,,USA,1,951.0,2016-07-31,2016-07-31
8053997725066025121,8053997725066025121,,SVK,1,150.0,2016-11-21,2016-11-21
8056229057833224607,8056229057833224607,,GBR,2,850.89,2016-12-30,2017-04-28
8061579113984090981,8061579113984090981,,PRT,2,155.0,2015-12-29,2016-01-21
8067112920439221387,8067112920439221387,,PRI,1,444.0,2016-12-30,2016-12-30
8069841172014028673,8069841172014028673,,SEN,1,240.0,2016-09-30,2016-09-30
8071129961759162067,8071129961759162067,,PRT,1,90.0,2017-03-07,2017-03-07
8074485747426152532,8074485747426152532,,USA,2,375.0,2017-04-04,2017-05-25
8076106771115137438,8076106771115137438,,DEU,1,139.0,2016-03-20,2016-03-20
8078215170231701978,8078215170231701978,,PRT,3,560.0,2016-02-24,2016-02-25
8078964632308365955,8078964632308365955,,FRA,6,1490.0,2015-09-28,2017-04-26
8079029132938632615,8079029132938632615,,GBR,34,15386.01,2016-09-02,2017-07-24
8079513283587196353,8079513283587196353,,USA,7,3218.6,2016-10-14,2017-08-09
8079733067159333635,8079733067159333635,,PRT,1,84.0,2016-05-03,2016-05-03
8080648231654131081,8080648231654131081,,SMR,1,264.6,2015-09-03,2015-09-03
8082647645785650299,8082647645785650299,,NLD,2,141.0,2017-01-06,2017-01-06
8083550999257175148,8083550999257175148,,TWN,2,600.0,2017-07-09,2017-07-09
8084097663510406093,8084097663510406093,,ESP,2,905.6,2015-08-07,2015-08-07
8086479721029180795,8086479721029180795,,ITA,84,27557.29,2015-07-25,2017-04-20
8087617491560658903,8087617491560658903,,GBR,69,19789.96,2015-09-21,2017-08-27
8089719193946974166,8089719193946974166,,GBR,3,546.2,2016-09-24,2017-08-03
8091008480308578738,8091008480308578738,,ESP,6,5165.0,2016-06-04,2017-08-08
8091242513021074271,8091242513021074271,,DNK,11,5117.21,2015-07-10,2017-07-18
8092776515333309078,8092776515333309078,,PRT,53,23900.88,2015-08-01,2017-08-19
8096401941615239400,8096401941615239400,,PRT,1,41.0,2016-02-01,2016-02-01
8096478187258585975,8096478187258585975,,DNK,1,260.0,2016-05-17,2016-05-17
8097958348072155796,8097958348072155796,,ISR,1,152.0,2015-09-18,2015-09-18
8098222561301689038,8098222561301689038,,MDV,1,516.0,2016-11-16,2016-11-16
8099317848582271379,8099317848582271379,,LAO,2,909.99,2017-08-09,2017-08-10
8099711547297842632,8099711547297842632,,PRT,1,2609.49,2017-08-27,2017-08-27
8101472440186244391,8101472440186244391,,ITA,6,1535.02,2016-11-18,2016-11-21
8101713478322344113,8101713478322344113,,DNK,20,10208.45,2015-10-19,2017-08-17
8103039426182649777,8103039426182649777,,ALB,1,428.0,2015-07-24,2015-07-24
8103346389806041880,8103346389806041880,,RUS,3,571.8,2017-03-21,2017-08-15
8104733967988564748,8104733967988564748,,PRT,1,137.6,2016-02-29,2016-02-29
8106640565931402076,8106640565931402076,,GBR,6,1562.6,2016-02-21,2016-05-27
8107146195466821344,8107146195466821344,,BLR,1,283.0,2016-01-19,2016-01-19
8107476044118948015,8107476044118948015,,PRT,3,118.0,2016-01-19,2016-03-10
8108477154531837376,8108477154531837376,,MAR,3,1050.0,2017-02-05,2017-02-05
8110208365165874892,8110208365165874892,,BEL,3,980.0,2016-10-02,2017-02-23
8110317818143205854,8110317818143205854,,CHE,1,240.0,2017-03-13,2017-03-13
8110844711581840021,8110844711581840021,,AUS,1,237.0,2016-03-14,2016-03-14
8113443127674839204,8113443127674839204,,PRT,35,6838.05,2017-05-20,2017-08-26
8113984413750377762,8113984413750377762,,PRT,17,4204.38,2015-09-19,2017-08-29
8118002229088467771,8118002229088467771,,AUS,1,100.0,2017-02-15,2017-02-15
8119058213718191832,8119058213718191832,,FRA,1,268.0,2017-04-03,2017-04-03
8119712734420505825,8119712734420505825,,IRL,1,876.8000000000001,2017-06-04,2017-06-04
8123995408599437664,8123995408599437664,,FRA,1,950.8100000000001,2016-06-09,2016-06-09
8124041215996117825,8124041215996117825,,CZE,2,284.0,2016-01-19,2016-01-19
8127871005548431694,8127871005548431694,,ESP,1,1203.8,2016-07-25,2016-07-25
8131535580511822498,8131535580511822498,,DEU,10,2909.0,2016-03-01,2016-03-11
8132250349657405328,8132250349657405328,,KOR,1,243.36,2016-09-09,2016-09-09
8135206158363910677,8135206158363910677,,QAT,1,210.0,2016-06-17,2016-06-17
8136981263417098749,8136981263417098749,,DEU,28,10334.710000000001,2016-03-30,2017-03-23
8139507774513876790,8139507774513876790,,FIN,13,2783.27,2015-07-16,2017-06-24
8141505180614535816,8141505180614535816,,PRT,1,50.0,2017-03-24,2017-03-24
8141809167683538044,8141809167683538044,,PRT,3,78.4,2016-11-02,2017-03-06
8143254551188805096,8143254551188805096,,NOR,1,330.0,2017-05-14,2017-05-14
8144454832417971571,8144454832417971571,,PRT,2,168.0,2016-04-11,2016-04-11
8145820763476166793,8145820763476166793,,NOR,1,195.0,2017-01-18,2017-01-18
8148394313436153326,8148394313436153326,,GRC,2,302.36,2016-12-02,2016-12-02
8152783438558529189,8152783438558529189,,PRT,2,0.0,2016-06-01,2017-08-28
8159854918420867289,8159854918420867289,,GBR,1,95.0,2017-03-15,2017-03-15
8160449110037014084,8160449110037014084,,PRT,12,7306.29,2016-04-12,2016-10-15
8160918140359001020,8160918140359001020,,ESP,126,21022.86,2015-07-01,2017-08-15
8162421926159140029,8162421926159140029,,GBR,1,209.44,2015-09-26,2015-09-26
8162619731225289607,8162619731225289607,,PRT,1,68.0,2015-09-26,2015-09-26
8164325031637378527,8164325031637378527,,ESP,1,252.0,2017-05-23,2017-05-23
8164458429564047647,8164458429564047647,,GBR,124,32775.08,2015-10-13,2017-03-02
8165434984546396765,8165434984546396765,,PRT,1,84.0,2016-03-30,2016-03-30
8167693131458200004,8167693131458200004,,BRA,2,968.0,2016-07-23,2016-07-23
8174950492282691087,8174950492282691087,,GBR,36,13084.210000000001,2016-09-02,2017-08-17
8176359589923956597,8176359589923956597,,PRT,1,55.0,2016-10-12,2016-10-12
8179725922287512000,8179725922287512000,,PRT,3,570.0,2017-04-04,2017-04-04
8184100001464358656,8184100001464358656,,PRT,2,119.0,2016-11-23,2017-06-07
8186987011501546912,8186987011501546912,,PRT,2,144.0,2015-10-09,2015-10-09
8188431572991246520,8188431572991246520,,GBR,20,2455.02,2017-02-15,2017-02-19
8188936925723315356,8188936925723315356,,ESP,267,63259.31,2015-07-02,2017-08-23
8192188956595749189,8192188956595749189,,NZL,28,7917.67,2015-11-02,2017-07-09
8198647653267177462,8198647653267177462,,DEU,12,2688.0,2017-03-11,2017-03-19
8199009920490149286,8199009920490149286,,PRT,1,563.5,2015-07-05,2015-07-05
8199263841988292975,8199263841988292975,,EGY,20,11268.06,2015-12-26,2017-08-11
8199586838998719881,8199586838998719881,,PRT,4,227.2,2016-12-19,2017-07-11
8200811050369928250,8200811050369928250,,LTU,1,1253.7,2015-09-11,2015-09-11
8201353851805280448,8201353851805280448,,OMN,2,719.0,2016-02-17,2016-04-17
8202622777116255923,8202622777116255923,,POL,1,648.0,2017-04-28,2017-04-28
8206309857650701715,8206309857650701715,,PRT,4,896.4,2015-11-09,2015-12-23
8207284512506886195,8207284512506886195,,PRT,4,740.0,2017-04-23,2017-05-04
8211626110588838909,8211626110588838909,,PRT,1,107.95,2017-06-29,2017-06-29
8212883698272589404,8212883698272589404,,FIN,1,260.0,2015-10-20,2015-10-20
8213064634058845594,8213064634058845594,,PRT,1,35.0,2017-01-19,2017-01-19
8221788322089562002,8221788322089562002,,NLD,1,170.0,2016-05-14,2016-05-14
8225076923131248913,8225076923131248913,,VEN,1,220.0,2016-05-24,2016-05-24
8225325552466267543,8225325552466267543,,UNK,1,35.0,2017-01-25,2017-01-25
8225983393023160464,8225983393023160464,,PRT,1,30.0,2016-03-10,2016-03-10
8227047279034253384,8227047279034253384,,AUS,1,181.9,2016-05-16,2016-05-16
8229173452987739080,8229173452987739080,,CHE,1,336.6,2016-12-26,2016-12-26
8229388731008766767,8229388731008766767,,PRT,1,456.0,2015-07-13,2015-07-13
8232604115360124544,8232604115360124544,,NLD,4,512.0,2016-05-23,2016-07-20
8237640494692699850,8237640494692699850,,BIH,1,561.5999999999999,2017-05-28,2017-05-28
8238275916368149416,8238275916368149416,,AUT,1,747.0,2016-08-15,2016-08-15
8239895337688169266,8239895337688169266,,USA,1,288.0,2015-11-07,2015-11-07
8242733846764650520,8242733846764650520,,ESP,4,1351.5,2015-11-06,2016-08-15
8243364974069270293,8243364974069270293,,DEU,47,16473.64,2016-02-28,2017-08-23
8243747429490691352,8243747429490691352,,IRL,1,120.0,2017-03-15,2017-03-15
8243796433820233381,8243796433820233381,,FRA,1,238.0,2016-03-18,2016-03-18
8244901104070355925,8244901104070355925,,VEN,1,107.0,2016-03-18,2016-03-18
8245746657460206386,8245746657460206386,,NOR,1,320.4,2017-08-02,2017-08-02
8248124043200093394,8248124043200093394,,GBR,36,15665.5,2015-08-02,2016-07-14
8248911766004638616,8248911766004638616,,UNK,113,43745.25,2015-07-01,2017-04-12
8248937571028703415,8248937571028703415,,NLD,1,789.0,2015-07-31,2015-07-31
8249732803016239320,8249732803016239320,,BGR,1,575.0,2017-08-20,2017-08-20
8249959906176359219,8249959906176359219,,PRT,1,80.0,2016-05-09,2016-05-09
8250011000035447341,8250011000035447341,,PRT,1,39.0,2016-02-02,2016-02-02
8250368313739859303,8250368313739859303,,ABW,1,630.72,2016-06-27,2016-06-27
8250615261357717662,8250615261357717662,,ROU,1,144.0,2016-10-06,2016-10-06
8251006323061736254,8251006323061736254,,AGO,1,198.4,2016-03-30,2016-03-30
8253448299451562942,8253448299451562942,,EST,1,225.0,2017-02-17,2017-02-17
8253733180303561170,8253733180303561170,,BRA,2,560.32,2016-09-14,2016-09-24
8253880678857753017,8253880678857753017,,PRT,13,1650.0,2016-03-01,2017-04-26
8257846954361424356,8257846954361424356,,DEU,1,100.0,2017-07-12,2017-07-12
8258118146548197380,8258118146548197380,,PRT,1,95.0,2017-03-14,2017-03-14
8259135993279377214,8259135993279377214,,POL,1,482.02,2016-07-07,2016-07-07
8260355516836481637,8260355516836481637,,ESP,1,380.0,2016-05-02,2016-05-02
8261479895468705160,8261479895468705160,,UNK,1,25.0,2015-12-17,2015-12-17
8261588956851897714,8261588956851897714,,UNK,1,0.0,2017-02-01,2017-02-01
8264904640111269181,8264904640111269181,,FRA,1,330.0,2016-12-10,2016-12-10
8265659248967642038,8265659248967642038,,AIA,1,1060.0,2016-07-08,2016-07-08
8266635337575807920,8266635337575807920,,AUT,31,9454.61,2015-09-06,2017-08-16
8270273126478101285,8270273126478101285,,PRT,2,83.0,2016-01-08,2016-02-26
8273199380519792197,8273199380519792197,,FRA,23,8021.68,2015-09-20,2017-07-29
8273899709629099690,8273899709629099690,,IRL,3,999.6,2016-06-12,2016-09-18
8275332313507690034,8275332313507690034,,ESP,10,1848.15,2015-11-20,2016-07-05
8275659596860365397,8275659596860365397,,DEU,1,228.0,2016-02-28,2016-02-28
8276827332213378150,8276827332213378150,,DNK,2,1098.63,2017-07-08,2017-07-08
8277754617419268553,8277754617419268553,,USA,1,153.0,2015-07-05,2015-07-05
8278950889875760597,8278950889875760597,,PRT,1,65.0,2016-06-21,2016-06-21
8281923183661068634,8281923183661068634,,PRT,2,434.5,2017-03-29,2017-06-20
8282742322287080855,8282742322287080855,,IRL,9,2385.52,2016-04-09,2016-10-06
8284948495823639995,8284948495823639995,,MAR,2,712.22,2016-03-04,2016-05-30
8287358054353797583,8287358054353797583,,AUT,1,230.0,2017-07-05,2017-07-05
8287428188003772721,8287428188003772721,,CHE,1,75.0,2015-08-08,2015-08-08
8288441738715866540,8288441738715866540,,GBR,1,260.0,2017-05-17,2017-05-17
8290520414191185790,8290520414191185790,,COL,1,350.0,2015-11-23,2015-11-23
8291033135700964423,8291033135700964423,,TUR,2,458.96999999999997,2016-06-08,2016-11-16
8292829277313788034,8292829277313788034,,AGO,2,616.0,2017-01-20,2017-01-21
8293117222991425860,8293117222991425860,,CHE,4,1281.3,2016-07-19,2017-04-17
8293682192672449047,8293682192672449047,,PRT,2,500.0,2016-10-23,2016-10-23
8294084455507439904,8294084455507439904,,AUT,1,244.8,2017-07-13,2017-07-13
8297896438202561945,8297896438202561945,,FRA,1,120.0,2017-03-18,2017-03-18
8300682132931602879,8300682132931602879,,NOR,1,186.5,2016-07-25,2016-07-25
8301072448381292790,8301072448381292790,,UNK,5,463.4,2016-03-22,2017-02-21
8304295383681607214,8304295383681607214,,ROU,2,1409.25,2017-05-02,2017-08-03
8304949674297736714,8304949674297736714,,GRC,1,336.0,2016-02-04,2016-02-04
8305143780658541071,8305143780658541071,,FRA,1,126.0,2016-07-23,2016-07-23
8307441063634619184,8307441063634619184,,BEL,1037,447255.52,2015-08-02,2017-08-29
8312352846651848686,8312352846651848686,,DEU,8,7507.12,2015-07-02,2015-09-28
8316336483963563545,8316336483963563545,,AUS,13,5140.03,2017-05-15,2017-08-12
8316472003543593443,8316472003543593443,,ESP,9,1664.2,2016-03-24,2017-02-23
8318432384628935781,8318432384628935781,,POL,1,678.16,2016-09-10,2016-09-10
8319246968837531231,8319246968837531231,,PRT,3,141.0,2015-08-29,2016-03-23
8321863059188792665,8321863059188792665,,PRT,3,855.0,2016-03-04,2017-06-06
8322180800381305770,8322180800381305770,,PRT,1,216.0,2015-09-30,2015-09-30
8324263932781233258,8324263932781233258,,GBR,2,140.0,2016-05-15,2016-05-15
8325181800703283232,8325181800703283232,,PRT,17,20684.8,2017-03-01,2017-03-16
8326217124132113092,8326217124132113092,,IND,2,500.0,2016-04-13,2016-07-08
8326846961538872534,8326846961538872534,,ITA,7,1405.0500000000002,2015-12-29,2016-12-08
8327141269339727920,8327141269339727920,,PRT,1,114.0,2017-02-22,2017-02-22
8328358479176990043,8328358479176990043,,DEU,1,356.0,2017-03-13,2017-03-13
8330038493846107181,8330038493846107181,,PRT,2,660.0,2016-06-20,2016-06-20
8330159986312351018,8330159986312351018,,FRA,37,8893.51,2015-10-18,2016-04-23
8330587865380018532,8330587865380018532,,UNK,3,117.0,2015-10-14,2016-01-20
8332552097682625680,8332552097682625680,,FRA,1,170.0,2016-12-02,2016-12-02
8333345337575339112,8333345337575339112,,FRA,2,923.8399999999999,2016-02-14,2016-09-22
8334765490025772183,8334765490025772183,,IRL,2,1898.0499999999997,2016-08-12,2016-10-21
8334963450318230875,8334963450318230875,,GBR,1,505.0,2016-10-12,2016-10-12
8335019909968646579,8335019909968646579,,FRA,4,2314.0,2015-08-16,2015-10-18
8338339164561512976,8338339164561512976,,PRT,3,1584.5,2016-06-09,2016-08-23
8338413967501203895,8338413967501203895,,GBR,17,8500.0,2015-09-22,2015-09-28
8338807037002938723,8338807037002938723,,PRT,4,920.0,2017-05-04,2017-05-04
8339778295036925275,8339778295036925275,,PRT,6,1203.0,2016-12-30,2017-08-18
8340512381421010397,8340512381421010397,,SGP,15,4892.55,2016-03-09,2017-06-26
8341593663613161288,8341593663613161288,,PRT,1,220.0,2016-09-30,2016-09-30
8343556449001216107,8343556449001216107,,TUN,1,600.0,2016-09-12,2016-09-12
8343857992542943135,8343857992542943135,,PRT,12,2720.0,2016-06-22,2016-06-24
8346646645200781341,8346646645200781341,,BRA,1,390.0,2017-05-08,2017-05-08
8347343042208913890,8347343042208913890,,CHE,4,1060.0,2015-12-25,2017-03-13
8348807542947350033,8348807542947350033,,PRT,3,373.0,2015-11-27,2015-11-28
8355059345279219515,8355059345279219515,,PRT,1,84.0,2016-05-03,2016-05-03
8356224212319617465,8356224212319617465,,PRT,15,1493.3000000000002,2015-09-04,2017-07-16
8356255808015713234,8356255808015713234,,PRT,2,438.0,2017-03-15,2017-06-02
8358152985039555949,8358152985039555949,,DEU,1,150.0,2016-04-18,2016-04-18
8360385476964370471,8360385476964370471,,USA,1,770.0,2016-09-02,2016-09-02
8360743983544971273,8360743983544971273,,PRT,15,5342.0,2017-01-18,2017-08-29
8361524507801676131,8361524507801676131,,DEU,201,57486.94,2015-07-27,2017-08-16
8363214357118692617,8363214357118692617,,ESP,1,475.0,2016-06-22,2016-06-22
8364377204767904920,8364377204767904920,,GIB,7,5756.51,2016-07-23,2017-08-29
8365684957952802870,8365684957952802870,,FRA,1,474.4,2015-10-25,2015-10-25
8366637459555531368,8366637459555531368,,NLD,1,200.0,2017-04-05,2017-04-05
8367391967709764307,8367391967709764307,,SVN,4,2556.0299999999997,2015-07-24,2017-06-24
8368010934767039300,8368010934767039300,,GBR,1,57.6,2016-10-11,2016-10-11
8368429306219535514,8368429306219535514,,PRT,2,190.5,2017-04-18,2017-07-11
8370582021468988113,8370582021468988113,,POL,1,75.0,2016-09-27,2016-09-27
8374876374808045900,8374876374808045900,,CAF,1,289.68,2017-05-02,2017-05-02
8375212434198506611,8375212434198506611,,ITA,1,158.0,2016-01-26,2016-01-26
8376079704620206979,8376079704620206979,,PRT,44,8854.0,2015-10-05,2016-07-21
8377505910071054916,8377505910071054916,,ZAF,3,336.9,2016-03-08,2016-06-24
8378114982142562980,8378114982142562980,,PRT,62,16455.54,2016-02-14,2017-08-22
8378322335914106410,8378322335914106410,,PRT,1,518.4000000000001,2015-11-02,2015-11-02
8378910434357207551,8378910434357207551,,SWE,1,600.0,2016-03-24,2016-03-24
8379294628454265917,8379294628454265917,,FRA,25,7602.75,2015-12-28,2017-08-17
8382459930722340492,8382459930722340492,,CZE,1,123.0,2015-10-20,2015-10-20
8382589091658241315,8382589091658241315,,USA,1,42.0,2016-12-16,2016-12-16
8383338926611604171,8383338926611604171,,ARG,1,420.0,2015-11-21,2015-11-21
8384027785846881824,8384027785846881824,,SYR,1,208.0,2017-02-11,2017-02-11
8384716701846998934,8384716701846998934,,DEU,1,93.0,2017-03-23,2017-03-23
8387509054897696584,8387509054897696584,,GBR,4,1029.9299999999998,2016-10-16,2017-04-21
8388301952415155697,8388301952415155697,,PRT,1,0.0,2017-08-29,2017-08-29
8388529415019401629,8388529415019401629,,PRT,2,510.0,2017-04-20,2017-04-20
8390211398996433787,8390211398996433787,,IRL,2,459.6,2016-04-01,2017-05-02
8391566752483960956,8391566752483960956,,BEL,4,1043.45,2016-06-24,2017-06-25
8391627596075190384,8391627596075190384,,FRA,1,240.0,2017-08-12,2017-08-12
8392574519678482563,8392574519678482563,,IRL,774,491089.21,2015-07-01,2017-08-30
8393427548694568434,8393427548694568434,,BRA,2,516.9000000000001,2016-12-06,2016-12-06
8393917901023208704,8393917901023208704,,AUT,23,11121.6,2015-10-26,2015-11-12
8394561569728484428,8394561569728484428,,IND,1,98.4,2015-09-16,2015-09-16
8394797374561223653,8394797374561223653,,FRA,1,250.0,2017-08-25,2017-08-25
8395986072857653252,8395986072857653252,,DEU,2,172.0,2016-03-01,2016-03-16
8396014421614176660,8396014421614176660,,IRL,2,578.0,2016-08-08,2016-08-08
8396693336212406598,8396693336212406598,,GBR,1,30.0,2015-12-18,2015-12-18
8399334793403252364,8399334793403252364,,SLV,2,457.7,2016-07-17,2017-08-04
8400070409335885540,8400070409335885540,,CHN,4,904.0,2016-06-17,2017-08-17
8400474896577294031,8400474896577294031,,HRV,2,1233.12,2015-08-19,2015-10-19
8401952825239087430,8401952825239087430,,CHE,2,480.0,2016-05-30,2016-05-30
8408433407560669372,8408433407560669372,,PRT,2,204.0,2016-01-05,2016-02-15
8408593752131277613,8408593752131277613,,POL,1,156.0,2016-06-18,2016-06-18
8408992888354362072,8408992888354362072,,DNK,2,300.0,2016-11-21,2016-11-21
8414347926578674089,8414347926578674089,,FIN,3,2448.68,2015-07-13,2015-07-22
8415354092049125346,8415354092049125346,,DEU,4,3000.0,2017-04-15,2017-04-15
8417078748416549582,8417078748416549582,,IRL,1,240.29999999999998,2017-06-15,2017-06-15
8417249340399703618,8417249340399703618,,UNK,1,36.0,2017-02-06,2017-02-06
8419244452767916528,8419244452767916528,,ROU,2,552.3,2016-09-11,2017-06-11
8420917829137517654,8420917829137517654,,IRL,6,2100.0,2017-04-24,2017-04-24
8421399815524665007,8421399815524665007,,HRV,1,88.56,2017-04-13,2017-04-13
8422169275340936456,8422169275340936456,,DZA,32,19664.47,2015-08-12,2017-08-18
8422466805107796229,8422466805107796229,,AUS,2,370.0,2016-05-04,2017-05-04
8423483469133108435,8423483469133108435,,ITA,2,1082.2,2016-11-06,2017-01-04
8424286578323690466,8424286578323690466,,MAR,1,326.4,2016-05-10,2016-05-10
8426982693895637544,8426982693895637544,,UNK,4,290.0,2015-09-09,2016-05-19
8427206397693646512,8427206397693646512,,ITA,49,15540.1,2015-08-05,2017-07-22
8429134277898009774,8429134277898009774,,SWE,4,1320.0,2016-10-06,2016-10-06
8431682954694508115,8431682954694508115,,ESP,1,260.0,2017-03-07,2017-03-07
8432090093303067396,8432090093303067396,,ESP,1,0.0,2015-09-30,2015-09-30
8435215112402604926,8435215112402604926,,GBR,3,665.0,2016-06-22,2017-04-16
8435661960865535168,8435661960865535168,,ITA,1,88.0,2017-02-23,2017-02-23
8438675675498911946,8438675675498911946,,GBR,3,1640.0,2016-09-02,2016-09-05
8441121813348204910,8441121813348204910,,PRT,1,43.0,2017-01-19,2017-01-19
8441215223578205464,8441215223578205464,,PRT,3,1048.1,2015-12-31,2016-08-19
8442716988196199568,8442716988196199568,,PRT,1,2590.0,2016-08-05,2016-08-05
8447154505439432400,8447154505439432400,,SWE,1,855.01,2017-04-09,2017-04-09
8447800835353979515,8447800835353979515,,ROU,67,60192.3,2015-07-13,2017-08-29
8447963805956068846,8447963805956068846,,DNK,1,208.07999999999998,2016-12-01,2016-12-01
8448274190516275888,8448274190516275888,,POL,3,725.01,2016-11-21,2016-11-21
8449212750774286920,8449212750774286920,,SWE,1,260.0,2017-01-18,2017-01-18
8449491119771695053,8449491119771695053,,PRT,1,109.0,2016-07-19,2016-07-19
8454872821130771124,8454872821130771124,,ITA,2,257.4,2017-08-27,2017-08-27
8455537711581447810,8455537711581447810,,DEU,1,190.0,2016-10-03,2016-10-03
8455637303441569911,8455637303441569911,,ESP,13,2412.0,2015-11-20,2016-12-05
8456923106983697378,8456923106983697378,,TUR,1,112.0,2015-10-04,2015-10-04
8457985006727722841,8457985006727722841,,PRT,2,66.0,2016-02-25,2016-02-25
8459976401771965506,8459976401771965506,,THA,1,36.0,2016-05-30,2016-05-30
8463953780889277931,8463953780889277931,,PRT,4,1560.0,2017-04-19,2017-04-19
8466202031372304998,8466202031372304998,,NZL,2,338.0,2016-05-10,2016-05-10
8466257305047939096,8466257305047939096,,NLD,1,144.0,2015-11-12,2015-11-12
8470071535580931650,8470071535580931650,,IRL,4,1323.0,2017-04-24,2017-06-13
8470965968569845136,8470965968569845136,,LUX,2,1704.0,2015-08-17,2017-08-28
8473347329129596406,8473347329129596406,,OMN,1,162.0,2016-10-06,2016-10-06
8476300185327825130,8476300185327825130,,NLD,7,1632.16,2016-01-13,2016-10-07
8477309716566388743,8477309716566388743,,PRT,2,1440.0,2017-03-11,2017-03-11
8479947421788062336,8479947421788062336,,PHL,4,1454.0,2017-08-04,2017-08-04
8486592134570374779,8486592134570374779,,PRT,2,462.0,2016-11-16,2016-11-16
8489432238584905819,8489432238584905819,,GRC,1,213.0,2016-01-19,2016-01-19
8489637993381648645,8489637993381648645,,JOR,2,597.99,2016-10-16,2017-02-20
8490160040102764247,8490160040102764247,,ISR,11,4187.59,2016-03-11,2017-08-06
8491138692483562682,8491138692483562682,,PRT,1,240.0,2017-06-06,2017-06-06
8494885125539083639,8494885125539083639,,PRT,1,76.0,2016-01-13,2016-01-13
8495335927340970389,8495335927340970389,,ZAF,6,2115.75,2016-02-02,2017-05-10
8495367640218634529,8495367640218634529,,SWE,23,12256.720000000001,2015-07-09,2017-07-28
8497998662005160288,8497998662005160288,,PER,1,420.0,2015-11-21,2015-11-21
8498968814351674531,8498968814351674531,,DEU,1,340.0,2016-09-05,2016-09-05
8501286113449451638,8501286113449451638,,FRA,2,1360.4499999999998,2015-08-29,2016-07-08
8503907279888034361,8503907279888034361,,SWE,342,154946.37,2015-08-25,2017-08-31
8505398469013986493,8505398469013986493,,PRT,1,75.0,2017-06-05,2017-06-05
8505581605272986323,8505581605272986323,,BOL,3,750.0,2016-05-02,2016-05-02
8505742843999637562,8505742843999637562,,FRA,1,92.0,2016-04-26,2016-04-26
8507356697243080100,8507356697243080100,,USA,3,585.0,2016-04-06,2016-07-30
8508991889719591804,8508991889719591804,,IRL,1,294.98,2016-10-29,2016-10-29
8511924610188275871,8511924610188275871,,MEX,1,1076.28,2015-08-09,2015-08-09
8512875430378411574,8512875430378411574,,PRT,37,8663.0,2015-09-19,2016-10-28
8513116800633631421,8513116800633631421,,ITA,2,1218.0,2015-11-03,2015-11-03
8513465943368846804,8513465943368846804,,IRN,1,155.42,2016-06-17,2016-06-17
8515748394208668520,8515748394208668520,,CHN,90,42453.27,2015-07-20,2017-08-31
8516825990564947253,8516825990564947253,,JPN,2,488.4,2017-02-05,2017-04-16
8519693692963605084,8519693692963605084,,MYS,1,201.6,2016-01-05,2016-01-05
8520701245326896713,8520701245326896713,,PRT,1,197.1,2016-08-14,2016-08-14
8521182072492338080,8521182072492338080,,PRT,1,130.0,2017-03-19,2017-03-19
8525046533780891649,8525046533780891649,,GBR,1,402.0,2015-08-07,2015-08-07
8526771721793303331,8526771721793303331,,UNK,1,72.16,2017-04-17,2017-04-17
8529312713824441448,8529312713824441448,,GBR,1,39.0,2016-10-23,2016-10-23
8531224402199611442,8531224402199611442,,BEL,3,765.0,2016-04-27,2016-04-29
8533392611768294743,8533392611768294743,,CHN,1,253.0,2016-10-22,2016-10-22
8533914059125485257,8533914059125485257,,PRT,27,1831.0,2015-07-09,2017-07-11
8535593697487852369,8535593697487852369,,PRT,3,186.0,2015-11-17,2015-11-17
8535988298940754232,8535988298940754232,,AUT,4,1596.7,2015-09-16,2016-08-12
8536019495998349289,8536019495998349289,,PRT,1,368.0,2017-07-03,2017-07-03
8538703104966921655,8538703104966921655,,AUT,1,561.6,2017-07-23,2017-07-23
8539519709929538575,8539519709929538575,,GBR,1,589.5,2015-09-10,2015-09-10
8541189495689645795,8541189495689645795,,ARG,1,444.28999999999996,2016-10-28,2016-10-28
8542596345726304684,8542596345726304684,,PRT,1,81.0,2016-05-02,2016-05-02
8542969555308355337,8542969555308355337,,PRT,22,2370.0,2015-08-12,2016-11-14
8543823636167129463,8543823636167129463,,PRT,6,4692.15,2015-07-16,2015-08-29
8544703720756876621,8544703720756876621,,TUR,1,80.1,2017-08-24,2017-08-24
8546633121773438431,8546633121773438431,,ITA,1,128.0,2016-01-25,2016-01-25
8547405080337168572,8547405080337168572,,PRT,3,66.0,2015-11-07,2015-11-17
8554098431214958698,8554098431214958698,,PRT,1,120.0,2016-10-09,2016-10-09
8557665071009284882,8557665071009284882,,CMR,2,585.19,2016-01-02,2016-10-30
8557876676274727894,8557876676274727894,,ARG,3,1182.44,2016-04-14,2017-07-23
8561422120428497341,8561422120428497341,,USA,7,2484.59,2016-04-29,2017-05-02
8562307657443464434,8562307657443464434,,PRT,76,14994.3,2016-03-09,2017-06-24
8562464103135259639,8562464103135259639,,ESP,8,5516.05,2015-12-09,2016-08-12
8565944391558051097,8565944391558051097,,CRI,8,2356.9,2015-09-14,2017-06-08
8567314575504333314,8567314575504333314,,ARG,1,575.0,2017-08-19,2017-08-19
8571244105288207213,8571244105288207213,,FRA,2,363.0,2016-05-31,2016-05-31
8576092083312679250,8576092083312679250,,ARG,1,140.0,2015-12-10,2015-12-10
8576366025300316903,8576366025300316903,,UKR,1,318.0,2017-05-07,2017-05-07
8576403751414548481,8576403751414548481,,NAM,1,486.44,2016-04-30,2016-04-30
8580393045607402588,8580393045607402588,,PRT,3,204.0,2015-09-02,2017-01-31
8581951292923113916,8581951292923113916,,ESP,1,110.0,2016-05-26,2016-05-26
8583327881796377687,8583327881796377687,,TUR,2,390.0,2017-01-18,2017-01-18
8583527916410894266,8583527916410894266,,PRT,2,520.6,2017-02-07,2017-02-16
8583811414481194469,8583811414481194469,,IND,1,390.0,2016-05-16,2016-05-16
8584394269557190487,8584394269557190487,,CHN,200,88096.55,2015-07-07,2017-08-31
8587297934533284899,8587297934533284899,,ITA,29,6491.85,2015-12-22,2017-03-14
8589470349133562513,8589470349133562513,,PRT,2,132.0,2016-12-05,2016-12-05
8593345453394920747,8593345453394920747,,FRA,1,360.0,2015-09-17,2015-09-17
8593590707723377295,8593590707723377295,,AUT,9,5079.97,2016-03-01,2017-03-22
8596664448889917873,8596664448889917873,,BEL,5,1152.1,2016-05-08,2017-06-15
8597230074347951120,8597230074347951120,,CIV,3,2672.0,2017-04-04,2017-08-02
8598283516526406700,8598283516526406700,,POL,13,3567.42,2015-08-20,2017-04-17
8599078824975502601,8599078824975502601,,PRT,6,2880.0,2016-06-12,2016-11-01
8599253277954883517,8599253277954883517,,PRT,11,1754.0,2016-10-14,2017-05-04
8601734497834825358,8601734497834825358,,PRT,1,65.0,2016-06-21,2016-06-21
8601855874772881129,8601855874772881129,,PRT,97,37899.76,2015-10-11,2016-10-27
8605745693776682275,8605745693776682275,,ITA,1,1443.6000000000001,2017-07-09,2017-07-09
8610675563361427535,8610675563361427535,,GBR,460,152576.05,2015-07-27,2017-08-28
8612185366539572530,8612185366539572530,,AUS,1,225.0,2017-08-07,2017-08-07
8613830927241071107,8613830927241071107,,NLD,1,454.75,2016-06-21,2016-06-21
8616733308582894711,8616733308582894711,,BRA,4,1728.0,2016-09-19,2016-09-19
8618257008007714127,8618257008007714127,,NLD,78,24286.56,2016-01-16,2017-08-12
8618617792291371695,8618617792291371695,,PRT,12,963.0,2017-04-20,2017-05-22
8620190922757085799,8620190922757085799,,ARG,1,81.0,2016-02-19,2016-02-19
8620308419784096797,8620308419784096797,,IRL,1,252.5,2017-03-20,2017-03-20
8621747879832664325,8621747879832664325,,PRT,2,440.0,2017-05-10,2017-05-10
8621793613386808167,8621793613386808167,,PRT,1,39.5,2016-05-02,2016-05-02
8624516518651604148,8624516518651604148,,GBR,69,21605.54,2015-07-29,2017-08-18
8626138343253201105,8626138343253201105,,IRL,2,683.01,2016-03-16,2017-05-27
8627761778324161976,8627761778324161976,,PRT,1,38.0,2016-01-15,2016-01-15
8630028152522411981,8630028152522411981,,ITA,1,327.0,2016-01-02,2016-01-02
8630032830088800407,8630032830088800407,,ESP,1,1040.0,2015-08-20,2015-08-20
8633699352257997246,8633699352257997246,,PRT,1,312.0,2016-04-09,2016-04-09
8634028577849385810,8634028577849385810,,PRT,1,76.5,2016-10-12,2016-10-12
8634277503508456836,8634277503508456836,,GBR,1,150.0,2016-11-13,2016-11-13
8637697423374939720,8637697423374939720,,AUS,36,17576.56,2015-07-13,2017-08-20
8638312855416764060,8638312855416764060,,FRA,1,332.90999999999997,2016-10-28,2016-10-28
8641822986104199517,8641822986104199517,,PRT,512,59196.0,2015-08-18,2017-08-31
8642870061079334742,8642870061079334742,,CHE,46,16410.12,2015-10-12,2017-07-17
8643488810572730859,8643488810572730859,,PRT,2,861.0,2015-10-26,2016-05-26
8645037557168343603,8645037557168343603,,PRT,1,84.0,2016-03-13,2016-03-13
8646835773146847523,8646835773146847523,,PRT,1,30.0,2016-01-14,2016-01-14
8647557739694487422,8647557739694487422,,TUR,2,442.26,2016-08-22,2016-10-28
8649577249431151334,8649577249431151334,,NLD,4,2288.0,2016-02-10,2016-11-18
8649608394550417047,8649608394550417047,,PRT,5,334.0,2017-04-24,2017-05-07
8651974778775838031,8651974778775838031,,DNK,1,190.0,2017-05-15,2017-05-15
8654367510446489444,8654367510446489444,,MAR,1,136.0,2016-12-20,2016-12-20
8656993284979543166,8656993284979543166,,PRT,7,920.0,2015-10-13,2015-10-15
8657061611108598994,8657061611108598994,,AUT,48,28545.29,2015-07-28,2017-08-31
8658160621030646306,8658160621030646306,,PRT,3,943.6800000000001,2015-08-20,2017-08-21
8658759335606087955,8658759335606087955,,PRT,2679,812838.23,2015-07-01,2017-08-31
8659410378941478373,8659410378941478373,,PRT,71,7382.11,2015-08-20,2017-07-13
8659601691370155757,8659601691370155757,,PRT,1,50.0,2015-12-09,2015-12-09
8661890494218460845,8661890494218460845,,ESP,117,41501.77,2015-08-05,2015-12-31
8663649995172110362,8663649995172110362,,RUS,7,3716.52,2016-03-14,2017-08-03
8664725604274923541,8664725604274923541,,GBR,1,120.0,2017-03-15,2017-03-15
8667289445305809275,8667289445305809275,,BRA,2,124.0,2017-05-04,2017-05-04
8670504765216840909,8670504765216840909,,TUR,1,97.0,2016-03-08,2016-03-08
8671254049076128441,8671254049076128441,,DZA,2,591.5999999999999,2015-11-07,2015-11-07
8673784951713128944,8673784951713128944,,PRT,121,50173.92,2016-08-13,2017-08-28
8677728977010582054,8677728977010582054,,SVN,16,8010.509999999999,2016-08-16,2017-06-27
8679858736950455818,8679858736950455818,,PRT,2,0.0,2015-09-10,2015-09-10
8680722498149441491,8680722498149441491,,ZWE,1,197.49,2017-02-24,2017-02-24
8685168340428529553,8685168340428529553,,AUS,1,595.0,2016-09-04,2016-09-04
8685360899590280777,8685360899590280777,,CHN,1,184.45,2015-08-13,2015-08-13
8685957226286598002,8685957226286598002,,ARG,1,144.32,2017-03-16,2017-03-16
8687952052379333921,8687952052379333921,,ESP,9,1594.2,2016-03-24,2016-03-24
8688308196084225076,8688308196084225076,,LUX,134,56636.1,2015-10-16,2017-08-31
8688521541427674087,8688521541427674087,,PRT,1,1137.99,2017-06-26,2017-06-26
8688671727180561887,8688671727180561887,,SVN,1,330.0,2016-06-06,2016-06-06
8692925176164181142,8692925176164181142,,FIN,4,986.91,2015-11-16,2016-03-26
8693729627177559188,8693729627177559188,,PRT,1,126.0,2017-02-21,2017-02-21
8694796154354421776,8694796154354421776,,SWE,1,360.0,2017-05-02,2017-05-02
8699188116833861196,8699188116833861196,,IRL,1,80.0,2017-03-20,2017-03-20
8701081685094522229,8701081685094522229,,NLD,1,99.0,2017-04-21,2017-04-21
8701767710035333888,8701767710035333888,,PRT,1,152.0,2015-09-10,2015-09-10
8706277456041934804,8706277456041934804,,NOR,34,12783.56,2015-09-04,2017-08-09
8706794954856620616,8706794954856620616,,GRC,1,608.0,2015-11-07,2015-11-07
8707591302202856009,8707591302202856009,,GBR,4,350.0,2016-05-11,2016-05-15
8709077888240741130,8709077888240741130,,MOZ,1,363.8,2016-08-16,2016-08-16
8713747923521992823,8713747923521992823,,TWN,1,174.0,2015-12-17,2015-12-17
8714930917355510965,8714930917355510965,,PRT,1,35.0,2017-01-25,2017-01-25
8716307056990501480,8716307056990501480,,ESP,9,4656.280000000001,2015-07-13,2015-10-19
8717424855718305191,8717424855718305191,,CHE,3,684.12,2015-10-19,2016-08-09
8723529509115080459,8723529509115080459,,NOR,1,945.0,2017-02-15,2017-02-15
8723849255108461326,8723849255108461326,,ESP,11,1620.0,2015-12-15,2017-06-27
8725039250187114342,8725039250187114342,,CRI,1,220.0,2016-05-24,2016-05-24
8725860791651523844,8725860791651523844,,FRA,4,1604.0,2015-08-10,2015-08-10
8726029453673888438,8726029453673888438,,FRA,1,553.0,2015-10-12,2015-10-12
8726664406118512797,8726664406118512797,,BEL,1,292.0,2016-07-27,2016-07-27
8728583904228726513,8728583904228726513,,RUS,3,720.0,2016-09-10,2017-03-07
8731328921504718459,8731328921504718459,,IRL,26,9488.48,2015-09-29,2017-07-06
8731433162704031610,8731433162704031610,,SUR,1,297.0,2017-04-01,2017-04-01
8731665432451216024,8731665432451216024,,UNK,1,35.0,2017-01-25,2017-01-25
8732700316911474251,8732700316911474251,,BGR,3,1498.0,2017-02-06,2017-08-27
8733488894024936747,8733488894024936747,,NOR,3,2430.0,2017-04-13,2017-04-13
8733630267685272879,8733630267685272879,,PRT,53,19224.66,2016-04-07,2017-08-08
8735468342336921742,8735468342336921742,,LBN,1,96.3,2015-10-23,2015-10-23
8736789913859959181,8736789913859959181,,PRT,1,327.0,2015-09-14,2015-09-14
8736900390395379056,8736900390395379056,,DEU,3,525.0,2016-11-21,2016-11-21
8739449055296022592,8739449055296022592,,PRT,12,1394.0,2016-10-26,2017-06-29
8743288491216115054,8743288491216115054,,TUN,1,280.0,2015-11-23,2015-11-23
8743428413877064507,8743428413877064507,,SRB,19,4165.0,2016-05-23,2016-06-24
8745627527840276591,8745627527840276591,,PRT,1,35.0,2016-11-16,2016-11-16
8745716630602140927,8745716630602140927,,CPV,3,407.0,2017-04-07,2017-05-29
8745728125465153129,8745728125465153129,,ESP,1,99.0,2016-09-26,2016-09-26
8746207373859865281,8746207373859865281,,PRT,32,3579.6,2015-12-29,2017-08-20
8748348918174976278,8748348918174976278,,POL,1,0.0,2016-07-07,2016-07-07
8748884866352979775,8748884866352979775,,ITA,4,821.6999999999999,2017-02-19,2017-08-22
8749821067817552282,8749821067817552282,,FRA,3,170.0,2015-10-16,2015-10-22
8751109251560589538,8751109251560589538,,USA,2,427.22,2016-10-31,2017-01-31
8754315007905573377,8754315007905573377,,PAK,8,4563.38,2016-03-05,2017-01-04
8757459793148100766,8757459793148100766,,DEU,1,300.0,2016-03-26,2016-03-26
8757622786360648425,8757622786360648425,,GBR,3,1610.08,2016-04-18,2016-04-18
8758906360963680060,8758906360963680060,,NGA,1,379.20000000000005,2017-02-13,2017-02-13
8761012362565212067,8761012362565212067,,PRT,10,2200.0,2015-11-27,2017-06-02
8761693003614852298,8761693003614852298,,RUS,1,1146.6000000000001,2016-08-30,2016-08-30
8762112417037882880,8762112417037882880,,PRT,10,2513.0,2015-07-11,2015-08-22
8762549490247435106,8762549490247435106,,MUS,1,161.91,2016-02-04,2016-02-04
8763248506677471485,8763248506677471485,,PRT,14,3903.4,2015-10-09,2017-06-12
8767560777208314350,8767560777208314350,,LCA,1,403.75,2016-10-09,2016-10-09
8767643090674928226,8767643090674928226,,PRT,4,773.0,2016-04-22,2016-04-22
8767778150149255086,8767778150149255086,,MLI,1,89.0,2016-04-16,2016-04-16
8768656316861177284,8768656316861177284,,CUB,2,318.0,2016-01-02,2017-05-28
8770317319018140203,8770317319018140203,,UNK,13,614.0,2015-10-14,2017-03-30
8771115776304039233,8771115776304039233,,ISR,4,957.0,2017-05-29,2017-06-18
8772674754423206979,8772674754423206979,,PRT,12,4270.0,2016-04-22,2016-04-29
8772827856771311498,8772827856771311498,,PRT,1,116.45,2016-06-28,2016-06-28
8776146697421972588,8776146697421972588,,NLD,10,5904.98,2015-09-11,2017-07-16
8778450506524434912,8778450506524434912,,IRL,2,406.65,2016-03-09,2016-03-09
8778709760524080271,8778709760524080271,,PRT,9,762.4,2015-10-30,2016-02-19
8778831580065610016,8778831580065610016,,PRT,1,168.0,2016-08-13,2016-08-13
8780733874187996967,8780733874187996967,,PRT,2,190.0,2017-05-09,2017-05-09
8781390799148972708,8781390799148972708,,PRT,66,18655.52,2015-07-03,2016-08-23
8781952564048801351,8781952564048801351,,NLD,1,96.0,2016-01-02,2016-01-02
8783745463220777862,8783745463220777862,,ITA,2,0.0,2016-08-29,2016-08-29
8784085018500696633,8784085018500696633,,PRT,1,168.0,2015-10-22,2015-10-22
8784445916828866258,8784445916828866258,,GBR,1,132.0,2017-01-02,2017-01-02
8786974270384912713,8786974270384912713,,PRT,1,162.0,2015-12-05,2015-12-05
8788266324608579204,8788266324608579204,,DEU,23,20862.37,2016-04-05,2017-08-23
8788822115335622600,8788822115335622600,,GRC,1,752.75,2017-06-10,2017-06-10
8790264436053710719,8790264436053710719,,PRT,10,3792.7,2016-03-01,2017-08-09
8794845310196462388,8794845310196462388,,NLD,1,120.0,2016-06-10,2016-06-10
8795924592298307396,8795924592298307396,,DEU,2,320.0,2017-04-09,2017-04-09
8798316752577200709,8798316752577200709,,PRT,1,525.0,2017-02-05,2017-02-05
8799415387300132089,8799415387300132089,,ROU,1,95.0,2017-06-07,2017-06-07
8799897522207176494,8799897522207176494,,POL,12,5581.8,2015-07-15,2017-08-15
8800958593808008100,8800958593808008100,,UNK,5,197.0,2015-12-10,2016-04-26
8801302044400740837,8801302044400740837,,ESP,6,1757.84,2015-08-10,2017-06-02
8801325888976303532,8801325888976303532,,PRT,1,1820.0,2016-01-05,2016-01-05
8802234196984370954,8802234196984370954,,DEU,1,168.0,2017-05-02,2017-05-02
8806203431340797578,8806203431340797578,,CHE,1,220.0,2016-06-06,2016-06-06
8807753816966718371,8807753816966718371,,IND,1,81.0,2017-03-24,2017-03-24
8807857705540815130,8807857705540815130,,MOZ,3,988.0,2016-02-27,2016-02-27
8810003219122344122,8810003219122344122,,MLT,1,225.0,2016-11-21,2016-11-21
8810152708555645300,8810152708555645300,,PRT,21,1654.5,2015-11-09,2017-06-01
8815598011326815402,8815598011326815402,,GBR,1,75.0,2015-07-01,2015-07-01
8816961390483678205,8816961390483678205,,BEL,51,15991.23,2015-09-13,2017-08-23
8820297747678343703,8820297747678343703,,PRT,2,72.0,2016-02-24,2016-03-30
8820862400194873695,8820862400194873695,,PRT,2,135.0,2016-05-03,2016-11-15
8822251688947105301,8822251688947105301,,BRA,4,774.09,2016-06-19,2017-06-06
8826253719219985927,8826253719219985927,,CHE,2,366.0,2015-11-17,2016-02-07
8827268726165430167,8827268726165430167,,GBR,1,95.0,2016-10-26,2016-10-26
8828551199700121771,8828551199700121771,,GBR,20,9065.54,2016-09-26,2016-12-02
8829556868998749629,8829556868998749629,,ESP,1,595.0,2015-08-31,2015-08-31
8831560059165610996,8831560059165610996,,PRT,8,3928.7999999999997,2016-11-13,2017-08-06
8833581487863496391,8833581487863496391,,SWE,1,211.67999999999998,2016-11-19,2016-11-19
8835157651865698867,8835157651865698867,,USA,1,600.0,2015-07-07,2015-07-07
8835922472489708658,8835922472489708658,,GBR,1,665.0,2016-09-03,2016-09-03
8836147278552871571,8836147278552871571,,CZE,1,630.0,2017-04-16,2017-04-16
8837060779644723587,8837060779644723587,,VGB,1,301.5,2016-08-05,2016-08-05
8838663851196931447,8838663851196931447,,ITA,1,915.36,2017-08-23,2017-08-23
8839528564060586689,8839528564060586689,,PRT,1,70.2,2016-10-31,2016-10-31
8842753532027217393,8842753532027217393,,SGP,5,871.81,2016-11-09,2017-01-16
8842982062543656065,8842982062543656065,,PRT,1,33.0,2016-03-09,2016-03-09
8845650054184816837,8845650054184816837,,PRT,1,70.0,2017-01-10,2017-01-10
8850596343320722764,8850596343320722764,,NLD,1,439.91999999999996,2016-04-18,2016-04-18
8852856869269840505,8852856869269840505,,ESP,1,477.0,2016-10-10,2016-10-10
8853478251827522436,8853478251827522436,,ROU,3,893.0,2016-06-19,2016-10-09
8855541019446694613,8855541019446694613,,ISR,15,3909.2,2016-04-18,2017-08-02
8855541255051172817,8855541255051172817,,ITA,1,210.0,2015-08-10,2015-08-10
8860893899757876408,8860893899757876408,,NOR,1,225.0,2016-02-12,2016-02-12
8864273309463356080,8864273309463356080,,GLP,1,420.0,2016-12-19,2016-12-19
8866741047483133617,8866741047483133617,,FIN,5,1572.0,2016-03-09,2017-06-30
8869251858706676984,8869251858706676984,,BLR,1,656.74,2017-03-21,2017-03-21
8870716601268993809,8870716601268993809,,GBR,1,412.0,2016-08-21,2016-08-21
8872281168688919339,8872281168688919339,,PRT,3,560.0,2015-09-09,2015-09-09
8875721676174941794,8875721676174941794,,GRC,1,150.0,2017-02-10,2017-02-10
8876790839574517743,8876790839574517743,,PRT,22,5649.57,2015-08-03,2017-07-08
8877548901691258098,8877548901691258098,,PRT,4,305.0,2016-03-30,2017-06-20
8881798593929790026,8881798593929790026,,IRL,6,2402.71,2015-09-12,2016-06-08
8882366348978185421,8882366348978185421,,PRT,40,15480.45,2015-09-04,2017-08-16
8887477116848522097,8887477116848522097,,LVA,1,721.8,2016-07-19,2016-07-19
8887961934870113586,8887961934870113586,,PRT,6,1274.31,2015-09-04,2016-04-23
8890158779609132593,8890158779609132593,,FIN,1,315.0,2016-02-06,2016-02-06
8890270635077462245,8890270635077462245,,ISR,2,309.21000000000004,2016-06-29,2017-05-06
8893328649552340893,8893328649552340893,,PRT,11,836.0,2015-11-17,2017-08-18
8894826425833112629,8894826425833112629,,GBR,3,350.7,2016-06-27,2017-02-20
8895095095202725242,8895095095202725242,,ITA,2,482.6,2016-05-24,2017-01-06
8895870453074462322,8895870453074462322,,PRT,2,284.0,2015-08-18,2015-08-18
8896689154276641976,8896689154276641976,,PRT,1,73.0,2016-07-11,2016-07-11
8899802831553733934,8899802831553733934,,PRT,3,229.5,2016-06-28,2017-04-06
8908436268884951690,8908436268884951690,,FIN,1,500.0,2017-08-21,2017-08-21
8911576408827672800,8911576408827672800,,PRT,10,932.0,2016-01-18,2017-05-16
8914157759275391592,8914157759275391592,,JPN,1,174.0,2016-03-25,2016-03-25
8916181992515844548,8916181992515844548,,CHE,3,877.4,2017-05-04,2017-08-27
8920181718335050405,8920181718335050405,,PRT,1,0.0,2016-11-09,2016-11-09
8921572128511665283,8921572128511665283,,NOR,8,8811.11,2016-06-11,2016-07-30
8922155586596100979,8922155586596100979,,CYP,1,340.34999999999997,2017-01-06,2017-01-06
8922852190809688402,8922852190809688402,,PRT,1,357.0,2017-04-10,2017-04-10
8925679344960058487,8925679344960058487,,PRT,5,967.3199999999999,2015-11-02,2017-05-05
8927489180298427861,8927489180298427861,,USA,14,5617.99,2016-06-20,2017-06-20
8928858642059749416,8928858642059749416,,IRL,75,46794.59,2015-07-14,2017-08-25
8929269213427564411,8929269213427564411,,PRT,1,42.0,2017-03-20,2017-03-20
8929946686459736505,8929946686459736505,,PRT,1,1078.0,2015-07-23,2015-07-23
8933272281092085320,8933272281092085320,,TUR,1,255.0,2017-01-21,2017-01-21
8933711721585945118,8933711721585945118,,PRT,1,169.0,2016-09-21,2016-09-21
8935722636057045580,8935722636057045580,,PRT,2,399.9,2016-03-01,2016-12-03
8936556584562536898,8936556584562536898,,NLD,1,923.79,2015-10-22,2015-10-22
8939238976493681731,8939238976493681731,,ESP,2,1573.04,2015-07-29,2015-07-29
8939429449900302151,8939429449900302151,,KOR,1,172.0,2016-02-05,2016-02-05
8945012767165441344,8945012767165441344,,PRT,3,113.0,2016-12-17,2016-12-17
8946121260474899844,8946121260474899844,,ITA,1,123.0,2015-10-20,2015-10-20
8947822228033694378,8947822228033694378,,DEU,3,1488.0,2017-04-19,2017-04-19
8949151013174188844,8949151013174188844,,NLD,2,256.0,2016-05-06,2016-09-02
8950602067701541225,8950602067701541225,,GBR,8,2387.36,2016-09-20,2017-07-16
8951080520510149720,8951080520510149720,,PRT,25,27860.71,2015-08-16,2017-08-20
8952750810029261480,8952750810029261480,,GBR,14,4414.35,2015-11-24,2017-07-16
8956576734796507102,8956576734796507102,,ESP,3,266.0,2015-09-08,2016-01-14
8957877184053783496,8957877184053783496,,IRL,1,520.0,2015-09-28,2015-09-28
8958468101390019053,8958468101390019053,,PRT,2,600.0,2017-05-04,2017-05-04
8961252539515127780,8961252539515127780,,IRN,1,446.3,2017-03-17,2017-03-17
8964672395929541006,8964672395929541006,,PRT,34,28715.14,2015-07-11,2017-08-19
8968244393385515071,8968244393385515071,,FIN,1,316.0,2016-03-01,2016-03-01
8969696816980704791,8969696816980704791,,PRT,2,175.0,2017-02-06,2017-02-20
8970576080587279302,8970576080587279302,,PRT,2,65.0,2016-03-15,2017-01-19
8970612435959849077,8970612435959849077,,PRT,1,158.0,2016-06-27,2016-06-27
8970633941280716047,8970633941280716047,,NLD,25,8452.79,2015-09-03,2017-07-19
8971214714604664278,8971214714604664278,,AUT,12,2636.6,2015-10-16,2017-08-25
8971529294161857607,8971529294161857607,,BRA,1,24.0,2016-11-07,2016-11-07
8972428030670657058,8972428030670657058,,GBR,12,4351.84,2016-04-11,2016-12-27
8975109461174569103,8975109461174569103,,UKR,3,350.0,2015-11-25,2016-01-05
8977643855714029816,8977643855714029816,,GBR,13,8096.57,2015-11-24,2016-08-09
8979555100214363345,8979555100214363345,,ESP,3,755.0,2016-10-26,2017-03-31
8983302599075663105,8983302599075663105,,PRT,1,38.0,2016-11-29,2016-11-29
8985908733381182331,8985908733381182331,,IRL,2,1590.5500000000002,2015-08-24,2015-09-19
8986714497812696142,8986714497812696142,,ROU,2,395.0,2016-11-21,2016-11-21
8987467940979211008,8987467940979211008,,FRA,1,145.0,2015-10-21,2015-10-21
8987677896853544202,8987677896853544202,,ITA,1,175.0,2017-05-04,2017-05-04
8987739369160108478,8987739369160108478,,PRT,3,900.0,2017-04-26,2017-05-08
8987932157233971838,8987932157233971838,,DNK,10,4855.719999999999,2015-08-11,2017-07-15
8988928988853909426,8988928988853909426,,ITA,2,787.0,2016-09-10,2016-11-13
8989587348781318088,8989587348781318088,,SWE,9,7409.9400000000005,2015-10-31,2017-08-09
8991996400690392008,8991996400690392008,,IRL,2,400.0,2016-04-20,2016-11-17
8994494424565163830,8994494424565163830,,FIN,1,1020.0,2015-09-25,2015-09-25
8998315324287136950,8998315324287136950,,PRT,2,380.0,2015-09-20,2015-09-20
9000191176997988021,9000191176997988021,,MAR,4,1266.5,2015-08-10,2016-08-06
9001862189969581369,9001862189969581369,,PRT,5,1330.01,2017-07-20,2017-08-31
9005007451322240939,9005007451322240939,,DEU,1,180.0,2016-10-09,2016-10-09
9010148371509938866,9010148371509938866,,DEU,1,503.75,2016-10-16,2016-10-16
9010160415026718556,9010160415026718556,,DMA,1,421.2,2016-08-01,2016-08-01
9010177225159966948,9010177225159966948,,PRT,3,276.0,2015-11-12,2015-11-12
9011018266393877358,9011018266393877358,,PER,1,150.0,2017-06-18,2017-06-18
9011546862225035479,9011546862225035479,,SAU,1,342.0,2016-06-01,2016-06-01
9012822008696702891,9012822008696702891,,PRT,1,126.0,2016-07-14,2016-07-14
9012861569256210655,9012861569256210655,,PRT,105,0.0,2015-08-25,2017-08-23
9013597188153166199,9013597188153166199,,FRA,1,0.0,2015-11-03,2015-11-03
9014702028523948851,9014702028523948851,,PRT,1,74.0,2016-04-19,2016-04-19
9014803951399999081,9014803951399999081,,IRL,3,2080.0,2017-03-11,2017-03-11
9014959193599372117,9014959193599372117,,BRA,3,802.0,2015-09-25,2017-01-22
9018126518216996703,9018126518216996703,,GBR,1,302.8,2015-12-05,2015-12-05
9019176409607361919,9019176409607361919,,USA,4,1200.0,2016-10-09,2016-10-10
9019182290584025419,9019182290584025419,,ESP,2,169.0,2017-02-02,2017-02-03
9019944977625637749,9019944977625637749,,UNK,4,410.0,2015-09-04,2015-12-09
9021417695247956780,9021417695247956780,,BRA,7,2231.5,2015-11-04,2017-03-07
9021913869552179084,9021913869552179084,,OMN,1,331.0,2016-04-13,2016-04-13
9022702031642032219,9022702031642032219,,ITA,1,1071.21,2016-10-04,2016-10-04
9023370612711570814,9023370612711570814,,HUN,1,368.0,2016-12-26,2016-12-26
9023565317999182120,9023565317999182120,,PRT,3,170.0,2016-11-19,2017-03-11
9024889252374627699,9024889252374627699,,FRA,3,967.1200000000001,2016-10-21,2017-01-03
9027044629975965055,9027044629975965055,,ITA,1,0.0,2015-08-11,2015-08-11
9027196389970953409,9027196389970953409,,PRT,3,304.0,2015-11-16,2017-07-11
9027794149100922857,9027794149100922857,,FRA,1,578.9399999999999,2015-07-04,2015-07-04
9030387852096941953,9030387852096941953,,SWE,2,1179.9,2015-09-05,2017-05-13
9031841955877778860,9031841955877778860,,IRL,11,2942.68,2015-09-29,2016-06-01
9034177354335050752,9034177354335050752,,IRL,1,29.0,2016-02-10,2016-02-10
9034972058431321986,9034972058431321986,,PRT,4,266.9,2016-07-12,2016-12-22
9035014292866555105,9035014292866555105,,NLD,1,93.0,2016-05-16,2016-05-16
9035179419276513267,9035179419276513267,,FIN,1,142.2,2017-07-09,2017-07-09
9035218991797414803,9035218991797414803,,PRT,1,0.0,2017-05-08,2017-05-08
9036100785404253722,9036100785404253722,,MYS,1,307.36,2015-10-21,2015-10-21
9036411322333201752,9036411322333201752,,FRA,1,1045.0,2016-04-11,2016-04-11
9046069796849323767,9046069796849323767,,PRT,4,1734.85,2016-07-20,2016-08-21
9047480220275967289,9047480220275967289,,PRT,10,4322.37,2015-08-28,2016-09-04
9051834418813559476,9051834418813559476,,NGA,1,477.0,2015-12-16,2015-12-16
9052995578954299180,9052995578954299180,,ITA,2,660.0,2016-06-06,2016-06-06
9053841396682459345,9053841396682459345,,BLR,1,30.5,2015-11-20,2015-11-20
9055378693547707891,9055378693547707891,,POL,12,2588.0,2016-06-22,2016-11-30
9056754056440386061,9056754056440386061,,ESP,2,608.54,2017-01-18,2017-08-21
9064354069402849435,9064354069402849435,,PRT,1,200.0,2015-10-02,2015-10-02
9065828548733954137,9065828548733954137,,MAR,2,316.2,2016-11-18,2017-01-29
9069842850994020651,9069842850994020651,,GBR,12,3132.0,2017-02-13,2017-02-13
9070856075060744095,9070856075060744095,,GBR,2,240.0,2017-07-11,2017-07-11
9070924206840043222,9070924206840043222,,FRA,17,3441.6099999999997,2015-08-10,2017-08-02
9071184067825920037,9071184067825920037,,PRT,1,229.5,2016-07-26,2016-07-26
9072221716001075969,9072221716001075969,,BEL,15,4218.59,2016-04-28,2017-08-15
9073394211962016377,9073394211962016377,,DEU,9,3276.9,2016-02-21,2016-11-05
9074979513667200096,9074979513667200096,,PRT,5,366.0,2016-02-29,2016-05-12
9077245254860608674,9077245254860608674,,ITA,2,820.0,2017-05-29,2017-05-29
9078596815425171016,9078596815425171016,,BRA,1,402.0,2015-07-31,2015-07-31
9079440124123633573,9079440124123633573,,BEL,1,62.0,2017-04-16,2017-04-16
9081091687815614173,9081091687815614173,,CZE,1,440.0,2016-06-06,2016-06-06
9082478430095310766,9082478430095310766,,UNK,3,495.0,2015-09-03,2015-12-01
9083528398227781554,9083528398227781554,,AUT,3,1152.0,2017-05-29,2017-07-10
9084523842988876177,9084523842988876177,,GRC,1,151.2,2015-10-25,2015-10-25
9085053115811354442,9085053115811354442,,NLD,1,454.75,2015-07-31,2015-07-31
9085723188693540170,9085723188693540170,,NLD,39,15095.58,2015-08-17,2015-12-13
9085982840295762040,9085982840295762040,,NLD,10,2609.2,2016-04-23,2017-07-30
9088052496530647750,9088052496530647750,,MAC,1,120.0,2017-06-02,2017-06-02
9091718596930846939,9091718596930846939,,CZE,1,280.0,2015-11-23,2015-11-23
9092495973305788238,9092495973305788238,,BRA,1,110.0,2016-06-08,2016-06-08
9093270927573316821,9093270927573316821,,JAM,1,347.97,2016-02-22,2016-02-22
9094282555777999570,9094282555777999570,,IRL,1,236.4,2016-01-21,2016-01-21
9099316197796799438,9099316197796799438,,DEU,3,1267.3000000000002,2016-11-09,2017-05-10
9099649898264202389,9099649898264202389,,ITA,1,109.0,2015-09-30,2015-09-30
9099882432091873970,9099882432091873970,,CHN,3,700.0,2016-05-29,2017-03-06
9101061415553567312,9101061415553567312,,DEU,2374,1004217.77,2015-08-11,2017-08-31
9101102708568287569,9101102708568287569,,PRT,6,2602.83,2015-07-17,2016-08-27
9101851684259390041,9101851684259390041,,AUS,1,144.0,2017-06-21,2017-06-21
9102061453373686633,9102061453373686633,,IRN,1,78.0,2016-12-16,2016-12-16
9103268884901270134,9103268884901270134,,PRT,1,95.0,2016-06-15,2016-06-15
9103643197652812705,9103643197652812705,,PRT,1,4.0,2016-08-31,2016-08-31
9104358328260928851,9104358328260928851,,PRT,9,605.0,2015-09-26,2015-10-21
9104722501977490100,9104722501977490100,,IRL,1,218.0,2017-04-30,2017-04-30
9105144379585477745,9105144379585477745,,GBR,1,120.0,2016-09-30,2016-09-30
9105509921444028182,9105509921444028182,,BRA,1,130.0,2017-01-31,2017-01-31
9106324203689452096,9106324203689452096,,PRT,1,252.0,2016-04-09,2016-04-09
9106917496394089486,9106917496394089486,,FRA,4,4962.4,2016-04-16,2016-08-02
9107049325188795509,9107049325188795509,,ESP,6,1612.8,2016-01-04,2016-12-03
9107106648839598754,9107106648839598754,,PRT,8,796.0,2016-04-18,2017-07-11
9109840157817845372,9109840157817845372,,PRT,5,347.0,2016-04-20,2017-02-20
9111135669148864385,9111135669148864385,,JAM,1,648.0,2017-04-04,2017-04-04
9111945991604591132,9111945991604591132,,PRT,5,173.0,2016-12-16,2017-02-14
9112068923652975489,9112068923652975489,,NLD,1,210.0,2016-02-21,2016-02-21
9114433586255174277,9114433586255174277,,NOR,1,501.5,2017-06-30,2017-06-30
9115957666771933658,9115957666771933658,,IRL,1,0.0,2017-05-10,2017-05-10
9119969894059060048,9119969894059060048,,PRT,2,70.0,2017-01-25,2017-01-25
9120401104747111062,9120401104747111062,,NLD,1,369.0,2016-03-23,2016-03-23
9120468392460326906,9120468392460326906,,SYR,1,108.0,2016-03-29,2016-03-29
9123080009053802759,9123080009053802759,,POL,2,350.0,2015-11-23,2015-11-23
9123121993997943511,9123121993997943511,,PRT,1,65.0,2016-03-02,2016-03-02
9125563139179060495,9125563139179060495,,USA,4,2052.0,2016-09-12,2016-09-13
9127767509804193874,9127767509804193874,,PRT,6,713.0,2015-10-19,2016-05-28
9133424868986444252,9133424868986444252,,SWE,2,712.8,2017-04-23,2017-04-23
9135471139349679835,9135471139349679835,,ESP,1,1375.78,2015-07-03,2015-07-03
9135862656443232599,9135862656443232599,,ARM,1,251.7,2017-07-07,2017-07-07
9137083401664221506,9137083401664221506,,GBR,1,767.5500000000001,2017-07-04,2017-07-04
9137580362021651690,9137580362021651690,,PRT,1,96.3,2017-06-02,2017-06-02
9137906066954938454,9137906066954938454,,PRT,2,160.0,2015-10-07,2016-11-24
9139169221543316471,9139169221543316471,,PRT,1,184.0,2017-08-17,2017-08-17
9141349425633713166,9141349425633713166,,PRT,1,0.0,2016-12-05,2016-12-05
9141843403352228725,9141843403352228725,,SVN,1,0.0,2016-11-26,2016-11-26
9143617979788242557,9143617979788242557,,DNK,1,120.0,2017-08-03,2017-08-03
9144789691803906550,9144789691803906550,,DEU,2,720.0,2017-03-14,2017-03-19
9146217629466159516,9146217629466159516,,UNK,1,30.0,2016-01-14,2016-01-14
9149688774272118760,9149688774272118760,,ARG,2,1025.65,2016-02-24,2017-08-04
9155528792707358525,9155528792707358525,,BGR,2,630.0,2015-10-20,2016-03-13
9155617816816168644,9155617816816168644,,KWT,1,300.0,2015-11-23,2015-11-23
9155871333998877525,9155871333998877525,,HUN,1,456.0,2015-09-21,2015-09-21
9157644128151519636,9157644128151519636,,COL,1,261.0,2016-02-28,2016-02-28
9159100630052512824,9159100630052512824,,BEL,4,1561.99,2017-01-06,2017-07-30
9159971835659601235,9159971835659601235,,DEU,1,880.0,2016-05-29,2016-05-29
9160681090914119714,9160681090914119714,,ITA,1,95.0,2016-10-17,2016-10-17
9161102749263311172,9161102749263311172,,AGO,1,450.0,2017-04-10,2017-04-10
9161874727778158718,9161874727778158718,,ROU,1,929.2,2017-08-12,2017-08-12
9165082039307551543,9165082039307551543,,MEX,2,1020.06,2015-12-02,2016-11-07
9165807782213827454,9165807782213827454,,SWE,1,302.4,2016-10-05,2016-10-05
9166156496236052598,9166156496236052598,,TUR,6,1260.62,2015-09-04,2015-11-25
9166802110146595150,9166802110146595150,,CHN,1,142.56,2016-12-31,2016-12-31
9170411490461906942,9170411490461906942,,POL,1,195.0,2017-01-18,2017-01-18
9172755405692312762,9172755405692312762,,NZL,1,438.99,2016-08-19,2016-08-19
9173084913801722910,9173084913801722910,,NOR,1,369.12,2016-03-20,2016-03-20
9175144600741995514,9175144600741995514,,ARG,11,2416.09,2016-04-09,2017-07-02
9177242932308194940,9177242932308194940,,PRT,3,65.0,2015-08-12,2017-03-15
9177351762687980537,9177351762687980537,,IRL,1,230.4,2015-07-31,2015-07-31
9178625580571379312,9178625580571379312,,MUS,4,1308.6,2015-12-24,2017-03-29
9178669795986825683,9178669795986825683,,BEL,60,20652.82,2015-07-20,2017-08-11
9179036825863777593,9179036825863777593,,CHE,1,78.0,2017-01-08,2017-01-08
9180221324780364694,9180221324780364694,,MEX,1,69.6,2015-12-14,2015-12-14
9180553657692296075,9180553657692296075,,NOR,2,1685.32,2015-08-03,2015-08-03
9182058214913763041,9182058214913763041,,PRT,2,845.0,2017-05-18,2017-05-19
9184842092210134770,9184842092210134770,,CHN,1,478.5,2016-11-20,2016-11-20
9189242419645331888,9189242419645331888,,PRT,1,257.01,2016-03-13,2016-03-13
9192412796861575671,9192412796861575671,,POL,1,420.0,2017-01-19,2017-01-19
9192788969317940474,9192788969317940474,,ESP,343,210436.75,2015-07-02,2017-08-31
9203047193734052416,9203047193734052416,,GBR,25,8319.19,2015-09-15,2017-08-26
9205448431768316991,9205448431768316991,,PRT,3,303.0,2016-09-30,2016-09-30
9207600599585246784,9207600599585246784,,GBR,12,11385.04,2017-04-29,2017-08-30
9210524323546175608,9210524323546175608,,ISR,1,266.0,2015-09-20,2015-09-20
9211592037252818793,9211592037252818793,,PRT,1,0.0,2016-05-19,2016-05-19
9216038486180494631,9216038486180494631,,ESP,1,517.65,2016-09-10,2016-09-10
